ISO-10303-21;
HEADER;
/* Generated by software containing ST-Developer
 * from STEP Tools, Inc. (www.steptools.com) 
 */
/* OPTION: using custom renumber hook */

FILE_DESCRIPTION(
/* description */ ('STEP AP242 Edition 2',
'CAx-IF Rec.Pracs.---Representation and Presentation of Product Manufa
cturing Information (PMI)---4.0---2014-10-13',
'CAx-IF Rec.Pracs.---3D Tessellated Geometry---0.4---2014-09-14','2;1',
'CAx-IF Rec.Pracs.---User Defined Attributes---1.5---2016-08-15'),
/* implementation_level */ '2;1');

FILE_NAME(
/* name */ 'Custom Hackpad Cover',
/* time_stamp */ '2026-08-06T19:28:17Z',
/* author */ (''),
/* organization */ (''),
/* preprocessor_version */ 'ST-DEVELOPER v20',
/* originating_system */ 'ONSHAPE BY PTC INC, 1.218',
/* authorisation */ '  ');

FILE_SCHEMA (('AP242_MANAGED_MODEL_BASED_3D_ENGINEERING_MIM_LF { 1 0 10303 442 3 1 4 }'));
ENDSEC;

DATA;
#10=SHAPE_REPRESENTATION_RELATIONSHIP('','',#5177,#11);
#11=ADVANCED_BREP_SHAPE_REPRESENTATION('',(#5175),#8899);
#12=B_SPLINE_SURFACE_WITH_KNOTS('',3,1,((#7041,#7042),(#7043,#7044),(#7045,
#7046),(#7047,#7048)),.SURF_OF_LINEAR_EXTRUSION.,.F.,.F.,.F.,(4,4),(2,2),
(0.,1.),(0.,1.),.PIECEWISE_BEZIER_KNOTS.);
#13=B_SPLINE_SURFACE_WITH_KNOTS('',3,1,((#7058,#7059),(#7060,#7061),(#7062,
#7063),(#7064,#7065)),.SURF_OF_LINEAR_EXTRUSION.,.F.,.F.,.F.,(4,4),(2,2),
(0.,1.),(0.,1.),.PIECEWISE_BEZIER_KNOTS.);
#14=B_SPLINE_SURFACE_WITH_KNOTS('',3,1,((#7093,#7094),(#7095,#7096),(#7097,
#7098),(#7099,#7100)),.SURF_OF_LINEAR_EXTRUSION.,.F.,.F.,.F.,(4,4),(2,2),
(0.,1.),(0.,1.),.PIECEWISE_BEZIER_KNOTS.);
#15=B_SPLINE_SURFACE_WITH_KNOTS('',3,1,((#7112,#7113),(#7114,#7115),(#7116,
#7117),(#7118,#7119)),.SURF_OF_LINEAR_EXTRUSION.,.F.,.F.,.F.,(4,4),(2,2),
(0.,1.),(0.,1.),.PIECEWISE_BEZIER_KNOTS.);
#16=B_SPLINE_SURFACE_WITH_KNOTS('',3,1,((#7129,#7130),(#7131,#7132),(#7133,
#7134),(#7135,#7136)),.SURF_OF_LINEAR_EXTRUSION.,.F.,.F.,.F.,(4,4),(2,2),
(0.,1.),(0.,1.),.PIECEWISE_BEZIER_KNOTS.);
#17=B_SPLINE_SURFACE_WITH_KNOTS('',3,1,((#7142,#7143),(#7144,#7145),(#7146,
#7147),(#7148,#7149)),.SURF_OF_LINEAR_EXTRUSION.,.F.,.F.,.F.,(4,4),(2,2),
(0.,1.),(0.,1.),.PIECEWISE_BEZIER_KNOTS.);
#18=B_SPLINE_SURFACE_WITH_KNOTS('',3,1,((#7155,#7156),(#7157,#7158),(#7159,
#7160),(#7161,#7162)),.SURF_OF_LINEAR_EXTRUSION.,.F.,.F.,.F.,(4,4),(2,2),
(0.,1.),(0.,1.),.PIECEWISE_BEZIER_KNOTS.);
#19=B_SPLINE_SURFACE_WITH_KNOTS('',3,1,((#7176,#7177),(#7178,#7179),(#7180,
#7181),(#7182,#7183)),.SURF_OF_LINEAR_EXTRUSION.,.F.,.F.,.F.,(4,4),(2,2),
(0.,1.),(0.,1.),.PIECEWISE_BEZIER_KNOTS.);
#20=B_SPLINE_SURFACE_WITH_KNOTS('',3,1,((#7189,#7190),(#7191,#7192),(#7193,
#7194),(#7195,#7196)),.SURF_OF_LINEAR_EXTRUSION.,.F.,.F.,.F.,(4,4),(2,2),
(0.,1.),(0.,1.),.PIECEWISE_BEZIER_KNOTS.);
#21=B_SPLINE_SURFACE_WITH_KNOTS('',3,1,((#7206,#7207),(#7208,#7209),(#7210,
#7211),(#7212,#7213)),.SURF_OF_LINEAR_EXTRUSION.,.F.,.F.,.F.,(4,4),(2,2),
(0.,1.),(0.,1.),.PIECEWISE_BEZIER_KNOTS.);
#22=B_SPLINE_SURFACE_WITH_KNOTS('',3,1,((#7227,#7228),(#7229,#7230),(#7231,
#7232),(#7233,#7234)),.SURF_OF_LINEAR_EXTRUSION.,.F.,.F.,.F.,(4,4),(2,2),
(0.,1.),(0.,1.),.PIECEWISE_BEZIER_KNOTS.);
#23=B_SPLINE_SURFACE_WITH_KNOTS('',3,1,((#7242,#7243),(#7244,#7245),(#7246,
#7247),(#7248,#7249)),.SURF_OF_LINEAR_EXTRUSION.,.F.,.F.,.F.,(4,4),(2,2),
(0.,1.),(0.,1.),.PIECEWISE_BEZIER_KNOTS.);
#24=B_SPLINE_SURFACE_WITH_KNOTS('',3,1,((#7257,#7258),(#7259,#7260),(#7261,
#7262),(#7263,#7264)),.SURF_OF_LINEAR_EXTRUSION.,.F.,.F.,.F.,(4,4),(2,2),
(0.,1.),(0.,1.),.PIECEWISE_BEZIER_KNOTS.);
#25=B_SPLINE_SURFACE_WITH_KNOTS('',3,1,((#7277,#7278),(#7279,#7280),(#7281,
#7282),(#7283,#7284)),.SURF_OF_LINEAR_EXTRUSION.,.F.,.F.,.F.,(4,4),(2,2),
(0.,1.),(0.,1.),.PIECEWISE_BEZIER_KNOTS.);
#26=B_SPLINE_SURFACE_WITH_KNOTS('',3,1,((#7294,#7295),(#7296,#7297),(#7298,
#7299),(#7300,#7301)),.SURF_OF_LINEAR_EXTRUSION.,.F.,.F.,.F.,(4,4),(2,2),
(0.,1.),(0.,1.),.PIECEWISE_BEZIER_KNOTS.);
#27=B_SPLINE_SURFACE_WITH_KNOTS('',3,1,((#7311,#7312),(#7313,#7314),(#7315,
#7316),(#7317,#7318)),.SURF_OF_LINEAR_EXTRUSION.,.F.,.F.,.F.,(4,4),(2,2),
(0.,1.),(0.,1.),.PIECEWISE_BEZIER_KNOTS.);
#28=B_SPLINE_SURFACE_WITH_KNOTS('',3,1,((#7328,#7329),(#7330,#7331),(#7332,
#7333),(#7334,#7335)),.SURF_OF_LINEAR_EXTRUSION.,.F.,.F.,.F.,(4,4),(2,2),
(0.,1.),(0.,1.),.PIECEWISE_BEZIER_KNOTS.);
#29=B_SPLINE_SURFACE_WITH_KNOTS('',3,1,((#7345,#7346),(#7347,#7348),(#7349,
#7350),(#7351,#7352)),.SURF_OF_LINEAR_EXTRUSION.,.F.,.F.,.F.,(4,4),(2,2),
(0.,1.),(0.,1.),.PIECEWISE_BEZIER_KNOTS.);
#30=B_SPLINE_SURFACE_WITH_KNOTS('',3,1,((#7362,#7363),(#7364,#7365),(#7366,
#7367),(#7368,#7369)),.SURF_OF_LINEAR_EXTRUSION.,.F.,.F.,.F.,(4,4),(2,2),
(0.,1.),(0.,1.),.PIECEWISE_BEZIER_KNOTS.);
#31=B_SPLINE_SURFACE_WITH_KNOTS('',3,1,((#7379,#7380),(#7381,#7382),(#7383,
#7384),(#7385,#7386)),.SURF_OF_LINEAR_EXTRUSION.,.F.,.F.,.F.,(4,4),(2,2),
(0.,1.),(0.,1.),.PIECEWISE_BEZIER_KNOTS.);
#32=B_SPLINE_SURFACE_WITH_KNOTS('',3,1,((#7394,#7395),(#7396,#7397),(#7398,
#7399),(#7400,#7401)),.SURF_OF_LINEAR_EXTRUSION.,.F.,.F.,.F.,(4,4),(2,2),
(0.,1.),(0.,1.),.PIECEWISE_BEZIER_KNOTS.);
#33=B_SPLINE_SURFACE_WITH_KNOTS('',3,1,((#7407,#7408),(#7409,#7410),(#7411,
#7412),(#7413,#7414)),.SURF_OF_LINEAR_EXTRUSION.,.F.,.F.,.F.,(4,4),(2,2),
(0.,1.),(0.,1.),.PIECEWISE_BEZIER_KNOTS.);
#34=B_SPLINE_SURFACE_WITH_KNOTS('',3,1,((#7420,#7421),(#7422,#7423),(#7424,
#7425),(#7426,#7427)),.SURF_OF_LINEAR_EXTRUSION.,.F.,.F.,.F.,(4,4),(2,2),
(0.,1.),(0.,1.),.PIECEWISE_BEZIER_KNOTS.);
#35=B_SPLINE_SURFACE_WITH_KNOTS('',3,1,((#7433,#7434),(#7435,#7436),(#7437,
#7438),(#7439,#7440)),.SURF_OF_LINEAR_EXTRUSION.,.F.,.F.,.F.,(4,4),(2,2),
(0.,1.),(0.,1.),.PIECEWISE_BEZIER_KNOTS.);
#36=B_SPLINE_SURFACE_WITH_KNOTS('',3,1,((#7446,#7447),(#7448,#7449),(#7450,
#7451),(#7452,#7453)),.SURF_OF_LINEAR_EXTRUSION.,.F.,.F.,.F.,(4,4),(2,2),
(0.,1.),(0.,1.),.PIECEWISE_BEZIER_KNOTS.);
#37=B_SPLINE_SURFACE_WITH_KNOTS('',3,1,((#7459,#7460),(#7461,#7462),(#7463,
#7464),(#7465,#7466)),.SURF_OF_LINEAR_EXTRUSION.,.F.,.F.,.F.,(4,4),(2,2),
(0.,1.),(0.,1.),.PIECEWISE_BEZIER_KNOTS.);
#38=B_SPLINE_SURFACE_WITH_KNOTS('',3,1,((#7472,#7473),(#7474,#7475),(#7476,
#7477),(#7478,#7479)),.SURF_OF_LINEAR_EXTRUSION.,.F.,.F.,.F.,(4,4),(2,2),
(0.,1.),(0.,1.),.PIECEWISE_BEZIER_KNOTS.);
#39=B_SPLINE_SURFACE_WITH_KNOTS('',3,1,((#7485,#7486),(#7487,#7488),(#7489,
#7490),(#7491,#7492)),.SURF_OF_LINEAR_EXTRUSION.,.F.,.F.,.F.,(4,4),(2,2),
(0.,1.),(0.,1.),.PIECEWISE_BEZIER_KNOTS.);
#40=B_SPLINE_SURFACE_WITH_KNOTS('',3,1,((#7498,#7499),(#7500,#7501),(#7502,
#7503),(#7504,#7505)),.SURF_OF_LINEAR_EXTRUSION.,.F.,.F.,.F.,(4,4),(2,2),
(0.,1.),(0.,1.),.PIECEWISE_BEZIER_KNOTS.);
#41=B_SPLINE_SURFACE_WITH_KNOTS('',3,1,((#7509,#7510),(#7511,#7512),(#7513,
#7514),(#7515,#7516)),.SURF_OF_LINEAR_EXTRUSION.,.F.,.F.,.F.,(4,4),(2,2),
(0.,1.),(0.,1.),.PIECEWISE_BEZIER_KNOTS.);
#42=B_SPLINE_SURFACE_WITH_KNOTS('',3,1,((#7546,#7547),(#7548,#7549),(#7550,
#7551),(#7552,#7553)),.SURF_OF_LINEAR_EXTRUSION.,.F.,.F.,.F.,(4,4),(2,2),
(0.,1.),(0.,1.),.PIECEWISE_BEZIER_KNOTS.);
#43=B_SPLINE_SURFACE_WITH_KNOTS('',3,1,((#7559,#7560),(#7561,#7562),(#7563,
#7564),(#7565,#7566)),.SURF_OF_LINEAR_EXTRUSION.,.F.,.F.,.F.,(4,4),(2,2),
(0.,1.),(0.,1.),.PIECEWISE_BEZIER_KNOTS.);
#44=B_SPLINE_SURFACE_WITH_KNOTS('',3,1,((#7588,#7589),(#7590,#7591),(#7592,
#7593),(#7594,#7595)),.SURF_OF_LINEAR_EXTRUSION.,.F.,.F.,.F.,(4,4),(2,2),
(0.,1.),(0.,1.),.PIECEWISE_BEZIER_KNOTS.);
#45=B_SPLINE_SURFACE_WITH_KNOTS('',3,1,((#7601,#7602),(#7603,#7604),(#7605,
#7606),(#7607,#7608)),.SURF_OF_LINEAR_EXTRUSION.,.F.,.F.,.F.,(4,4),(2,2),
(0.,1.),(0.,1.),.PIECEWISE_BEZIER_KNOTS.);
#46=B_SPLINE_SURFACE_WITH_KNOTS('',3,1,((#7614,#7615),(#7616,#7617),(#7618,
#7619),(#7620,#7621)),.SURF_OF_LINEAR_EXTRUSION.,.F.,.F.,.F.,(4,4),(2,2),
(0.,1.),(0.,1.),.PIECEWISE_BEZIER_KNOTS.);
#47=B_SPLINE_SURFACE_WITH_KNOTS('',3,1,((#7626,#7627),(#7628,#7629),(#7630,
#7631),(#7632,#7633)),.SURF_OF_LINEAR_EXTRUSION.,.F.,.F.,.F.,(4,4),(2,2),
(0.,1.),(0.,1.),.PIECEWISE_BEZIER_KNOTS.);
#48=B_SPLINE_SURFACE_WITH_KNOTS('',3,1,((#7661,#7662),(#7663,#7664),(#7665,
#7666),(#7667,#7668)),.SURF_OF_LINEAR_EXTRUSION.,.F.,.F.,.F.,(4,4),(2,2),
(0.,1.),(0.,1.),.PIECEWISE_BEZIER_KNOTS.);
#49=B_SPLINE_SURFACE_WITH_KNOTS('',3,1,((#7674,#7675),(#7676,#7677),(#7678,
#7679),(#7680,#7681)),.SURF_OF_LINEAR_EXTRUSION.,.F.,.F.,.F.,(4,4),(2,2),
(0.,1.),(0.,1.),.PIECEWISE_BEZIER_KNOTS.);
#50=B_SPLINE_SURFACE_WITH_KNOTS('',3,1,((#7703,#7704),(#7705,#7706),(#7707,
#7708),(#7709,#7710)),.SURF_OF_LINEAR_EXTRUSION.,.F.,.F.,.F.,(4,4),(2,2),
(0.,1.),(0.,1.),.PIECEWISE_BEZIER_KNOTS.);
#51=B_SPLINE_SURFACE_WITH_KNOTS('',3,1,((#7716,#7717),(#7718,#7719),(#7720,
#7721),(#7722,#7723)),.SURF_OF_LINEAR_EXTRUSION.,.F.,.F.,.F.,(4,4),(2,2),
(0.,1.),(0.,1.),.PIECEWISE_BEZIER_KNOTS.);
#52=B_SPLINE_SURFACE_WITH_KNOTS('',3,1,((#7767,#7768),(#7769,#7770),(#7771,
#7772),(#7773,#7774)),.SURF_OF_LINEAR_EXTRUSION.,.F.,.F.,.F.,(4,4),(2,2),
(0.,1.),(0.,1.),.PIECEWISE_BEZIER_KNOTS.);
#53=B_SPLINE_SURFACE_WITH_KNOTS('',3,1,((#7784,#7785),(#7786,#7787),(#7788,
#7789),(#7790,#7791)),.SURF_OF_LINEAR_EXTRUSION.,.F.,.F.,.F.,(4,4),(2,2),
(0.,1.),(0.,1.),.PIECEWISE_BEZIER_KNOTS.);
#54=B_SPLINE_SURFACE_WITH_KNOTS('',3,1,((#7821,#7822),(#7823,#7824),(#7825,
#7826),(#7827,#7828)),.SURF_OF_LINEAR_EXTRUSION.,.F.,.F.,.F.,(4,4),(2,2),
(0.,1.),(0.,1.),.PIECEWISE_BEZIER_KNOTS.);
#55=B_SPLINE_SURFACE_WITH_KNOTS('',3,1,((#7838,#7839),(#7840,#7841),(#7842,
#7843),(#7844,#7845)),.SURF_OF_LINEAR_EXTRUSION.,.F.,.F.,.F.,(4,4),(2,2),
(0.,1.),(0.,1.),.PIECEWISE_BEZIER_KNOTS.);
#56=B_SPLINE_SURFACE_WITH_KNOTS('',3,1,((#7855,#7856),(#7857,#7858),(#7859,
#7860),(#7861,#7862)),.SURF_OF_LINEAR_EXTRUSION.,.F.,.F.,.F.,(4,4),(2,2),
(0.,1.),(0.,1.),.PIECEWISE_BEZIER_KNOTS.);
#57=B_SPLINE_SURFACE_WITH_KNOTS('',3,1,((#7878,#7879),(#7880,#7881),(#7882,
#7883),(#7884,#7885)),.SURF_OF_LINEAR_EXTRUSION.,.F.,.F.,.F.,(4,4),(2,2),
(0.,1.),(0.,1.),.PIECEWISE_BEZIER_KNOTS.);
#58=B_SPLINE_SURFACE_WITH_KNOTS('',3,1,((#7895,#7896),(#7897,#7898),(#7899,
#7900),(#7901,#7902)),.SURF_OF_LINEAR_EXTRUSION.,.F.,.F.,.F.,(4,4),(2,2),
(0.,1.),(0.,1.),.PIECEWISE_BEZIER_KNOTS.);
#59=B_SPLINE_SURFACE_WITH_KNOTS('',3,1,((#7914,#7915),(#7916,#7917),(#7918,
#7919),(#7920,#7921)),.SURF_OF_LINEAR_EXTRUSION.,.F.,.F.,.F.,(4,4),(2,2),
(0.,1.),(0.,1.),.PIECEWISE_BEZIER_KNOTS.);
#60=B_SPLINE_SURFACE_WITH_KNOTS('',3,1,((#7927,#7928),(#7929,#7930),(#7931,
#7932),(#7933,#7934)),.SURF_OF_LINEAR_EXTRUSION.,.F.,.F.,.F.,(4,4),(2,2),
(0.,1.),(0.,1.),.PIECEWISE_BEZIER_KNOTS.);
#61=B_SPLINE_SURFACE_WITH_KNOTS('',3,1,((#7948,#7949),(#7950,#7951),(#7952,
#7953),(#7954,#7955)),.SURF_OF_LINEAR_EXTRUSION.,.F.,.F.,.F.,(4,4),(2,2),
(0.,1.),(0.,1.),.PIECEWISE_BEZIER_KNOTS.);
#62=B_SPLINE_SURFACE_WITH_KNOTS('',3,1,((#7961,#7962),(#7963,#7964),(#7965,
#7966),(#7967,#7968)),.SURF_OF_LINEAR_EXTRUSION.,.F.,.F.,.F.,(4,4),(2,2),
(0.,1.),(0.,1.),.PIECEWISE_BEZIER_KNOTS.);
#63=B_SPLINE_SURFACE_WITH_KNOTS('',3,1,((#7974,#7975),(#7976,#7977),(#7978,
#7979),(#7980,#7981)),.SURF_OF_LINEAR_EXTRUSION.,.F.,.F.,.F.,(4,4),(2,2),
(0.,1.),(0.,1.),.PIECEWISE_BEZIER_KNOTS.);
#64=B_SPLINE_SURFACE_WITH_KNOTS('',3,1,((#7987,#7988),(#7989,#7990),(#7991,
#7992),(#7993,#7994)),.SURF_OF_LINEAR_EXTRUSION.,.F.,.F.,.F.,(4,4),(2,2),
(0.,1.),(0.,1.),.PIECEWISE_BEZIER_KNOTS.);
#65=B_SPLINE_SURFACE_WITH_KNOTS('',3,1,((#8018,#8019),(#8020,#8021),(#8022,
#8023),(#8024,#8025)),.SURF_OF_LINEAR_EXTRUSION.,.F.,.F.,.F.,(4,4),(2,2),
(0.,1.),(0.,1.),.PIECEWISE_BEZIER_KNOTS.);
#66=B_SPLINE_SURFACE_WITH_KNOTS('',3,1,((#8033,#8034),(#8035,#8036),(#8037,
#8038),(#8039,#8040)),.SURF_OF_LINEAR_EXTRUSION.,.F.,.F.,.F.,(4,4),(2,2),
(0.,1.),(0.,1.),.PIECEWISE_BEZIER_KNOTS.);
#67=B_SPLINE_SURFACE_WITH_KNOTS('',3,1,((#8053,#8054),(#8055,#8056),(#8057,
#8058),(#8059,#8060)),.SURF_OF_LINEAR_EXTRUSION.,.F.,.F.,.F.,(4,4),(2,2),
(0.,1.),(0.,1.),.PIECEWISE_BEZIER_KNOTS.);
#68=B_SPLINE_SURFACE_WITH_KNOTS('',3,1,((#8070,#8071),(#8072,#8073),(#8074,
#8075),(#8076,#8077)),.SURF_OF_LINEAR_EXTRUSION.,.F.,.F.,.F.,(4,4),(2,2),
(0.,1.),(0.,1.),.PIECEWISE_BEZIER_KNOTS.);
#69=B_SPLINE_SURFACE_WITH_KNOTS('',3,1,((#8093,#8094),(#8095,#8096),(#8097,
#8098),(#8099,#8100)),.SURF_OF_LINEAR_EXTRUSION.,.F.,.F.,.F.,(4,4),(2,2),
(0.,1.),(0.,1.),.PIECEWISE_BEZIER_KNOTS.);
#70=B_SPLINE_SURFACE_WITH_KNOTS('',3,1,((#8130,#8131),(#8132,#8133),(#8134,
#8135),(#8136,#8137)),.SURF_OF_LINEAR_EXTRUSION.,.F.,.F.,.F.,(4,4),(2,2),
(0.,1.),(0.,1.),.PIECEWISE_BEZIER_KNOTS.);
#71=B_SPLINE_SURFACE_WITH_KNOTS('',3,1,((#8151,#8152),(#8153,#8154),(#8155,
#8156),(#8157,#8158)),.SURF_OF_LINEAR_EXTRUSION.,.F.,.F.,.F.,(4,4),(2,2),
(0.,1.),(0.,1.),.PIECEWISE_BEZIER_KNOTS.);
#72=B_SPLINE_SURFACE_WITH_KNOTS('',3,1,((#8164,#8165),(#8166,#8167),(#8168,
#8169),(#8170,#8171)),.SURF_OF_LINEAR_EXTRUSION.,.F.,.F.,.F.,(4,4),(2,2),
(0.,1.),(0.,1.),.PIECEWISE_BEZIER_KNOTS.);
#73=B_SPLINE_SURFACE_WITH_KNOTS('',3,1,((#8177,#8178),(#8179,#8180),(#8181,
#8182),(#8183,#8184)),.SURF_OF_LINEAR_EXTRUSION.,.F.,.F.,.F.,(4,4),(2,2),
(0.,1.),(0.,1.),.PIECEWISE_BEZIER_KNOTS.);
#74=B_SPLINE_SURFACE_WITH_KNOTS('',3,1,((#8190,#8191),(#8192,#8193),(#8194,
#8195),(#8196,#8197)),.SURF_OF_LINEAR_EXTRUSION.,.F.,.F.,.F.,(4,4),(2,2),
(0.,1.),(0.,1.),.PIECEWISE_BEZIER_KNOTS.);
#75=B_SPLINE_SURFACE_WITH_KNOTS('',3,1,((#8207,#8208),(#8209,#8210),(#8211,
#8212),(#8213,#8214)),.SURF_OF_LINEAR_EXTRUSION.,.F.,.F.,.F.,(4,4),(2,2),
(0.,1.),(0.,1.),.PIECEWISE_BEZIER_KNOTS.);
#76=B_SPLINE_SURFACE_WITH_KNOTS('',3,1,((#8220,#8221),(#8222,#8223),(#8224,
#8225),(#8226,#8227)),.SURF_OF_LINEAR_EXTRUSION.,.F.,.F.,.F.,(4,4),(2,2),
(0.,1.),(0.,1.),.PIECEWISE_BEZIER_KNOTS.);
#77=B_SPLINE_SURFACE_WITH_KNOTS('',3,1,((#8233,#8234),(#8235,#8236),(#8237,
#8238),(#8239,#8240)),.SURF_OF_LINEAR_EXTRUSION.,.F.,.F.,.F.,(4,4),(2,2),
(0.,1.),(0.,1.),.PIECEWISE_BEZIER_KNOTS.);
#78=B_SPLINE_SURFACE_WITH_KNOTS('',3,1,((#8246,#8247),(#8248,#8249),(#8250,
#8251),(#8252,#8253)),.SURF_OF_LINEAR_EXTRUSION.,.F.,.F.,.F.,(4,4),(2,2),
(0.,1.),(0.,1.),.PIECEWISE_BEZIER_KNOTS.);
#79=B_SPLINE_SURFACE_WITH_KNOTS('',3,1,((#8271,#8272),(#8273,#8274),(#8275,
#8276),(#8277,#8278)),.SURF_OF_LINEAR_EXTRUSION.,.F.,.F.,.F.,(4,4),(2,2),
(0.,1.),(0.,1.),.PIECEWISE_BEZIER_KNOTS.);
#80=B_SPLINE_SURFACE_WITH_KNOTS('',3,1,((#8284,#8285),(#8286,#8287),(#8288,
#8289),(#8290,#8291)),.SURF_OF_LINEAR_EXTRUSION.,.F.,.F.,.F.,(4,4),(2,2),
(0.,1.),(0.,1.),.PIECEWISE_BEZIER_KNOTS.);
#81=B_SPLINE_SURFACE_WITH_KNOTS('',3,1,((#8297,#8298),(#8299,#8300),(#8301,
#8302),(#8303,#8304)),.SURF_OF_LINEAR_EXTRUSION.,.F.,.F.,.F.,(4,4),(2,2),
(0.,1.),(0.,1.),.PIECEWISE_BEZIER_KNOTS.);
#82=B_SPLINE_SURFACE_WITH_KNOTS('',3,1,((#8310,#8311),(#8312,#8313),(#8314,
#8315),(#8316,#8317)),.SURF_OF_LINEAR_EXTRUSION.,.F.,.F.,.F.,(4,4),(2,2),
(0.,1.),(0.,1.),.PIECEWISE_BEZIER_KNOTS.);
#83=B_SPLINE_SURFACE_WITH_KNOTS('',3,1,((#8323,#8324),(#8325,#8326),(#8327,
#8328),(#8329,#8330)),.SURF_OF_LINEAR_EXTRUSION.,.F.,.F.,.F.,(4,4),(2,2),
(0.,1.),(0.,1.),.PIECEWISE_BEZIER_KNOTS.);
#84=B_SPLINE_SURFACE_WITH_KNOTS('',3,1,((#8359,#8360),(#8361,#8362),(#8363,
#8364),(#8365,#8366)),.SURF_OF_LINEAR_EXTRUSION.,.F.,.F.,.F.,(4,4),(2,2),
(0.,1.),(0.,1.),.PIECEWISE_BEZIER_KNOTS.);
#85=B_SPLINE_SURFACE_WITH_KNOTS('',3,1,((#8376,#8377),(#8378,#8379),(#8380,
#8381),(#8382,#8383)),.SURF_OF_LINEAR_EXTRUSION.,.F.,.F.,.F.,(4,4),(2,2),
(0.,1.),(0.,1.),.PIECEWISE_BEZIER_KNOTS.);
#86=B_SPLINE_SURFACE_WITH_KNOTS('',3,1,((#8393,#8394),(#8395,#8396),(#8397,
#8398),(#8399,#8400)),.SURF_OF_LINEAR_EXTRUSION.,.F.,.F.,.F.,(4,4),(2,2),
(0.,1.),(0.,1.),.PIECEWISE_BEZIER_KNOTS.);
#87=B_SPLINE_SURFACE_WITH_KNOTS('',3,1,((#8432,#8433),(#8434,#8435),(#8436,
#8437),(#8438,#8439)),.SURF_OF_LINEAR_EXTRUSION.,.F.,.F.,.F.,(4,4),(2,2),
(0.,1.),(0.,1.),.PIECEWISE_BEZIER_KNOTS.);
#88=B_SPLINE_SURFACE_WITH_KNOTS('',3,1,((#8445,#8446),(#8447,#8448),(#8449,
#8450),(#8451,#8452)),.SURF_OF_LINEAR_EXTRUSION.,.F.,.F.,.F.,(4,4),(2,2),
(0.,1.),(0.,1.),.PIECEWISE_BEZIER_KNOTS.);
#89=B_SPLINE_SURFACE_WITH_KNOTS('',3,1,((#8458,#8459),(#8460,#8461),(#8462,
#8463),(#8464,#8465)),.SURF_OF_LINEAR_EXTRUSION.,.F.,.F.,.F.,(4,4),(2,2),
(0.,1.),(0.,1.),.PIECEWISE_BEZIER_KNOTS.);
#90=B_SPLINE_SURFACE_WITH_KNOTS('',3,1,((#8485,#8486),(#8487,#8488),(#8489,
#8490),(#8491,#8492)),.SURF_OF_LINEAR_EXTRUSION.,.F.,.F.,.F.,(4,4),(2,2),
(0.,1.),(0.,1.),.PIECEWISE_BEZIER_KNOTS.);
#91=B_SPLINE_SURFACE_WITH_KNOTS('',3,1,((#8514,#8515),(#8516,#8517),(#8518,
#8519),(#8520,#8521)),.SURF_OF_LINEAR_EXTRUSION.,.F.,.F.,.F.,(4,4),(2,2),
(0.,1.),(0.,1.),.PIECEWISE_BEZIER_KNOTS.);
#92=B_SPLINE_SURFACE_WITH_KNOTS('',3,1,((#8547,#8548),(#8549,#8550),(#8551,
#8552),(#8553,#8554)),.SURF_OF_LINEAR_EXTRUSION.,.F.,.F.,.F.,(4,4),(2,2),
(0.,1.),(0.,1.),.PIECEWISE_BEZIER_KNOTS.);
#93=B_SPLINE_SURFACE_WITH_KNOTS('',3,1,((#8646,#8647),(#8648,#8649),(#8650,
#8651),(#8652,#8653)),.SURF_OF_LINEAR_EXTRUSION.,.F.,.F.,.F.,(4,4),(2,2),
(0.,1.),(0.,1.),.PIECEWISE_BEZIER_KNOTS.);
#94=B_SPLINE_SURFACE_WITH_KNOTS('',3,1,((#8663,#8664),(#8665,#8666),(#8667,
#8668),(#8669,#8670)),.SURF_OF_LINEAR_EXTRUSION.,.F.,.F.,.F.,(4,4),(2,2),
(0.,1.),(0.,1.),.PIECEWISE_BEZIER_KNOTS.);
#95=B_SPLINE_SURFACE_WITH_KNOTS('',3,1,((#8680,#8681),(#8682,#8683),(#8684,
#8685),(#8686,#8687)),.SURF_OF_LINEAR_EXTRUSION.,.F.,.F.,.F.,(4,4),(2,2),
(0.,1.),(0.,1.),.PIECEWISE_BEZIER_KNOTS.);
#96=B_SPLINE_SURFACE_WITH_KNOTS('',3,1,((#8707,#8708),(#8709,#8710),(#8711,
#8712),(#8713,#8714)),.SURF_OF_LINEAR_EXTRUSION.,.F.,.F.,.F.,(4,4),(2,2),
(0.,1.),(0.,1.),.PIECEWISE_BEZIER_KNOTS.);
#97=B_SPLINE_SURFACE_WITH_KNOTS('',3,1,((#8720,#8721),(#8722,#8723),(#8724,
#8725),(#8726,#8727)),.SURF_OF_LINEAR_EXTRUSION.,.F.,.F.,.F.,(4,4),(2,2),
(0.,1.),(0.,1.),.PIECEWISE_BEZIER_KNOTS.);
#98=B_SPLINE_SURFACE_WITH_KNOTS('',3,1,((#8733,#8734),(#8735,#8736),(#8737,
#8738),(#8739,#8740)),.SURF_OF_LINEAR_EXTRUSION.,.F.,.F.,.F.,(4,4),(2,2),
(0.,1.),(0.,1.),.PIECEWISE_BEZIER_KNOTS.);
#99=B_SPLINE_SURFACE_WITH_KNOTS('',3,1,((#8746,#8747),(#8748,#8749),(#8750,
#8751),(#8752,#8753)),.SURF_OF_LINEAR_EXTRUSION.,.F.,.F.,.F.,(4,4),(2,2),
(0.,1.),(0.,1.),.PIECEWISE_BEZIER_KNOTS.);
#100=B_SPLINE_SURFACE_WITH_KNOTS('',3,1,((#8769,#8770),(#8771,#8772),(#8773,
#8774),(#8775,#8776)),.SURF_OF_LINEAR_EXTRUSION.,.F.,.F.,.F.,(4,4),(2,2),
(0.,1.),(0.,1.),.PIECEWISE_BEZIER_KNOTS.);
#101=CYLINDRICAL_SURFACE('',#5213,0.004);
#102=CYLINDRICAL_SURFACE('',#5226,0.00145);
#103=CYLINDRICAL_SURFACE('',#5227,0.00145);
#104=CYLINDRICAL_SURFACE('',#5228,0.00145);
#105=CYLINDRICAL_SURFACE('',#5229,0.00145);
#106=CYLINDRICAL_SURFACE('',#5235,0.000814553887437911);
#107=CYLINDRICAL_SURFACE('',#5238,0.00105592734856615);
#108=CYLINDRICAL_SURFACE('',#5243,0.00234282449058523);
#109=CYLINDRICAL_SURFACE('',#5248,0.0019958195322598);
#110=CYLINDRICAL_SURFACE('',#5250,0.00284649435456188);
#111=CYLINDRICAL_SURFACE('',#5253,0.00171401082949326);
#112=CYLINDRICAL_SURFACE('',#5262,0.00132827358438141);
#113=CYLINDRICAL_SURFACE('',#5273,0.00106851330880803);
#114=CYLINDRICAL_SURFACE('',#5288,0.000572415936277019);
#115=CYLINDRICAL_SURFACE('',#5290,0.000643754875687031);
#116=CYLINDRICAL_SURFACE('',#5292,0.000589255394729625);
#117=CYLINDRICAL_SURFACE('',#5294,0.000567170061959773);
#118=CYLINDRICAL_SURFACE('',#5296,0.000633626221876576);
#119=CYLINDRICAL_SURFACE('',#5298,0.000626947741910048);
#120=CYLINDRICAL_SURFACE('',#5301,0.00339056062235913);
#121=CYLINDRICAL_SURFACE('',#5305,0.00161594563175776);
#122=CYLINDRICAL_SURFACE('',#5308,0.00334298084924935);
#123=CYLINDRICAL_SURFACE('',#5316,0.000676425309748533);
#124=CYLINDRICAL_SURFACE('',#5320,0.00119149191026232);
#125=CYLINDRICAL_SURFACE('',#5327,0.00095775606726632);
#126=CYLINDRICAL_SURFACE('',#5346,0.00236372612703103);
#127=CYLINDRICAL_SURFACE('',#5349,0.00168516900233416);
#128=CIRCLE('',#5180,0.00119149191026232);
#129=CIRCLE('',#5181,0.00095775606726632);
#130=CIRCLE('',#5182,0.000572415936277019);
#131=CIRCLE('',#5183,0.000626947741910048);
#132=CIRCLE('',#5184,0.000633626221876576);
#133=CIRCLE('',#5185,0.000567170061959773);
#134=CIRCLE('',#5186,0.000589255394729625);
#135=CIRCLE('',#5187,0.000643754875687031);
#136=CIRCLE('',#5188,0.00106851330880803);
#137=CIRCLE('',#5189,0.00132827358438141);
#138=CIRCLE('',#5190,0.004);
#139=CIRCLE('',#5191,0.00145);
#140=CIRCLE('',#5192,0.00145);
#141=CIRCLE('',#5193,0.00145);
#142=CIRCLE('',#5194,0.00145);
#143=CIRCLE('',#5195,0.00234282449058523);
#144=CIRCLE('',#5196,0.00171401082949326);
#145=CIRCLE('',#5197,0.00284649435456188);
#146=CIRCLE('',#5198,0.0019958195322598);
#147=CIRCLE('',#5199,0.00161594563175776);
#148=CIRCLE('',#5200,0.00334298084924935);
#149=CIRCLE('',#5201,0.00236372612703103);
#150=CIRCLE('',#5202,0.00168516900233416);
#151=CIRCLE('',#5204,0.00145);
#152=CIRCLE('',#5205,0.00145);
#153=CIRCLE('',#5206,0.00145);
#154=CIRCLE('',#5207,0.00145);
#155=CIRCLE('',#5208,0.004);
#156=CIRCLE('',#5236,0.000814553887437911);
#157=CIRCLE('',#5237,0.000814553887437911);
#158=CIRCLE('',#5239,0.00105592734856615);
#159=CIRCLE('',#5240,0.00105592734856615);
#160=CIRCLE('',#5244,0.00234282449058523);
#161=CIRCLE('',#5249,0.0019958195322598);
#162=CIRCLE('',#5251,0.00284649435456188);
#163=CIRCLE('',#5254,0.00171401082949326);
#164=CIRCLE('',#5263,0.00132827358438141);
#165=CIRCLE('',#5274,0.00106851330880803);
#166=CIRCLE('',#5289,0.000572415936277019);
#167=CIRCLE('',#5291,0.000643754875687031);
#168=CIRCLE('',#5293,0.000589255394729625);
#169=CIRCLE('',#5295,0.000567170061959773);
#170=CIRCLE('',#5297,0.000633626221876576);
#171=CIRCLE('',#5299,0.000626947741910048);
#172=CIRCLE('',#5302,0.00339056062235913);
#173=CIRCLE('',#5303,0.00339056062235913);
#174=CIRCLE('',#5306,0.00161594563175776);
#175=CIRCLE('',#5309,0.00334298084924935);
#176=CIRCLE('',#5317,0.000676425309748533);
#177=CIRCLE('',#5318,0.000676425309748533);
#178=CIRCLE('',#5321,0.00119149191026232);
#179=CIRCLE('',#5328,0.00095775606726632);
#180=CIRCLE('',#5347,0.00236372612703103);
#181=CIRCLE('',#5350,0.00168516900233416);
#182=B_SPLINE_CURVE_WITH_KNOTS('',2,(#6418,#6419,#6420),.UNSPECIFIED.,.F.,
 .F.,(3,3),(0.,1.),.PIECEWISE_BEZIER_KNOTS.);
#183=B_SPLINE_CURVE_WITH_KNOTS('',2,(#6422,#6423,#6424),.UNSPECIFIED.,.F.,
 .F.,(3,3),(0.,1.),.PIECEWISE_BEZIER_KNOTS.);
#184=B_SPLINE_CURVE_WITH_KNOTS('',2,(#6426,#6427,#6428),.UNSPECIFIED.,.F.,
 .F.,(3,3),(0.,1.),.PIECEWISE_BEZIER_KNOTS.);
#185=B_SPLINE_CURVE_WITH_KNOTS('',2,(#6430,#6431,#6432),.UNSPECIFIED.,.F.,
 .F.,(3,3),(0.,1.),.PIECEWISE_BEZIER_KNOTS.);
#186=B_SPLINE_CURVE_WITH_KNOTS('',2,(#6438,#6439,#6440),.UNSPECIFIED.,.F.,
 .F.,(3,3),(0.,1.),.PIECEWISE_BEZIER_KNOTS.);
#187=B_SPLINE_CURVE_WITH_KNOTS('',2,(#6442,#6443,#6444),.UNSPECIFIED.,.F.,
 .F.,(3,3),(0.,1.),.PIECEWISE_BEZIER_KNOTS.);
#188=B_SPLINE_CURVE_WITH_KNOTS('',2,(#6446,#6447,#6448),.UNSPECIFIED.,.F.,
 .F.,(3,3),(0.,1.),.PIECEWISE_BEZIER_KNOTS.);
#189=B_SPLINE_CURVE_WITH_KNOTS('',2,(#6450,#6451,#6452),.UNSPECIFIED.,.F.,
 .F.,(3,3),(0.,1.),.PIECEWISE_BEZIER_KNOTS.);
#190=B_SPLINE_CURVE_WITH_KNOTS('',2,(#6454,#6455,#6456),.UNSPECIFIED.,.F.,
 .F.,(3,3),(0.,1.),.PIECEWISE_BEZIER_KNOTS.);
#191=B_SPLINE_CURVE_WITH_KNOTS('',2,(#6464,#6465,#6466),.UNSPECIFIED.,.F.,
 .F.,(3,3),(0.,1.),.PIECEWISE_BEZIER_KNOTS.);
#192=B_SPLINE_CURVE_WITH_KNOTS('',2,(#6468,#6469,#6470),.UNSPECIFIED.,.F.,
 .F.,(3,3),(0.,1.),.PIECEWISE_BEZIER_KNOTS.);
#193=B_SPLINE_CURVE_WITH_KNOTS('',2,(#6472,#6473,#6474),.UNSPECIFIED.,.F.,
 .F.,(3,3),(0.,1.),.PIECEWISE_BEZIER_KNOTS.);
#194=B_SPLINE_CURVE_WITH_KNOTS('',2,(#6476,#6477,#6478),.UNSPECIFIED.,.F.,
 .F.,(3,3),(0.,1.),.PIECEWISE_BEZIER_KNOTS.);
#195=B_SPLINE_CURVE_WITH_KNOTS('',2,(#6482,#6483,#6484),.UNSPECIFIED.,.F.,
 .F.,(3,3),(0.,1.),.PIECEWISE_BEZIER_KNOTS.);
#196=B_SPLINE_CURVE_WITH_KNOTS('',2,(#6486,#6487,#6488),.UNSPECIFIED.,.F.,
 .F.,(3,3),(0.,1.),.PIECEWISE_BEZIER_KNOTS.);
#197=B_SPLINE_CURVE_WITH_KNOTS('',2,(#6490,#6491,#6492),.UNSPECIFIED.,.F.,
 .F.,(3,3),(0.,1.),.PIECEWISE_BEZIER_KNOTS.);
#198=B_SPLINE_CURVE_WITH_KNOTS('',2,(#6494,#6495,#6496),.UNSPECIFIED.,.F.,
 .F.,(3,3),(0.,1.),.PIECEWISE_BEZIER_KNOTS.);
#199=B_SPLINE_CURVE_WITH_KNOTS('',2,(#6502,#6503,#6504),.UNSPECIFIED.,.F.,
 .F.,(3,3),(0.,1.),.PIECEWISE_BEZIER_KNOTS.);
#200=B_SPLINE_CURVE_WITH_KNOTS('',2,(#6507,#6508,#6509),.UNSPECIFIED.,.F.,
 .F.,(3,3),(0.,1.),.PIECEWISE_BEZIER_KNOTS.);
#201=B_SPLINE_CURVE_WITH_KNOTS('',2,(#6522,#6523,#6524),.UNSPECIFIED.,.F.,
 .F.,(3,3),(0.,1.),.PIECEWISE_BEZIER_KNOTS.);
#202=B_SPLINE_CURVE_WITH_KNOTS('',2,(#6546,#6547,#6548),.UNSPECIFIED.,.F.,
 .F.,(3,3),(0.,1.),.PIECEWISE_BEZIER_KNOTS.);
#203=B_SPLINE_CURVE_WITH_KNOTS('',2,(#6550,#6551,#6552),.UNSPECIFIED.,.F.,
 .F.,(3,3),(0.,1.),.PIECEWISE_BEZIER_KNOTS.);
#204=B_SPLINE_CURVE_WITH_KNOTS('',2,(#6554,#6555,#6556),.UNSPECIFIED.,.F.,
 .F.,(3,3),(0.,1.),.PIECEWISE_BEZIER_KNOTS.);
#205=B_SPLINE_CURVE_WITH_KNOTS('',2,(#6566,#6567,#6568),.UNSPECIFIED.,.F.,
 .F.,(3,3),(0.,1.),.PIECEWISE_BEZIER_KNOTS.);
#206=B_SPLINE_CURVE_WITH_KNOTS('',2,(#6570,#6571,#6572),.UNSPECIFIED.,.F.,
 .F.,(3,3),(0.,1.),.PIECEWISE_BEZIER_KNOTS.);
#207=B_SPLINE_CURVE_WITH_KNOTS('',2,(#6586,#6587,#6588),.UNSPECIFIED.,.F.,
 .F.,(3,3),(0.,1.),.PIECEWISE_BEZIER_KNOTS.);
#208=B_SPLINE_CURVE_WITH_KNOTS('',2,(#6590,#6591,#6592),.UNSPECIFIED.,.F.,
 .F.,(3,3),(0.,1.),.PIECEWISE_BEZIER_KNOTS.);
#209=B_SPLINE_CURVE_WITH_KNOTS('',2,(#6594,#6595,#6596),.UNSPECIFIED.,.F.,
 .F.,(3,3),(0.,1.),.PIECEWISE_BEZIER_KNOTS.);
#210=B_SPLINE_CURVE_WITH_KNOTS('',2,(#6606,#6607,#6608),.UNSPECIFIED.,.F.,
 .F.,(3,3),(0.,1.),.PIECEWISE_BEZIER_KNOTS.);
#211=B_SPLINE_CURVE_WITH_KNOTS('',2,(#6610,#6611,#6612),.UNSPECIFIED.,.F.,
 .F.,(3,3),(0.,1.),.PIECEWISE_BEZIER_KNOTS.);
#212=B_SPLINE_CURVE_WITH_KNOTS('',2,(#6619,#6620,#6621),.UNSPECIFIED.,.F.,
 .F.,(3,3),(0.,1.),.PIECEWISE_BEZIER_KNOTS.);
#213=B_SPLINE_CURVE_WITH_KNOTS('',2,(#6624,#6625,#6626),.UNSPECIFIED.,.F.,
 .F.,(3,3),(0.,1.),.PIECEWISE_BEZIER_KNOTS.);
#214=B_SPLINE_CURVE_WITH_KNOTS('',2,(#6628,#6629,#6630),.UNSPECIFIED.,.F.,
 .F.,(3,3),(0.,1.),.PIECEWISE_BEZIER_KNOTS.);
#215=B_SPLINE_CURVE_WITH_KNOTS('',2,(#6632,#6633,#6634),.UNSPECIFIED.,.F.,
 .F.,(3,3),(0.,1.),.PIECEWISE_BEZIER_KNOTS.);
#216=B_SPLINE_CURVE_WITH_KNOTS('',2,(#6636,#6637,#6638),.UNSPECIFIED.,.F.,
 .F.,(3,3),(0.,1.),.PIECEWISE_BEZIER_KNOTS.);
#217=B_SPLINE_CURVE_WITH_KNOTS('',2,(#6640,#6641,#6642),.UNSPECIFIED.,.F.,
 .F.,(3,3),(0.,1.),.PIECEWISE_BEZIER_KNOTS.);
#218=B_SPLINE_CURVE_WITH_KNOTS('',2,(#6644,#6645,#6646),.UNSPECIFIED.,.F.,
 .F.,(3,3),(0.,1.),.PIECEWISE_BEZIER_KNOTS.);
#219=B_SPLINE_CURVE_WITH_KNOTS('',2,(#6648,#6649,#6650),.UNSPECIFIED.,.F.,
 .F.,(3,3),(0.,1.),.PIECEWISE_BEZIER_KNOTS.);
#220=B_SPLINE_CURVE_WITH_KNOTS('',2,(#6652,#6653,#6654),.UNSPECIFIED.,.F.,
 .F.,(3,3),(0.,1.),.PIECEWISE_BEZIER_KNOTS.);
#221=B_SPLINE_CURVE_WITH_KNOTS('',2,(#6656,#6657,#6658),.UNSPECIFIED.,.F.,
 .F.,(3,3),(0.,1.),.PIECEWISE_BEZIER_KNOTS.);
#222=B_SPLINE_CURVE_WITH_KNOTS('',2,(#6712,#6713,#6714),.UNSPECIFIED.,.F.,
 .F.,(3,3),(0.,1.),.PIECEWISE_BEZIER_KNOTS.);
#223=B_SPLINE_CURVE_WITH_KNOTS('',2,(#6718,#6719,#6720),.UNSPECIFIED.,.F.,
 .F.,(3,3),(0.,1.),.PIECEWISE_BEZIER_KNOTS.);
#224=B_SPLINE_CURVE_WITH_KNOTS('',2,(#6726,#6727,#6728),.UNSPECIFIED.,.F.,
 .F.,(3,3),(0.,1.),.PIECEWISE_BEZIER_KNOTS.);
#225=B_SPLINE_CURVE_WITH_KNOTS('',2,(#6732,#6733,#6734),.UNSPECIFIED.,.F.,
 .F.,(3,3),(0.,1.),.PIECEWISE_BEZIER_KNOTS.);
#226=B_SPLINE_CURVE_WITH_KNOTS('',2,(#6736,#6737,#6738),.UNSPECIFIED.,.F.,
 .F.,(3,3),(0.,1.),.PIECEWISE_BEZIER_KNOTS.);
#227=B_SPLINE_CURVE_WITH_KNOTS('',2,(#6744,#6745,#6746),.UNSPECIFIED.,.F.,
 .F.,(3,3),(0.,1.),.PIECEWISE_BEZIER_KNOTS.);
#228=B_SPLINE_CURVE_WITH_KNOTS('',2,(#6748,#6749,#6750),.UNSPECIFIED.,.F.,
 .F.,(3,3),(0.,1.),.PIECEWISE_BEZIER_KNOTS.);
#229=B_SPLINE_CURVE_WITH_KNOTS('',2,(#6752,#6753,#6754),.UNSPECIFIED.,.F.,
 .F.,(3,3),(0.,1.),.PIECEWISE_BEZIER_KNOTS.);
#230=B_SPLINE_CURVE_WITH_KNOTS('',2,(#6758,#6759,#6760),.UNSPECIFIED.,.F.,
 .F.,(3,3),(0.,1.),.PIECEWISE_BEZIER_KNOTS.);
#231=B_SPLINE_CURVE_WITH_KNOTS('',2,(#6764,#6765,#6766),.UNSPECIFIED.,.F.,
 .F.,(3,3),(0.,1.),.PIECEWISE_BEZIER_KNOTS.);
#232=B_SPLINE_CURVE_WITH_KNOTS('',2,(#6778,#6779,#6780),.UNSPECIFIED.,.F.,
 .F.,(3,3),(0.,1.),.PIECEWISE_BEZIER_KNOTS.);
#233=B_SPLINE_CURVE_WITH_KNOTS('',2,(#6782,#6783,#6784),.UNSPECIFIED.,.F.,
 .F.,(3,3),(0.,1.),.PIECEWISE_BEZIER_KNOTS.);
#234=B_SPLINE_CURVE_WITH_KNOTS('',2,(#6786,#6787,#6788),.UNSPECIFIED.,.F.,
 .F.,(3,3),(0.,1.),.PIECEWISE_BEZIER_KNOTS.);
#235=B_SPLINE_CURVE_WITH_KNOTS('',2,(#6790,#6791,#6792),.UNSPECIFIED.,.F.,
 .F.,(3,3),(0.,1.),.PIECEWISE_BEZIER_KNOTS.);
#236=B_SPLINE_CURVE_WITH_KNOTS('',2,(#6798,#6799,#6800),.UNSPECIFIED.,.F.,
 .F.,(3,3),(0.,1.),.PIECEWISE_BEZIER_KNOTS.);
#237=B_SPLINE_CURVE_WITH_KNOTS('',2,(#6802,#6803,#6804),.UNSPECIFIED.,.F.,
 .F.,(3,3),(0.,1.),.PIECEWISE_BEZIER_KNOTS.);
#238=B_SPLINE_CURVE_WITH_KNOTS('',2,(#6818,#6819,#6820),.UNSPECIFIED.,.F.,
 .F.,(3,3),(0.,1.),.PIECEWISE_BEZIER_KNOTS.);
#239=B_SPLINE_CURVE_WITH_KNOTS('',2,(#6822,#6823,#6824),.UNSPECIFIED.,.F.,
 .F.,(3,3),(0.,1.),.PIECEWISE_BEZIER_KNOTS.);
#240=B_SPLINE_CURVE_WITH_KNOTS('',2,(#6826,#6827,#6828),.UNSPECIFIED.,.F.,
 .F.,(3,3),(0.,1.),.PIECEWISE_BEZIER_KNOTS.);
#241=B_SPLINE_CURVE_WITH_KNOTS('',2,(#6840,#6841,#6842),.UNSPECIFIED.,.F.,
 .F.,(3,3),(0.,1.),.PIECEWISE_BEZIER_KNOTS.);
#242=B_SPLINE_CURVE_WITH_KNOTS('',2,(#6854,#6855,#6856),.UNSPECIFIED.,.F.,
 .F.,(3,3),(0.,1.),.PIECEWISE_BEZIER_KNOTS.);
#243=B_SPLINE_CURVE_WITH_KNOTS('',2,(#7049,#7050,#7051),.UNSPECIFIED.,.F.,
 .F.,(3,3),(0.,1.),.PIECEWISE_BEZIER_KNOTS.);
#244=B_SPLINE_CURVE_WITH_KNOTS('',2,(#7055,#7056,#7057),.UNSPECIFIED.,.F.,
 .F.,(3,3),(0.,1.),.PIECEWISE_BEZIER_KNOTS.);
#245=B_SPLINE_CURVE_WITH_KNOTS('',2,(#7066,#7067,#7068),.UNSPECIFIED.,.F.,
 .F.,(3,3),(0.,1.),.PIECEWISE_BEZIER_KNOTS.);
#246=B_SPLINE_CURVE_WITH_KNOTS('',2,(#7072,#7073,#7074),.UNSPECIFIED.,.F.,
 .F.,(3,3),(0.,1.),.PIECEWISE_BEZIER_KNOTS.);
#247=B_SPLINE_CURVE_WITH_KNOTS('',2,(#7103,#7104,#7105),.UNSPECIFIED.,.F.,
 .F.,(3,3),(0.,1.),.PIECEWISE_BEZIER_KNOTS.);
#248=B_SPLINE_CURVE_WITH_KNOTS('',2,(#7122,#7123,#7124),.UNSPECIFIED.,.F.,
 .F.,(3,3),(0.,1.),.PIECEWISE_BEZIER_KNOTS.);
#249=B_SPLINE_CURVE_WITH_KNOTS('',2,(#7139,#7140,#7141),.UNSPECIFIED.,.F.,
 .F.,(3,3),(0.,1.),.PIECEWISE_BEZIER_KNOTS.);
#250=B_SPLINE_CURVE_WITH_KNOTS('',2,(#7152,#7153,#7154),.UNSPECIFIED.,.F.,
 .F.,(3,3),(0.,1.),.PIECEWISE_BEZIER_KNOTS.);
#251=B_SPLINE_CURVE_WITH_KNOTS('',2,(#7165,#7166,#7167),.UNSPECIFIED.,.F.,
 .F.,(3,3),(0.,1.),.PIECEWISE_BEZIER_KNOTS.);
#252=B_SPLINE_CURVE_WITH_KNOTS('',2,(#7186,#7187,#7188),.UNSPECIFIED.,.F.,
 .F.,(3,3),(0.,1.),.PIECEWISE_BEZIER_KNOTS.);
#253=B_SPLINE_CURVE_WITH_KNOTS('',2,(#7199,#7200,#7201),.UNSPECIFIED.,.F.,
 .F.,(3,3),(0.,1.),.PIECEWISE_BEZIER_KNOTS.);
#254=B_SPLINE_CURVE_WITH_KNOTS('',2,(#7216,#7217,#7218),.UNSPECIFIED.,.F.,
 .F.,(3,3),(0.,1.),.PIECEWISE_BEZIER_KNOTS.);
#255=B_SPLINE_CURVE_WITH_KNOTS('',2,(#7237,#7238,#7239),.UNSPECIFIED.,.F.,
 .F.,(3,3),(0.,1.),.PIECEWISE_BEZIER_KNOTS.);
#256=B_SPLINE_CURVE_WITH_KNOTS('',2,(#7250,#7251,#7252),.UNSPECIFIED.,.F.,
 .F.,(3,3),(0.,1.),.PIECEWISE_BEZIER_KNOTS.);
#257=B_SPLINE_CURVE_WITH_KNOTS('',2,(#7253,#7254,#7255),.UNSPECIFIED.,.F.,
 .F.,(3,3),(0.,1.),.PIECEWISE_BEZIER_KNOTS.);
#258=B_SPLINE_CURVE_WITH_KNOTS('',2,(#7265,#7266,#7267),.UNSPECIFIED.,.F.,
 .F.,(3,3),(0.,1.),.PIECEWISE_BEZIER_KNOTS.);
#259=B_SPLINE_CURVE_WITH_KNOTS('',2,(#7272,#7273,#7274),.UNSPECIFIED.,.F.,
 .F.,(3,3),(0.,1.),.PIECEWISE_BEZIER_KNOTS.);
#260=B_SPLINE_CURVE_WITH_KNOTS('',2,(#7285,#7286,#7287),.UNSPECIFIED.,.F.,
 .F.,(3,3),(0.,1.),.PIECEWISE_BEZIER_KNOTS.);
#261=B_SPLINE_CURVE_WITH_KNOTS('',2,(#7291,#7292,#7293),.UNSPECIFIED.,.F.,
 .F.,(3,3),(0.,1.),.PIECEWISE_BEZIER_KNOTS.);
#262=B_SPLINE_CURVE_WITH_KNOTS('',2,(#7302,#7303,#7304),.UNSPECIFIED.,.F.,
 .F.,(3,3),(0.,1.),.PIECEWISE_BEZIER_KNOTS.);
#263=B_SPLINE_CURVE_WITH_KNOTS('',2,(#7308,#7309,#7310),.UNSPECIFIED.,.F.,
 .F.,(3,3),(0.,1.),.PIECEWISE_BEZIER_KNOTS.);
#264=B_SPLINE_CURVE_WITH_KNOTS('',2,(#7319,#7320,#7321),.UNSPECIFIED.,.F.,
 .F.,(3,3),(0.,1.),.PIECEWISE_BEZIER_KNOTS.);
#265=B_SPLINE_CURVE_WITH_KNOTS('',2,(#7325,#7326,#7327),.UNSPECIFIED.,.F.,
 .F.,(3,3),(0.,1.),.PIECEWISE_BEZIER_KNOTS.);
#266=B_SPLINE_CURVE_WITH_KNOTS('',2,(#7336,#7337,#7338),.UNSPECIFIED.,.F.,
 .F.,(3,3),(0.,1.),.PIECEWISE_BEZIER_KNOTS.);
#267=B_SPLINE_CURVE_WITH_KNOTS('',2,(#7342,#7343,#7344),.UNSPECIFIED.,.F.,
 .F.,(3,3),(0.,1.),.PIECEWISE_BEZIER_KNOTS.);
#268=B_SPLINE_CURVE_WITH_KNOTS('',2,(#7353,#7354,#7355),.UNSPECIFIED.,.F.,
 .F.,(3,3),(0.,1.),.PIECEWISE_BEZIER_KNOTS.);
#269=B_SPLINE_CURVE_WITH_KNOTS('',2,(#7359,#7360,#7361),.UNSPECIFIED.,.F.,
 .F.,(3,3),(0.,1.),.PIECEWISE_BEZIER_KNOTS.);
#270=B_SPLINE_CURVE_WITH_KNOTS('',2,(#7370,#7371,#7372),.UNSPECIFIED.,.F.,
 .F.,(3,3),(0.,1.),.PIECEWISE_BEZIER_KNOTS.);
#271=B_SPLINE_CURVE_WITH_KNOTS('',2,(#7376,#7377,#7378),.UNSPECIFIED.,.F.,
 .F.,(3,3),(0.,1.),.PIECEWISE_BEZIER_KNOTS.);
#272=B_SPLINE_CURVE_WITH_KNOTS('',2,(#7389,#7390,#7391),.UNSPECIFIED.,.F.,
 .F.,(3,3),(0.,1.),.PIECEWISE_BEZIER_KNOTS.);
#273=B_SPLINE_CURVE_WITH_KNOTS('',2,(#7404,#7405,#7406),.UNSPECIFIED.,.F.,
 .F.,(3,3),(0.,1.),.PIECEWISE_BEZIER_KNOTS.);
#274=B_SPLINE_CURVE_WITH_KNOTS('',2,(#7417,#7418,#7419),.UNSPECIFIED.,.F.,
 .F.,(3,3),(0.,1.),.PIECEWISE_BEZIER_KNOTS.);
#275=B_SPLINE_CURVE_WITH_KNOTS('',2,(#7430,#7431,#7432),.UNSPECIFIED.,.F.,
 .F.,(3,3),(0.,1.),.PIECEWISE_BEZIER_KNOTS.);
#276=B_SPLINE_CURVE_WITH_KNOTS('',2,(#7443,#7444,#7445),.UNSPECIFIED.,.F.,
 .F.,(3,3),(0.,1.),.PIECEWISE_BEZIER_KNOTS.);
#277=B_SPLINE_CURVE_WITH_KNOTS('',2,(#7456,#7457,#7458),.UNSPECIFIED.,.F.,
 .F.,(3,3),(0.,1.),.PIECEWISE_BEZIER_KNOTS.);
#278=B_SPLINE_CURVE_WITH_KNOTS('',2,(#7469,#7470,#7471),.UNSPECIFIED.,.F.,
 .F.,(3,3),(0.,1.),.PIECEWISE_BEZIER_KNOTS.);
#279=B_SPLINE_CURVE_WITH_KNOTS('',2,(#7482,#7483,#7484),.UNSPECIFIED.,.F.,
 .F.,(3,3),(0.,1.),.PIECEWISE_BEZIER_KNOTS.);
#280=B_SPLINE_CURVE_WITH_KNOTS('',2,(#7495,#7496,#7497),.UNSPECIFIED.,.F.,
 .F.,(3,3),(0.,1.),.PIECEWISE_BEZIER_KNOTS.);
#281=B_SPLINE_CURVE_WITH_KNOTS('',2,(#7506,#7507,#7508),.UNSPECIFIED.,.F.,
 .F.,(3,3),(0.,1.),.PIECEWISE_BEZIER_KNOTS.);
#282=B_SPLINE_CURVE_WITH_KNOTS('',2,(#7517,#7518,#7519),.UNSPECIFIED.,.F.,
 .F.,(3,3),(0.,1.),.PIECEWISE_BEZIER_KNOTS.);
#283=B_SPLINE_CURVE_WITH_KNOTS('',2,(#7520,#7521,#7522),.UNSPECIFIED.,.F.,
 .F.,(3,3),(0.,1.),.PIECEWISE_BEZIER_KNOTS.);
#284=B_SPLINE_CURVE_WITH_KNOTS('',2,(#7556,#7557,#7558),.UNSPECIFIED.,.F.,
 .F.,(3,3),(0.,1.),.PIECEWISE_BEZIER_KNOTS.);
#285=B_SPLINE_CURVE_WITH_KNOTS('',2,(#7569,#7570,#7571),.UNSPECIFIED.,.F.,
 .F.,(3,3),(0.,1.),.PIECEWISE_BEZIER_KNOTS.);
#286=B_SPLINE_CURVE_WITH_KNOTS('',2,(#7598,#7599,#7600),.UNSPECIFIED.,.F.,
 .F.,(3,3),(0.,1.),.PIECEWISE_BEZIER_KNOTS.);
#287=B_SPLINE_CURVE_WITH_KNOTS('',2,(#7611,#7612,#7613),.UNSPECIFIED.,.F.,
 .F.,(3,3),(0.,1.),.PIECEWISE_BEZIER_KNOTS.);
#288=B_SPLINE_CURVE_WITH_KNOTS('',2,(#7622,#7623,#7624),.UNSPECIFIED.,.F.,
 .F.,(3,3),(0.,1.),.PIECEWISE_BEZIER_KNOTS.);
#289=B_SPLINE_CURVE_WITH_KNOTS('',2,(#7636,#7637,#7638),.UNSPECIFIED.,.F.,
 .F.,(3,3),(0.,1.),.PIECEWISE_BEZIER_KNOTS.);
#290=B_SPLINE_CURVE_WITH_KNOTS('',2,(#7671,#7672,#7673),.UNSPECIFIED.,.F.,
 .F.,(3,3),(0.,1.),.PIECEWISE_BEZIER_KNOTS.);
#291=B_SPLINE_CURVE_WITH_KNOTS('',2,(#7684,#7685,#7686),.UNSPECIFIED.,.F.,
 .F.,(3,3),(0.,1.),.PIECEWISE_BEZIER_KNOTS.);
#292=B_SPLINE_CURVE_WITH_KNOTS('',2,(#7713,#7714,#7715),.UNSPECIFIED.,.F.,
 .F.,(3,3),(0.,1.),.PIECEWISE_BEZIER_KNOTS.);
#293=B_SPLINE_CURVE_WITH_KNOTS('',2,(#7724,#7725,#7726),.UNSPECIFIED.,.F.,
 .F.,(3,3),(0.,1.),.PIECEWISE_BEZIER_KNOTS.);
#294=B_SPLINE_CURVE_WITH_KNOTS('',2,(#7777,#7778,#7779),.UNSPECIFIED.,.F.,
 .F.,(3,3),(0.,1.),.PIECEWISE_BEZIER_KNOTS.);
#295=B_SPLINE_CURVE_WITH_KNOTS('',2,(#7794,#7795,#7796),.UNSPECIFIED.,.F.,
 .F.,(3,3),(0.,1.),.PIECEWISE_BEZIER_KNOTS.);
#296=B_SPLINE_CURVE_WITH_KNOTS('',2,(#7829,#7830,#7831),.UNSPECIFIED.,.F.,
 .F.,(3,3),(0.,1.),.PIECEWISE_BEZIER_KNOTS.);
#297=B_SPLINE_CURVE_WITH_KNOTS('',2,(#7835,#7836,#7837),.UNSPECIFIED.,.F.,
 .F.,(3,3),(0.,1.),.PIECEWISE_BEZIER_KNOTS.);
#298=B_SPLINE_CURVE_WITH_KNOTS('',2,(#7846,#7847,#7848),.UNSPECIFIED.,.F.,
 .F.,(3,3),(0.,1.),.PIECEWISE_BEZIER_KNOTS.);
#299=B_SPLINE_CURVE_WITH_KNOTS('',2,(#7852,#7853,#7854),.UNSPECIFIED.,.F.,
 .F.,(3,3),(0.,1.),.PIECEWISE_BEZIER_KNOTS.);
#300=B_SPLINE_CURVE_WITH_KNOTS('',2,(#7863,#7864,#7865),.UNSPECIFIED.,.F.,
 .F.,(3,3),(0.,1.),.PIECEWISE_BEZIER_KNOTS.);
#301=B_SPLINE_CURVE_WITH_KNOTS('',2,(#7869,#7870,#7871),.UNSPECIFIED.,.F.,
 .F.,(3,3),(0.,1.),.PIECEWISE_BEZIER_KNOTS.);
#302=B_SPLINE_CURVE_WITH_KNOTS('',2,(#7886,#7887,#7888),.UNSPECIFIED.,.F.,
 .F.,(3,3),(0.,1.),.PIECEWISE_BEZIER_KNOTS.);
#303=B_SPLINE_CURVE_WITH_KNOTS('',2,(#7892,#7893,#7894),.UNSPECIFIED.,.F.,
 .F.,(3,3),(0.,1.),.PIECEWISE_BEZIER_KNOTS.);
#304=B_SPLINE_CURVE_WITH_KNOTS('',2,(#7905,#7906,#7907),.UNSPECIFIED.,.F.,
 .F.,(3,3),(0.,1.),.PIECEWISE_BEZIER_KNOTS.);
#305=B_SPLINE_CURVE_WITH_KNOTS('',2,(#7924,#7925,#7926),.UNSPECIFIED.,.F.,
 .F.,(3,3),(0.,1.),.PIECEWISE_BEZIER_KNOTS.);
#306=B_SPLINE_CURVE_WITH_KNOTS('',2,(#7937,#7938,#7939),.UNSPECIFIED.,.F.,
 .F.,(3,3),(0.,1.),.PIECEWISE_BEZIER_KNOTS.);
#307=B_SPLINE_CURVE_WITH_KNOTS('',2,(#7958,#7959,#7960),.UNSPECIFIED.,.F.,
 .F.,(3,3),(0.,1.),.PIECEWISE_BEZIER_KNOTS.);
#308=B_SPLINE_CURVE_WITH_KNOTS('',2,(#7971,#7972,#7973),.UNSPECIFIED.,.F.,
 .F.,(3,3),(0.,1.),.PIECEWISE_BEZIER_KNOTS.);
#309=B_SPLINE_CURVE_WITH_KNOTS('',2,(#7984,#7985,#7986),.UNSPECIFIED.,.F.,
 .F.,(3,3),(0.,1.),.PIECEWISE_BEZIER_KNOTS.);
#310=B_SPLINE_CURVE_WITH_KNOTS('',2,(#7997,#7998,#7999),.UNSPECIFIED.,.F.,
 .F.,(3,3),(0.,1.),.PIECEWISE_BEZIER_KNOTS.);
#311=B_SPLINE_CURVE_WITH_KNOTS('',2,(#8026,#8027,#8028),.UNSPECIFIED.,.F.,
 .F.,(3,3),(0.,1.),.PIECEWISE_BEZIER_KNOTS.);
#312=B_SPLINE_CURVE_WITH_KNOTS('',2,(#8029,#8030,#8031),.UNSPECIFIED.,.F.,
 .F.,(3,3),(0.,1.),.PIECEWISE_BEZIER_KNOTS.);
#313=B_SPLINE_CURVE_WITH_KNOTS('',2,(#8041,#8042,#8043),.UNSPECIFIED.,.F.,
 .F.,(3,3),(0.,1.),.PIECEWISE_BEZIER_KNOTS.);
#314=B_SPLINE_CURVE_WITH_KNOTS('',2,(#8048,#8049,#8050),.UNSPECIFIED.,.F.,
 .F.,(3,3),(0.,1.),.PIECEWISE_BEZIER_KNOTS.);
#315=B_SPLINE_CURVE_WITH_KNOTS('',2,(#8061,#8062,#8063),.UNSPECIFIED.,.F.,
 .F.,(3,3),(0.,1.),.PIECEWISE_BEZIER_KNOTS.);
#316=B_SPLINE_CURVE_WITH_KNOTS('',2,(#8067,#8068,#8069),.UNSPECIFIED.,.F.,
 .F.,(3,3),(0.,1.),.PIECEWISE_BEZIER_KNOTS.);
#317=B_SPLINE_CURVE_WITH_KNOTS('',2,(#8078,#8079,#8080),.UNSPECIFIED.,.F.,
 .F.,(3,3),(0.,1.),.PIECEWISE_BEZIER_KNOTS.);
#318=B_SPLINE_CURVE_WITH_KNOTS('',2,(#8084,#8085,#8086),.UNSPECIFIED.,.F.,
 .F.,(3,3),(0.,1.),.PIECEWISE_BEZIER_KNOTS.);
#319=B_SPLINE_CURVE_WITH_KNOTS('',2,(#8101,#8102,#8103),.UNSPECIFIED.,.F.,
 .F.,(3,3),(0.,1.),.PIECEWISE_BEZIER_KNOTS.);
#320=B_SPLINE_CURVE_WITH_KNOTS('',2,(#8107,#8108,#8109),.UNSPECIFIED.,.F.,
 .F.,(3,3),(0.,1.),.PIECEWISE_BEZIER_KNOTS.);
#321=B_SPLINE_CURVE_WITH_KNOTS('',2,(#8140,#8141,#8142),.UNSPECIFIED.,.F.,
 .F.,(3,3),(0.,1.),.PIECEWISE_BEZIER_KNOTS.);
#322=B_SPLINE_CURVE_WITH_KNOTS('',2,(#8161,#8162,#8163),.UNSPECIFIED.,.F.,
 .F.,(3,3),(0.,1.),.PIECEWISE_BEZIER_KNOTS.);
#323=B_SPLINE_CURVE_WITH_KNOTS('',2,(#8174,#8175,#8176),.UNSPECIFIED.,.F.,
 .F.,(3,3),(0.,1.),.PIECEWISE_BEZIER_KNOTS.);
#324=B_SPLINE_CURVE_WITH_KNOTS('',2,(#8187,#8188,#8189),.UNSPECIFIED.,.F.,
 .F.,(3,3),(0.,1.),.PIECEWISE_BEZIER_KNOTS.);
#325=B_SPLINE_CURVE_WITH_KNOTS('',2,(#8200,#8201,#8202),.UNSPECIFIED.,.F.,
 .F.,(3,3),(0.,1.),.PIECEWISE_BEZIER_KNOTS.);
#326=B_SPLINE_CURVE_WITH_KNOTS('',2,(#8217,#8218,#8219),.UNSPECIFIED.,.F.,
 .F.,(3,3),(0.,1.),.PIECEWISE_BEZIER_KNOTS.);
#327=B_SPLINE_CURVE_WITH_KNOTS('',2,(#8230,#8231,#8232),.UNSPECIFIED.,.F.,
 .F.,(3,3),(0.,1.),.PIECEWISE_BEZIER_KNOTS.);
#328=B_SPLINE_CURVE_WITH_KNOTS('',2,(#8243,#8244,#8245),.UNSPECIFIED.,.F.,
 .F.,(3,3),(0.,1.),.PIECEWISE_BEZIER_KNOTS.);
#329=B_SPLINE_CURVE_WITH_KNOTS('',2,(#8256,#8257,#8258),.UNSPECIFIED.,.F.,
 .F.,(3,3),(0.,1.),.PIECEWISE_BEZIER_KNOTS.);
#330=B_SPLINE_CURVE_WITH_KNOTS('',2,(#8281,#8282,#8283),.UNSPECIFIED.,.F.,
 .F.,(3,3),(0.,1.),.PIECEWISE_BEZIER_KNOTS.);
#331=B_SPLINE_CURVE_WITH_KNOTS('',2,(#8294,#8295,#8296),.UNSPECIFIED.,.F.,
 .F.,(3,3),(0.,1.),.PIECEWISE_BEZIER_KNOTS.);
#332=B_SPLINE_CURVE_WITH_KNOTS('',2,(#8307,#8308,#8309),.UNSPECIFIED.,.F.,
 .F.,(3,3),(0.,1.),.PIECEWISE_BEZIER_KNOTS.);
#333=B_SPLINE_CURVE_WITH_KNOTS('',2,(#8320,#8321,#8322),.UNSPECIFIED.,.F.,
 .F.,(3,3),(0.,1.),.PIECEWISE_BEZIER_KNOTS.);
#334=B_SPLINE_CURVE_WITH_KNOTS('',2,(#8331,#8332,#8333),.UNSPECIFIED.,.F.,
 .F.,(3,3),(0.,1.),.PIECEWISE_BEZIER_KNOTS.);
#335=B_SPLINE_CURVE_WITH_KNOTS('',2,(#8367,#8368,#8369),.UNSPECIFIED.,.F.,
 .F.,(3,3),(0.,1.),.PIECEWISE_BEZIER_KNOTS.);
#336=B_SPLINE_CURVE_WITH_KNOTS('',2,(#8373,#8374,#8375),.UNSPECIFIED.,.F.,
 .F.,(3,3),(0.,1.),.PIECEWISE_BEZIER_KNOTS.);
#337=B_SPLINE_CURVE_WITH_KNOTS('',2,(#8384,#8385,#8386),.UNSPECIFIED.,.F.,
 .F.,(3,3),(0.,1.),.PIECEWISE_BEZIER_KNOTS.);
#338=B_SPLINE_CURVE_WITH_KNOTS('',2,(#8390,#8391,#8392),.UNSPECIFIED.,.F.,
 .F.,(3,3),(0.,1.),.PIECEWISE_BEZIER_KNOTS.);
#339=B_SPLINE_CURVE_WITH_KNOTS('',2,(#8401,#8402,#8403),.UNSPECIFIED.,.F.,
 .F.,(3,3),(0.,1.),.PIECEWISE_BEZIER_KNOTS.);
#340=B_SPLINE_CURVE_WITH_KNOTS('',2,(#8407,#8408,#8409),.UNSPECIFIED.,.F.,
 .F.,(3,3),(0.,1.),.PIECEWISE_BEZIER_KNOTS.);
#341=B_SPLINE_CURVE_WITH_KNOTS('',2,(#8442,#8443,#8444),.UNSPECIFIED.,.F.,
 .F.,(3,3),(0.,1.),.PIECEWISE_BEZIER_KNOTS.);
#342=B_SPLINE_CURVE_WITH_KNOTS('',2,(#8455,#8456,#8457),.UNSPECIFIED.,.F.,
 .F.,(3,3),(0.,1.),.PIECEWISE_BEZIER_KNOTS.);
#343=B_SPLINE_CURVE_WITH_KNOTS('',2,(#8468,#8469,#8470),.UNSPECIFIED.,.F.,
 .F.,(3,3),(0.,1.),.PIECEWISE_BEZIER_KNOTS.);
#344=B_SPLINE_CURVE_WITH_KNOTS('',2,(#8493,#8494,#8495),.UNSPECIFIED.,.F.,
 .F.,(3,3),(0.,1.),.PIECEWISE_BEZIER_KNOTS.);
#345=B_SPLINE_CURVE_WITH_KNOTS('',2,(#8496,#8497,#8498),.UNSPECIFIED.,.F.,
 .F.,(3,3),(0.,1.),.PIECEWISE_BEZIER_KNOTS.);
#346=B_SPLINE_CURVE_WITH_KNOTS('',2,(#8524,#8525,#8526),.UNSPECIFIED.,.F.,
 .F.,(3,3),(0.,1.),.PIECEWISE_BEZIER_KNOTS.);
#347=B_SPLINE_CURVE_WITH_KNOTS('',2,(#8555,#8556,#8557),.UNSPECIFIED.,.F.,
 .F.,(3,3),(0.,1.),.PIECEWISE_BEZIER_KNOTS.);
#348=B_SPLINE_CURVE_WITH_KNOTS('',2,(#8654,#8655,#8656),.UNSPECIFIED.,.F.,
 .F.,(3,3),(0.,1.),.PIECEWISE_BEZIER_KNOTS.);
#349=B_SPLINE_CURVE_WITH_KNOTS('',2,(#8660,#8661,#8662),.UNSPECIFIED.,.F.,
 .F.,(3,3),(0.,1.),.PIECEWISE_BEZIER_KNOTS.);
#350=B_SPLINE_CURVE_WITH_KNOTS('',2,(#8671,#8672,#8673),.UNSPECIFIED.,.F.,
 .F.,(3,3),(0.,1.),.PIECEWISE_BEZIER_KNOTS.);
#351=B_SPLINE_CURVE_WITH_KNOTS('',2,(#8677,#8678,#8679),.UNSPECIFIED.,.F.,
 .F.,(3,3),(0.,1.),.PIECEWISE_BEZIER_KNOTS.);
#352=B_SPLINE_CURVE_WITH_KNOTS('',2,(#8688,#8689,#8690),.UNSPECIFIED.,.F.,
 .F.,(3,3),(0.,1.),.PIECEWISE_BEZIER_KNOTS.);
#353=B_SPLINE_CURVE_WITH_KNOTS('',2,(#8694,#8695,#8696),.UNSPECIFIED.,.F.,
 .F.,(3,3),(0.,1.),.PIECEWISE_BEZIER_KNOTS.);
#354=B_SPLINE_CURVE_WITH_KNOTS('',2,(#8717,#8718,#8719),.UNSPECIFIED.,.F.,
 .F.,(3,3),(0.,1.),.PIECEWISE_BEZIER_KNOTS.);
#355=B_SPLINE_CURVE_WITH_KNOTS('',2,(#8730,#8731,#8732),.UNSPECIFIED.,.F.,
 .F.,(3,3),(0.,1.),.PIECEWISE_BEZIER_KNOTS.);
#356=B_SPLINE_CURVE_WITH_KNOTS('',2,(#8743,#8744,#8745),.UNSPECIFIED.,.F.,
 .F.,(3,3),(0.,1.),.PIECEWISE_BEZIER_KNOTS.);
#357=B_SPLINE_CURVE_WITH_KNOTS('',2,(#8756,#8757,#8758),.UNSPECIFIED.,.F.,
 .F.,(3,3),(0.,1.),.PIECEWISE_BEZIER_KNOTS.);
#358=B_SPLINE_CURVE_WITH_KNOTS('',2,(#8777,#8778,#8779),.UNSPECIFIED.,.F.,
 .F.,(3,3),(0.,1.),.PIECEWISE_BEZIER_KNOTS.);
#359=B_SPLINE_CURVE_WITH_KNOTS('',2,(#8780,#8781,#8782),.UNSPECIFIED.,.F.,
 .F.,(3,3),(0.,1.),.PIECEWISE_BEZIER_KNOTS.);
#360=ORIENTED_EDGE('',*,*,#1844,.T.);
#361=ORIENTED_EDGE('',*,*,#1845,.T.);
#362=ORIENTED_EDGE('',*,*,#1846,.T.);
#363=ORIENTED_EDGE('',*,*,#1847,.T.);
#364=ORIENTED_EDGE('',*,*,#1848,.T.);
#365=ORIENTED_EDGE('',*,*,#1849,.T.);
#366=ORIENTED_EDGE('',*,*,#1850,.T.);
#367=ORIENTED_EDGE('',*,*,#1851,.T.);
#368=ORIENTED_EDGE('',*,*,#1852,.T.);
#369=ORIENTED_EDGE('',*,*,#1853,.T.);
#370=ORIENTED_EDGE('',*,*,#1854,.T.);
#371=ORIENTED_EDGE('',*,*,#1855,.T.);
#372=ORIENTED_EDGE('',*,*,#1856,.T.);
#373=ORIENTED_EDGE('',*,*,#1857,.T.);
#374=ORIENTED_EDGE('',*,*,#1858,.T.);
#375=ORIENTED_EDGE('',*,*,#1859,.T.);
#376=ORIENTED_EDGE('',*,*,#1860,.T.);
#377=ORIENTED_EDGE('',*,*,#1861,.T.);
#378=ORIENTED_EDGE('',*,*,#1862,.T.);
#379=ORIENTED_EDGE('',*,*,#1863,.T.);
#380=ORIENTED_EDGE('',*,*,#1864,.T.);
#381=ORIENTED_EDGE('',*,*,#1865,.T.);
#382=ORIENTED_EDGE('',*,*,#1866,.T.);
#383=ORIENTED_EDGE('',*,*,#1867,.T.);
#384=ORIENTED_EDGE('',*,*,#1868,.T.);
#385=ORIENTED_EDGE('',*,*,#1869,.T.);
#386=ORIENTED_EDGE('',*,*,#1870,.T.);
#387=ORIENTED_EDGE('',*,*,#1871,.T.);
#388=ORIENTED_EDGE('',*,*,#1872,.T.);
#389=ORIENTED_EDGE('',*,*,#1873,.T.);
#390=ORIENTED_EDGE('',*,*,#1874,.T.);
#391=ORIENTED_EDGE('',*,*,#1875,.T.);
#392=ORIENTED_EDGE('',*,*,#1876,.T.);
#393=ORIENTED_EDGE('',*,*,#1877,.T.);
#394=ORIENTED_EDGE('',*,*,#1878,.T.);
#395=ORIENTED_EDGE('',*,*,#1879,.T.);
#396=ORIENTED_EDGE('',*,*,#1880,.T.);
#397=ORIENTED_EDGE('',*,*,#1881,.T.);
#398=ORIENTED_EDGE('',*,*,#1882,.T.);
#399=ORIENTED_EDGE('',*,*,#1883,.T.);
#400=ORIENTED_EDGE('',*,*,#1884,.T.);
#401=ORIENTED_EDGE('',*,*,#1885,.T.);
#402=ORIENTED_EDGE('',*,*,#1886,.T.);
#403=ORIENTED_EDGE('',*,*,#1887,.T.);
#404=ORIENTED_EDGE('',*,*,#1888,.T.);
#405=ORIENTED_EDGE('',*,*,#1889,.T.);
#406=ORIENTED_EDGE('',*,*,#1890,.T.);
#407=ORIENTED_EDGE('',*,*,#1891,.T.);
#408=ORIENTED_EDGE('',*,*,#1892,.T.);
#409=ORIENTED_EDGE('',*,*,#1893,.T.);
#410=ORIENTED_EDGE('',*,*,#1894,.T.);
#411=ORIENTED_EDGE('',*,*,#1895,.T.);
#412=ORIENTED_EDGE('',*,*,#1896,.T.);
#413=ORIENTED_EDGE('',*,*,#1897,.T.);
#414=ORIENTED_EDGE('',*,*,#1898,.T.);
#415=ORIENTED_EDGE('',*,*,#1899,.T.);
#416=ORIENTED_EDGE('',*,*,#1900,.T.);
#417=ORIENTED_EDGE('',*,*,#1901,.T.);
#418=ORIENTED_EDGE('',*,*,#1902,.T.);
#419=ORIENTED_EDGE('',*,*,#1903,.T.);
#420=ORIENTED_EDGE('',*,*,#1904,.T.);
#421=ORIENTED_EDGE('',*,*,#1905,.T.);
#422=ORIENTED_EDGE('',*,*,#1906,.T.);
#423=ORIENTED_EDGE('',*,*,#1907,.T.);
#424=ORIENTED_EDGE('',*,*,#1908,.T.);
#425=ORIENTED_EDGE('',*,*,#1909,.T.);
#426=ORIENTED_EDGE('',*,*,#1910,.T.);
#427=ORIENTED_EDGE('',*,*,#1911,.T.);
#428=ORIENTED_EDGE('',*,*,#1912,.T.);
#429=ORIENTED_EDGE('',*,*,#1913,.T.);
#430=ORIENTED_EDGE('',*,*,#1914,.T.);
#431=ORIENTED_EDGE('',*,*,#1915,.T.);
#432=ORIENTED_EDGE('',*,*,#1916,.T.);
#433=ORIENTED_EDGE('',*,*,#1917,.T.);
#434=ORIENTED_EDGE('',*,*,#1918,.T.);
#435=ORIENTED_EDGE('',*,*,#1919,.T.);
#436=ORIENTED_EDGE('',*,*,#1920,.T.);
#437=ORIENTED_EDGE('',*,*,#1921,.T.);
#438=ORIENTED_EDGE('',*,*,#1922,.T.);
#439=ORIENTED_EDGE('',*,*,#1923,.T.);
#440=ORIENTED_EDGE('',*,*,#1924,.T.);
#441=ORIENTED_EDGE('',*,*,#1925,.T.);
#442=ORIENTED_EDGE('',*,*,#1926,.T.);
#443=ORIENTED_EDGE('',*,*,#1927,.T.);
#444=ORIENTED_EDGE('',*,*,#1928,.T.);
#445=ORIENTED_EDGE('',*,*,#1929,.T.);
#446=ORIENTED_EDGE('',*,*,#1930,.T.);
#447=ORIENTED_EDGE('',*,*,#1931,.T.);
#448=ORIENTED_EDGE('',*,*,#1932,.T.);
#449=ORIENTED_EDGE('',*,*,#1933,.T.);
#450=ORIENTED_EDGE('',*,*,#1934,.F.);
#451=ORIENTED_EDGE('',*,*,#1935,.T.);
#452=ORIENTED_EDGE('',*,*,#1936,.T.);
#453=ORIENTED_EDGE('',*,*,#1937,.F.);
#454=ORIENTED_EDGE('',*,*,#1938,.F.);
#455=ORIENTED_EDGE('',*,*,#1939,.T.);
#456=ORIENTED_EDGE('',*,*,#1940,.T.);
#457=ORIENTED_EDGE('',*,*,#1941,.F.);
#458=ORIENTED_EDGE('',*,*,#1942,.F.);
#459=ORIENTED_EDGE('',*,*,#1943,.T.);
#460=ORIENTED_EDGE('',*,*,#1944,.T.);
#461=ORIENTED_EDGE('',*,*,#1945,.F.);
#462=ORIENTED_EDGE('',*,*,#1946,.F.);
#463=ORIENTED_EDGE('',*,*,#1947,.T.);
#464=ORIENTED_EDGE('',*,*,#1948,.T.);
#465=ORIENTED_EDGE('',*,*,#1949,.F.);
#466=ORIENTED_EDGE('',*,*,#1950,.F.);
#467=ORIENTED_EDGE('',*,*,#1951,.F.);
#468=ORIENTED_EDGE('',*,*,#1952,.F.);
#469=ORIENTED_EDGE('',*,*,#1953,.F.);
#470=ORIENTED_EDGE('',*,*,#1954,.F.);
#471=ORIENTED_EDGE('',*,*,#1955,.T.);
#472=ORIENTED_EDGE('',*,*,#1956,.T.);
#473=ORIENTED_EDGE('',*,*,#1957,.T.);
#474=ORIENTED_EDGE('',*,*,#1958,.T.);
#475=ORIENTED_EDGE('',*,*,#1959,.T.);
#476=ORIENTED_EDGE('',*,*,#1960,.T.);
#477=ORIENTED_EDGE('',*,*,#1961,.T.);
#478=ORIENTED_EDGE('',*,*,#1962,.T.);
#479=ORIENTED_EDGE('',*,*,#1963,.T.);
#480=ORIENTED_EDGE('',*,*,#1964,.T.);
#481=ORIENTED_EDGE('',*,*,#1965,.T.);
#482=ORIENTED_EDGE('',*,*,#1966,.T.);
#483=ORIENTED_EDGE('',*,*,#1967,.T.);
#484=ORIENTED_EDGE('',*,*,#1968,.T.);
#485=ORIENTED_EDGE('',*,*,#1969,.T.);
#486=ORIENTED_EDGE('',*,*,#1970,.T.);
#487=ORIENTED_EDGE('',*,*,#1971,.T.);
#488=ORIENTED_EDGE('',*,*,#1972,.T.);
#489=ORIENTED_EDGE('',*,*,#1973,.T.);
#490=ORIENTED_EDGE('',*,*,#1974,.T.);
#491=ORIENTED_EDGE('',*,*,#1975,.T.);
#492=ORIENTED_EDGE('',*,*,#1976,.T.);
#493=ORIENTED_EDGE('',*,*,#1977,.T.);
#494=ORIENTED_EDGE('',*,*,#1978,.T.);
#495=ORIENTED_EDGE('',*,*,#1979,.T.);
#496=ORIENTED_EDGE('',*,*,#1980,.T.);
#497=ORIENTED_EDGE('',*,*,#1981,.T.);
#498=ORIENTED_EDGE('',*,*,#1982,.T.);
#499=ORIENTED_EDGE('',*,*,#1983,.T.);
#500=ORIENTED_EDGE('',*,*,#1984,.T.);
#501=ORIENTED_EDGE('',*,*,#1985,.T.);
#502=ORIENTED_EDGE('',*,*,#1986,.T.);
#503=ORIENTED_EDGE('',*,*,#1987,.T.);
#504=ORIENTED_EDGE('',*,*,#1988,.T.);
#505=ORIENTED_EDGE('',*,*,#1989,.T.);
#506=ORIENTED_EDGE('',*,*,#1990,.T.);
#507=ORIENTED_EDGE('',*,*,#1991,.T.);
#508=ORIENTED_EDGE('',*,*,#1992,.T.);
#509=ORIENTED_EDGE('',*,*,#1993,.T.);
#510=ORIENTED_EDGE('',*,*,#1994,.T.);
#511=ORIENTED_EDGE('',*,*,#1995,.T.);
#512=ORIENTED_EDGE('',*,*,#1996,.T.);
#513=ORIENTED_EDGE('',*,*,#1997,.T.);
#514=ORIENTED_EDGE('',*,*,#1998,.T.);
#515=ORIENTED_EDGE('',*,*,#1999,.T.);
#516=ORIENTED_EDGE('',*,*,#2000,.T.);
#517=ORIENTED_EDGE('',*,*,#2001,.T.);
#518=ORIENTED_EDGE('',*,*,#2002,.T.);
#519=ORIENTED_EDGE('',*,*,#2003,.T.);
#520=ORIENTED_EDGE('',*,*,#2004,.T.);
#521=ORIENTED_EDGE('',*,*,#2005,.T.);
#522=ORIENTED_EDGE('',*,*,#2006,.T.);
#523=ORIENTED_EDGE('',*,*,#2007,.T.);
#524=ORIENTED_EDGE('',*,*,#2008,.T.);
#525=ORIENTED_EDGE('',*,*,#2009,.T.);
#526=ORIENTED_EDGE('',*,*,#2010,.T.);
#527=ORIENTED_EDGE('',*,*,#2011,.T.);
#528=ORIENTED_EDGE('',*,*,#2012,.T.);
#529=ORIENTED_EDGE('',*,*,#2013,.T.);
#530=ORIENTED_EDGE('',*,*,#2014,.T.);
#531=ORIENTED_EDGE('',*,*,#2015,.T.);
#532=ORIENTED_EDGE('',*,*,#2016,.T.);
#533=ORIENTED_EDGE('',*,*,#2017,.T.);
#534=ORIENTED_EDGE('',*,*,#2018,.T.);
#535=ORIENTED_EDGE('',*,*,#2019,.T.);
#536=ORIENTED_EDGE('',*,*,#2020,.T.);
#537=ORIENTED_EDGE('',*,*,#2021,.T.);
#538=ORIENTED_EDGE('',*,*,#2022,.T.);
#539=ORIENTED_EDGE('',*,*,#2023,.T.);
#540=ORIENTED_EDGE('',*,*,#2024,.T.);
#541=ORIENTED_EDGE('',*,*,#2025,.T.);
#542=ORIENTED_EDGE('',*,*,#2026,.T.);
#543=ORIENTED_EDGE('',*,*,#2027,.T.);
#544=ORIENTED_EDGE('',*,*,#2028,.T.);
#545=ORIENTED_EDGE('',*,*,#2029,.T.);
#546=ORIENTED_EDGE('',*,*,#2030,.T.);
#547=ORIENTED_EDGE('',*,*,#2031,.T.);
#548=ORIENTED_EDGE('',*,*,#2032,.T.);
#549=ORIENTED_EDGE('',*,*,#2033,.T.);
#550=ORIENTED_EDGE('',*,*,#2034,.T.);
#551=ORIENTED_EDGE('',*,*,#2035,.T.);
#552=ORIENTED_EDGE('',*,*,#2036,.T.);
#553=ORIENTED_EDGE('',*,*,#2037,.T.);
#554=ORIENTED_EDGE('',*,*,#2038,.T.);
#555=ORIENTED_EDGE('',*,*,#2039,.T.);
#556=ORIENTED_EDGE('',*,*,#2040,.T.);
#557=ORIENTED_EDGE('',*,*,#2041,.T.);
#558=ORIENTED_EDGE('',*,*,#2042,.T.);
#559=ORIENTED_EDGE('',*,*,#2043,.T.);
#560=ORIENTED_EDGE('',*,*,#2044,.T.);
#561=ORIENTED_EDGE('',*,*,#2045,.T.);
#562=ORIENTED_EDGE('',*,*,#2046,.T.);
#563=ORIENTED_EDGE('',*,*,#2047,.F.);
#564=ORIENTED_EDGE('',*,*,#2048,.F.);
#565=ORIENTED_EDGE('',*,*,#2049,.F.);
#566=ORIENTED_EDGE('',*,*,#2050,.F.);
#567=ORIENTED_EDGE('',*,*,#2051,.F.);
#568=ORIENTED_EDGE('',*,*,#2052,.T.);
#569=ORIENTED_EDGE('',*,*,#2053,.T.);
#570=ORIENTED_EDGE('',*,*,#2054,.F.);
#571=ORIENTED_EDGE('',*,*,#2055,.T.);
#572=ORIENTED_EDGE('',*,*,#2056,.T.);
#573=ORIENTED_EDGE('',*,*,#2057,.F.);
#574=ORIENTED_EDGE('',*,*,#2058,.F.);
#575=ORIENTED_EDGE('',*,*,#2059,.T.);
#576=ORIENTED_EDGE('',*,*,#2060,.F.);
#577=ORIENTED_EDGE('',*,*,#2061,.T.);
#578=ORIENTED_EDGE('',*,*,#2062,.T.);
#579=ORIENTED_EDGE('',*,*,#2063,.F.);
#580=ORIENTED_EDGE('',*,*,#2064,.F.);
#581=ORIENTED_EDGE('',*,*,#2065,.T.);
#582=ORIENTED_EDGE('',*,*,#2066,.T.);
#583=ORIENTED_EDGE('',*,*,#2067,.F.);
#584=ORIENTED_EDGE('',*,*,#2055,.F.);
#585=ORIENTED_EDGE('',*,*,#2068,.F.);
#586=ORIENTED_EDGE('',*,*,#1946,.T.);
#587=ORIENTED_EDGE('',*,*,#2069,.T.);
#588=ORIENTED_EDGE('',*,*,#2058,.T.);
#589=ORIENTED_EDGE('',*,*,#2070,.F.);
#590=ORIENTED_EDGE('',*,*,#1947,.F.);
#591=ORIENTED_EDGE('',*,*,#2068,.T.);
#592=ORIENTED_EDGE('',*,*,#2057,.T.);
#593=ORIENTED_EDGE('',*,*,#2071,.F.);
#594=ORIENTED_EDGE('',*,*,#1948,.F.);
#595=ORIENTED_EDGE('',*,*,#2070,.T.);
#596=ORIENTED_EDGE('',*,*,#2056,.F.);
#597=ORIENTED_EDGE('',*,*,#2069,.F.);
#598=ORIENTED_EDGE('',*,*,#1949,.T.);
#599=ORIENTED_EDGE('',*,*,#2071,.T.);
#600=ORIENTED_EDGE('',*,*,#1950,.T.);
#601=ORIENTED_EDGE('',*,*,#2059,.F.);
#602=ORIENTED_EDGE('',*,*,#2060,.T.);
#603=ORIENTED_EDGE('',*,*,#2072,.T.);
#604=ORIENTED_EDGE('',*,*,#1943,.F.);
#605=ORIENTED_EDGE('',*,*,#2073,.F.);
#606=ORIENTED_EDGE('',*,*,#2073,.T.);
#607=ORIENTED_EDGE('',*,*,#1942,.T.);
#608=ORIENTED_EDGE('',*,*,#2074,.F.);
#609=ORIENTED_EDGE('',*,*,#2061,.F.);
#610=ORIENTED_EDGE('',*,*,#2074,.T.);
#611=ORIENTED_EDGE('',*,*,#1945,.T.);
#612=ORIENTED_EDGE('',*,*,#2075,.F.);
#613=ORIENTED_EDGE('',*,*,#2062,.F.);
#614=ORIENTED_EDGE('',*,*,#2063,.T.);
#615=ORIENTED_EDGE('',*,*,#2075,.T.);
#616=ORIENTED_EDGE('',*,*,#1944,.F.);
#617=ORIENTED_EDGE('',*,*,#2072,.F.);
#618=ORIENTED_EDGE('',*,*,#2051,.T.);
#619=ORIENTED_EDGE('',*,*,#2076,.T.);
#620=ORIENTED_EDGE('',*,*,#1939,.F.);
#621=ORIENTED_EDGE('',*,*,#2077,.F.);
#622=ORIENTED_EDGE('',*,*,#2077,.T.);
#623=ORIENTED_EDGE('',*,*,#1938,.T.);
#624=ORIENTED_EDGE('',*,*,#2078,.F.);
#625=ORIENTED_EDGE('',*,*,#2052,.F.);
#626=ORIENTED_EDGE('',*,*,#2078,.T.);
#627=ORIENTED_EDGE('',*,*,#1941,.T.);
#628=ORIENTED_EDGE('',*,*,#2079,.F.);
#629=ORIENTED_EDGE('',*,*,#2053,.F.);
#630=ORIENTED_EDGE('',*,*,#2054,.T.);
#631=ORIENTED_EDGE('',*,*,#2079,.T.);
#632=ORIENTED_EDGE('',*,*,#1940,.F.);
#633=ORIENTED_EDGE('',*,*,#2076,.F.);
#634=ORIENTED_EDGE('',*,*,#2064,.T.);
#635=ORIENTED_EDGE('',*,*,#2080,.T.);
#636=ORIENTED_EDGE('',*,*,#1935,.F.);
#637=ORIENTED_EDGE('',*,*,#2081,.F.);
#638=ORIENTED_EDGE('',*,*,#2081,.T.);
#639=ORIENTED_EDGE('',*,*,#1934,.T.);
#640=ORIENTED_EDGE('',*,*,#2082,.F.);
#641=ORIENTED_EDGE('',*,*,#2065,.F.);
#642=ORIENTED_EDGE('',*,*,#2082,.T.);
#643=ORIENTED_EDGE('',*,*,#1937,.T.);
#644=ORIENTED_EDGE('',*,*,#2083,.F.);
#645=ORIENTED_EDGE('',*,*,#2066,.F.);
#646=ORIENTED_EDGE('',*,*,#2067,.T.);
#647=ORIENTED_EDGE('',*,*,#2083,.T.);
#648=ORIENTED_EDGE('',*,*,#1936,.F.);
#649=ORIENTED_EDGE('',*,*,#2080,.F.);
#650=ORIENTED_EDGE('',*,*,#1951,.T.);
#651=ORIENTED_EDGE('',*,*,#2050,.T.);
#652=ORIENTED_EDGE('',*,*,#1952,.T.);
#653=ORIENTED_EDGE('',*,*,#2049,.T.);
#654=ORIENTED_EDGE('',*,*,#1953,.T.);
#655=ORIENTED_EDGE('',*,*,#2048,.T.);
#656=ORIENTED_EDGE('',*,*,#1954,.T.);
#657=ORIENTED_EDGE('',*,*,#2047,.T.);
#658=ORIENTED_EDGE('',*,*,#1931,.F.);
#659=ORIENTED_EDGE('',*,*,#2084,.F.);
#660=ORIENTED_EDGE('',*,*,#2085,.T.);
#661=ORIENTED_EDGE('',*,*,#2086,.T.);
#662=ORIENTED_EDGE('',*,*,#1930,.F.);
#663=ORIENTED_EDGE('',*,*,#2087,.F.);
#664=ORIENTED_EDGE('',*,*,#2088,.T.);
#665=ORIENTED_EDGE('',*,*,#2084,.T.);
#666=ORIENTED_EDGE('',*,*,#1933,.F.);
#667=ORIENTED_EDGE('',*,*,#2089,.F.);
#668=ORIENTED_EDGE('',*,*,#2090,.T.);
#669=ORIENTED_EDGE('',*,*,#2087,.T.);
#670=ORIENTED_EDGE('',*,*,#1932,.F.);
#671=ORIENTED_EDGE('',*,*,#2086,.F.);
#672=ORIENTED_EDGE('',*,*,#2091,.T.);
#673=ORIENTED_EDGE('',*,*,#2089,.T.);
#674=ORIENTED_EDGE('',*,*,#2085,.F.);
#675=ORIENTED_EDGE('',*,*,#2088,.F.);
#676=ORIENTED_EDGE('',*,*,#2090,.F.);
#677=ORIENTED_EDGE('',*,*,#2091,.F.);
#678=ORIENTED_EDGE('',*,*,#2092,.F.);
#679=ORIENTED_EDGE('',*,*,#2093,.F.);
#680=ORIENTED_EDGE('',*,*,#2094,.T.);
#681=ORIENTED_EDGE('',*,*,#2095,.T.);
#682=ORIENTED_EDGE('',*,*,#2096,.F.);
#683=ORIENTED_EDGE('',*,*,#2097,.F.);
#684=ORIENTED_EDGE('',*,*,#2098,.T.);
#685=ORIENTED_EDGE('',*,*,#2093,.T.);
#686=ORIENTED_EDGE('',*,*,#2099,.F.);
#687=ORIENTED_EDGE('',*,*,#2100,.F.);
#688=ORIENTED_EDGE('',*,*,#2101,.T.);
#689=ORIENTED_EDGE('',*,*,#2097,.T.);
#690=ORIENTED_EDGE('',*,*,#2102,.F.);
#691=ORIENTED_EDGE('',*,*,#2103,.F.);
#692=ORIENTED_EDGE('',*,*,#2104,.T.);
#693=ORIENTED_EDGE('',*,*,#2100,.T.);
#694=ORIENTED_EDGE('',*,*,#2105,.F.);
#695=ORIENTED_EDGE('',*,*,#2106,.F.);
#696=ORIENTED_EDGE('',*,*,#2107,.T.);
#697=ORIENTED_EDGE('',*,*,#2103,.T.);
#698=ORIENTED_EDGE('',*,*,#2108,.F.);
#699=ORIENTED_EDGE('',*,*,#2109,.F.);
#700=ORIENTED_EDGE('',*,*,#2110,.T.);
#701=ORIENTED_EDGE('',*,*,#2106,.T.);
#702=ORIENTED_EDGE('',*,*,#1956,.F.);
#703=ORIENTED_EDGE('',*,*,#2111,.F.);
#704=ORIENTED_EDGE('',*,*,#2112,.T.);
#705=ORIENTED_EDGE('',*,*,#2113,.T.);
#706=ORIENTED_EDGE('',*,*,#1955,.F.);
#707=ORIENTED_EDGE('',*,*,#2114,.F.);
#708=ORIENTED_EDGE('',*,*,#2115,.T.);
#709=ORIENTED_EDGE('',*,*,#2111,.T.);
#710=ORIENTED_EDGE('',*,*,#1971,.F.);
#711=ORIENTED_EDGE('',*,*,#2116,.F.);
#712=ORIENTED_EDGE('',*,*,#2117,.T.);
#713=ORIENTED_EDGE('',*,*,#2114,.T.);
#714=ORIENTED_EDGE('',*,*,#1970,.F.);
#715=ORIENTED_EDGE('',*,*,#2118,.F.);
#716=ORIENTED_EDGE('',*,*,#2119,.T.);
#717=ORIENTED_EDGE('',*,*,#2116,.T.);
#718=ORIENTED_EDGE('',*,*,#1969,.F.);
#719=ORIENTED_EDGE('',*,*,#2120,.F.);
#720=ORIENTED_EDGE('',*,*,#2121,.T.);
#721=ORIENTED_EDGE('',*,*,#2118,.T.);
#722=ORIENTED_EDGE('',*,*,#1968,.F.);
#723=ORIENTED_EDGE('',*,*,#2122,.F.);
#724=ORIENTED_EDGE('',*,*,#2123,.T.);
#725=ORIENTED_EDGE('',*,*,#2120,.T.);
#726=ORIENTED_EDGE('',*,*,#1967,.F.);
#727=ORIENTED_EDGE('',*,*,#2124,.F.);
#728=ORIENTED_EDGE('',*,*,#2125,.T.);
#729=ORIENTED_EDGE('',*,*,#2122,.T.);
#730=ORIENTED_EDGE('',*,*,#1966,.F.);
#731=ORIENTED_EDGE('',*,*,#2126,.F.);
#732=ORIENTED_EDGE('',*,*,#2127,.T.);
#733=ORIENTED_EDGE('',*,*,#2124,.T.);
#734=ORIENTED_EDGE('',*,*,#1965,.F.);
#735=ORIENTED_EDGE('',*,*,#2128,.F.);
#736=ORIENTED_EDGE('',*,*,#2129,.T.);
#737=ORIENTED_EDGE('',*,*,#2126,.T.);
#738=ORIENTED_EDGE('',*,*,#1964,.F.);
#739=ORIENTED_EDGE('',*,*,#2130,.F.);
#740=ORIENTED_EDGE('',*,*,#2131,.T.);
#741=ORIENTED_EDGE('',*,*,#2128,.T.);
#742=ORIENTED_EDGE('',*,*,#1963,.F.);
#743=ORIENTED_EDGE('',*,*,#2132,.F.);
#744=ORIENTED_EDGE('',*,*,#2133,.T.);
#745=ORIENTED_EDGE('',*,*,#2130,.T.);
#746=ORIENTED_EDGE('',*,*,#1962,.F.);
#747=ORIENTED_EDGE('',*,*,#2134,.F.);
#748=ORIENTED_EDGE('',*,*,#2135,.T.);
#749=ORIENTED_EDGE('',*,*,#2132,.T.);
#750=ORIENTED_EDGE('',*,*,#1961,.F.);
#751=ORIENTED_EDGE('',*,*,#2136,.F.);
#752=ORIENTED_EDGE('',*,*,#2137,.T.);
#753=ORIENTED_EDGE('',*,*,#2134,.T.);
#754=ORIENTED_EDGE('',*,*,#1960,.F.);
#755=ORIENTED_EDGE('',*,*,#2138,.F.);
#756=ORIENTED_EDGE('',*,*,#2139,.T.);
#757=ORIENTED_EDGE('',*,*,#2136,.T.);
#758=ORIENTED_EDGE('',*,*,#1959,.F.);
#759=ORIENTED_EDGE('',*,*,#2140,.F.);
#760=ORIENTED_EDGE('',*,*,#2141,.T.);
#761=ORIENTED_EDGE('',*,*,#2138,.T.);
#762=ORIENTED_EDGE('',*,*,#1958,.F.);
#763=ORIENTED_EDGE('',*,*,#2142,.F.);
#764=ORIENTED_EDGE('',*,*,#2143,.T.);
#765=ORIENTED_EDGE('',*,*,#2140,.T.);
#766=ORIENTED_EDGE('',*,*,#1957,.F.);
#767=ORIENTED_EDGE('',*,*,#2113,.F.);
#768=ORIENTED_EDGE('',*,*,#2144,.T.);
#769=ORIENTED_EDGE('',*,*,#2142,.T.);
#770=ORIENTED_EDGE('',*,*,#2145,.F.);
#771=ORIENTED_EDGE('',*,*,#2095,.F.);
#772=ORIENTED_EDGE('',*,*,#2146,.T.);
#773=ORIENTED_EDGE('',*,*,#2109,.T.);
#774=ORIENTED_EDGE('',*,*,#2112,.F.);
#775=ORIENTED_EDGE('',*,*,#2115,.F.);
#776=ORIENTED_EDGE('',*,*,#2117,.F.);
#777=ORIENTED_EDGE('',*,*,#2119,.F.);
#778=ORIENTED_EDGE('',*,*,#2121,.F.);
#779=ORIENTED_EDGE('',*,*,#2123,.F.);
#780=ORIENTED_EDGE('',*,*,#2125,.F.);
#781=ORIENTED_EDGE('',*,*,#2127,.F.);
#782=ORIENTED_EDGE('',*,*,#2129,.F.);
#783=ORIENTED_EDGE('',*,*,#2131,.F.);
#784=ORIENTED_EDGE('',*,*,#2133,.F.);
#785=ORIENTED_EDGE('',*,*,#2135,.F.);
#786=ORIENTED_EDGE('',*,*,#2137,.F.);
#787=ORIENTED_EDGE('',*,*,#2139,.F.);
#788=ORIENTED_EDGE('',*,*,#2141,.F.);
#789=ORIENTED_EDGE('',*,*,#2143,.F.);
#790=ORIENTED_EDGE('',*,*,#2144,.F.);
#791=ORIENTED_EDGE('',*,*,#2094,.F.);
#792=ORIENTED_EDGE('',*,*,#2098,.F.);
#793=ORIENTED_EDGE('',*,*,#2101,.F.);
#794=ORIENTED_EDGE('',*,*,#2104,.F.);
#795=ORIENTED_EDGE('',*,*,#2107,.F.);
#796=ORIENTED_EDGE('',*,*,#2110,.F.);
#797=ORIENTED_EDGE('',*,*,#2146,.F.);
#798=ORIENTED_EDGE('',*,*,#2147,.F.);
#799=ORIENTED_EDGE('',*,*,#2148,.F.);
#800=ORIENTED_EDGE('',*,*,#2149,.T.);
#801=ORIENTED_EDGE('',*,*,#2150,.T.);
#802=ORIENTED_EDGE('',*,*,#2151,.F.);
#803=ORIENTED_EDGE('',*,*,#2152,.F.);
#804=ORIENTED_EDGE('',*,*,#2153,.T.);
#805=ORIENTED_EDGE('',*,*,#2148,.T.);
#806=ORIENTED_EDGE('',*,*,#2154,.F.);
#807=ORIENTED_EDGE('',*,*,#2155,.F.);
#808=ORIENTED_EDGE('',*,*,#2156,.T.);
#809=ORIENTED_EDGE('',*,*,#2152,.T.);
#810=ORIENTED_EDGE('',*,*,#2157,.F.);
#811=ORIENTED_EDGE('',*,*,#2158,.F.);
#812=ORIENTED_EDGE('',*,*,#2159,.T.);
#813=ORIENTED_EDGE('',*,*,#2155,.T.);
#814=ORIENTED_EDGE('',*,*,#2160,.F.);
#815=ORIENTED_EDGE('',*,*,#2161,.F.);
#816=ORIENTED_EDGE('',*,*,#2162,.T.);
#817=ORIENTED_EDGE('',*,*,#2158,.T.);
#818=ORIENTED_EDGE('',*,*,#2163,.F.);
#819=ORIENTED_EDGE('',*,*,#2164,.F.);
#820=ORIENTED_EDGE('',*,*,#2165,.T.);
#821=ORIENTED_EDGE('',*,*,#2161,.T.);
#822=ORIENTED_EDGE('',*,*,#2166,.F.);
#823=ORIENTED_EDGE('',*,*,#2167,.F.);
#824=ORIENTED_EDGE('',*,*,#2168,.T.);
#825=ORIENTED_EDGE('',*,*,#2164,.T.);
#826=ORIENTED_EDGE('',*,*,#1921,.F.);
#827=ORIENTED_EDGE('',*,*,#2169,.F.);
#828=ORIENTED_EDGE('',*,*,#2170,.T.);
#829=ORIENTED_EDGE('',*,*,#2171,.T.);
#830=ORIENTED_EDGE('',*,*,#1920,.F.);
#831=ORIENTED_EDGE('',*,*,#2172,.F.);
#832=ORIENTED_EDGE('',*,*,#2173,.T.);
#833=ORIENTED_EDGE('',*,*,#2169,.T.);
#834=ORIENTED_EDGE('',*,*,#1929,.F.);
#835=ORIENTED_EDGE('',*,*,#2174,.F.);
#836=ORIENTED_EDGE('',*,*,#2175,.T.);
#837=ORIENTED_EDGE('',*,*,#2172,.T.);
#838=ORIENTED_EDGE('',*,*,#1928,.F.);
#839=ORIENTED_EDGE('',*,*,#2176,.F.);
#840=ORIENTED_EDGE('',*,*,#2177,.T.);
#841=ORIENTED_EDGE('',*,*,#2174,.T.);
#842=ORIENTED_EDGE('',*,*,#1927,.F.);
#843=ORIENTED_EDGE('',*,*,#2178,.F.);
#844=ORIENTED_EDGE('',*,*,#2179,.T.);
#845=ORIENTED_EDGE('',*,*,#2176,.T.);
#846=ORIENTED_EDGE('',*,*,#1926,.F.);
#847=ORIENTED_EDGE('',*,*,#2180,.F.);
#848=ORIENTED_EDGE('',*,*,#2181,.T.);
#849=ORIENTED_EDGE('',*,*,#2178,.T.);
#850=ORIENTED_EDGE('',*,*,#1925,.F.);
#851=ORIENTED_EDGE('',*,*,#2182,.F.);
#852=ORIENTED_EDGE('',*,*,#2183,.T.);
#853=ORIENTED_EDGE('',*,*,#2180,.T.);
#854=ORIENTED_EDGE('',*,*,#1924,.F.);
#855=ORIENTED_EDGE('',*,*,#2184,.F.);
#856=ORIENTED_EDGE('',*,*,#2185,.T.);
#857=ORIENTED_EDGE('',*,*,#2182,.T.);
#858=ORIENTED_EDGE('',*,*,#1923,.F.);
#859=ORIENTED_EDGE('',*,*,#2186,.F.);
#860=ORIENTED_EDGE('',*,*,#2187,.T.);
#861=ORIENTED_EDGE('',*,*,#2184,.T.);
#862=ORIENTED_EDGE('',*,*,#1922,.F.);
#863=ORIENTED_EDGE('',*,*,#2171,.F.);
#864=ORIENTED_EDGE('',*,*,#2188,.T.);
#865=ORIENTED_EDGE('',*,*,#2186,.T.);
#866=ORIENTED_EDGE('',*,*,#2189,.F.);
#867=ORIENTED_EDGE('',*,*,#2150,.F.);
#868=ORIENTED_EDGE('',*,*,#2190,.T.);
#869=ORIENTED_EDGE('',*,*,#2167,.T.);
#870=ORIENTED_EDGE('',*,*,#2170,.F.);
#871=ORIENTED_EDGE('',*,*,#2173,.F.);
#872=ORIENTED_EDGE('',*,*,#2175,.F.);
#873=ORIENTED_EDGE('',*,*,#2177,.F.);
#874=ORIENTED_EDGE('',*,*,#2179,.F.);
#875=ORIENTED_EDGE('',*,*,#2181,.F.);
#876=ORIENTED_EDGE('',*,*,#2183,.F.);
#877=ORIENTED_EDGE('',*,*,#2185,.F.);
#878=ORIENTED_EDGE('',*,*,#2187,.F.);
#879=ORIENTED_EDGE('',*,*,#2188,.F.);
#880=ORIENTED_EDGE('',*,*,#2149,.F.);
#881=ORIENTED_EDGE('',*,*,#2153,.F.);
#882=ORIENTED_EDGE('',*,*,#2156,.F.);
#883=ORIENTED_EDGE('',*,*,#2159,.F.);
#884=ORIENTED_EDGE('',*,*,#2162,.F.);
#885=ORIENTED_EDGE('',*,*,#2165,.F.);
#886=ORIENTED_EDGE('',*,*,#2168,.F.);
#887=ORIENTED_EDGE('',*,*,#2190,.F.);
#888=ORIENTED_EDGE('',*,*,#1907,.F.);
#889=ORIENTED_EDGE('',*,*,#2191,.F.);
#890=ORIENTED_EDGE('',*,*,#2192,.T.);
#891=ORIENTED_EDGE('',*,*,#2193,.T.);
#892=ORIENTED_EDGE('',*,*,#1906,.F.);
#893=ORIENTED_EDGE('',*,*,#2194,.F.);
#894=ORIENTED_EDGE('',*,*,#2195,.T.);
#895=ORIENTED_EDGE('',*,*,#2191,.T.);
#896=ORIENTED_EDGE('',*,*,#1919,.F.);
#897=ORIENTED_EDGE('',*,*,#2196,.F.);
#898=ORIENTED_EDGE('',*,*,#2197,.T.);
#899=ORIENTED_EDGE('',*,*,#2194,.T.);
#900=ORIENTED_EDGE('',*,*,#1918,.F.);
#901=ORIENTED_EDGE('',*,*,#2198,.F.);
#902=ORIENTED_EDGE('',*,*,#2199,.T.);
#903=ORIENTED_EDGE('',*,*,#2196,.T.);
#904=ORIENTED_EDGE('',*,*,#1917,.F.);
#905=ORIENTED_EDGE('',*,*,#2200,.F.);
#906=ORIENTED_EDGE('',*,*,#2201,.T.);
#907=ORIENTED_EDGE('',*,*,#2198,.T.);
#908=ORIENTED_EDGE('',*,*,#1916,.F.);
#909=ORIENTED_EDGE('',*,*,#2202,.F.);
#910=ORIENTED_EDGE('',*,*,#2203,.T.);
#911=ORIENTED_EDGE('',*,*,#2200,.T.);
#912=ORIENTED_EDGE('',*,*,#1915,.F.);
#913=ORIENTED_EDGE('',*,*,#2204,.F.);
#914=ORIENTED_EDGE('',*,*,#2205,.T.);
#915=ORIENTED_EDGE('',*,*,#2202,.T.);
#916=ORIENTED_EDGE('',*,*,#1914,.F.);
#917=ORIENTED_EDGE('',*,*,#2206,.F.);
#918=ORIENTED_EDGE('',*,*,#2207,.T.);
#919=ORIENTED_EDGE('',*,*,#2204,.T.);
#920=ORIENTED_EDGE('',*,*,#1913,.F.);
#921=ORIENTED_EDGE('',*,*,#2208,.F.);
#922=ORIENTED_EDGE('',*,*,#2209,.T.);
#923=ORIENTED_EDGE('',*,*,#2206,.T.);
#924=ORIENTED_EDGE('',*,*,#1912,.F.);
#925=ORIENTED_EDGE('',*,*,#2210,.F.);
#926=ORIENTED_EDGE('',*,*,#2211,.T.);
#927=ORIENTED_EDGE('',*,*,#2208,.T.);
#928=ORIENTED_EDGE('',*,*,#1911,.F.);
#929=ORIENTED_EDGE('',*,*,#2212,.F.);
#930=ORIENTED_EDGE('',*,*,#2213,.T.);
#931=ORIENTED_EDGE('',*,*,#2210,.T.);
#932=ORIENTED_EDGE('',*,*,#1910,.F.);
#933=ORIENTED_EDGE('',*,*,#2214,.F.);
#934=ORIENTED_EDGE('',*,*,#2215,.T.);
#935=ORIENTED_EDGE('',*,*,#2212,.T.);
#936=ORIENTED_EDGE('',*,*,#1909,.F.);
#937=ORIENTED_EDGE('',*,*,#2216,.F.);
#938=ORIENTED_EDGE('',*,*,#2217,.T.);
#939=ORIENTED_EDGE('',*,*,#2214,.T.);
#940=ORIENTED_EDGE('',*,*,#1908,.F.);
#941=ORIENTED_EDGE('',*,*,#2193,.F.);
#942=ORIENTED_EDGE('',*,*,#2218,.T.);
#943=ORIENTED_EDGE('',*,*,#2216,.T.);
#944=ORIENTED_EDGE('',*,*,#2192,.F.);
#945=ORIENTED_EDGE('',*,*,#2195,.F.);
#946=ORIENTED_EDGE('',*,*,#2197,.F.);
#947=ORIENTED_EDGE('',*,*,#2199,.F.);
#948=ORIENTED_EDGE('',*,*,#2201,.F.);
#949=ORIENTED_EDGE('',*,*,#2203,.F.);
#950=ORIENTED_EDGE('',*,*,#2205,.F.);
#951=ORIENTED_EDGE('',*,*,#2207,.F.);
#952=ORIENTED_EDGE('',*,*,#2209,.F.);
#953=ORIENTED_EDGE('',*,*,#2211,.F.);
#954=ORIENTED_EDGE('',*,*,#2213,.F.);
#955=ORIENTED_EDGE('',*,*,#2215,.F.);
#956=ORIENTED_EDGE('',*,*,#2217,.F.);
#957=ORIENTED_EDGE('',*,*,#2218,.F.);
#958=ORIENTED_EDGE('',*,*,#1893,.F.);
#959=ORIENTED_EDGE('',*,*,#2219,.F.);
#960=ORIENTED_EDGE('',*,*,#2220,.T.);
#961=ORIENTED_EDGE('',*,*,#2221,.T.);
#962=ORIENTED_EDGE('',*,*,#1892,.F.);
#963=ORIENTED_EDGE('',*,*,#2222,.F.);
#964=ORIENTED_EDGE('',*,*,#2223,.T.);
#965=ORIENTED_EDGE('',*,*,#2219,.T.);
#966=ORIENTED_EDGE('',*,*,#1905,.F.);
#967=ORIENTED_EDGE('',*,*,#2224,.F.);
#968=ORIENTED_EDGE('',*,*,#2225,.T.);
#969=ORIENTED_EDGE('',*,*,#2222,.T.);
#970=ORIENTED_EDGE('',*,*,#1904,.F.);
#971=ORIENTED_EDGE('',*,*,#2226,.F.);
#972=ORIENTED_EDGE('',*,*,#2227,.T.);
#973=ORIENTED_EDGE('',*,*,#2224,.T.);
#974=ORIENTED_EDGE('',*,*,#1903,.F.);
#975=ORIENTED_EDGE('',*,*,#2228,.F.);
#976=ORIENTED_EDGE('',*,*,#2229,.T.);
#977=ORIENTED_EDGE('',*,*,#2226,.T.);
#978=ORIENTED_EDGE('',*,*,#1902,.F.);
#979=ORIENTED_EDGE('',*,*,#2230,.F.);
#980=ORIENTED_EDGE('',*,*,#2231,.T.);
#981=ORIENTED_EDGE('',*,*,#2228,.T.);
#982=ORIENTED_EDGE('',*,*,#1901,.F.);
#983=ORIENTED_EDGE('',*,*,#2232,.F.);
#984=ORIENTED_EDGE('',*,*,#2233,.T.);
#985=ORIENTED_EDGE('',*,*,#2230,.T.);
#986=ORIENTED_EDGE('',*,*,#1900,.F.);
#987=ORIENTED_EDGE('',*,*,#2234,.F.);
#988=ORIENTED_EDGE('',*,*,#2235,.T.);
#989=ORIENTED_EDGE('',*,*,#2232,.T.);
#990=ORIENTED_EDGE('',*,*,#1899,.F.);
#991=ORIENTED_EDGE('',*,*,#2236,.F.);
#992=ORIENTED_EDGE('',*,*,#2237,.T.);
#993=ORIENTED_EDGE('',*,*,#2234,.T.);
#994=ORIENTED_EDGE('',*,*,#1898,.F.);
#995=ORIENTED_EDGE('',*,*,#2238,.F.);
#996=ORIENTED_EDGE('',*,*,#2239,.T.);
#997=ORIENTED_EDGE('',*,*,#2236,.T.);
#998=ORIENTED_EDGE('',*,*,#1897,.F.);
#999=ORIENTED_EDGE('',*,*,#2240,.F.);
#1000=ORIENTED_EDGE('',*,*,#2241,.T.);
#1001=ORIENTED_EDGE('',*,*,#2238,.T.);
#1002=ORIENTED_EDGE('',*,*,#1896,.F.);
#1003=ORIENTED_EDGE('',*,*,#2242,.F.);
#1004=ORIENTED_EDGE('',*,*,#2243,.T.);
#1005=ORIENTED_EDGE('',*,*,#2240,.T.);
#1006=ORIENTED_EDGE('',*,*,#1895,.F.);
#1007=ORIENTED_EDGE('',*,*,#2244,.F.);
#1008=ORIENTED_EDGE('',*,*,#2245,.T.);
#1009=ORIENTED_EDGE('',*,*,#2242,.T.);
#1010=ORIENTED_EDGE('',*,*,#1894,.F.);
#1011=ORIENTED_EDGE('',*,*,#2221,.F.);
#1012=ORIENTED_EDGE('',*,*,#2246,.T.);
#1013=ORIENTED_EDGE('',*,*,#2244,.T.);
#1014=ORIENTED_EDGE('',*,*,#2220,.F.);
#1015=ORIENTED_EDGE('',*,*,#2223,.F.);
#1016=ORIENTED_EDGE('',*,*,#2225,.F.);
#1017=ORIENTED_EDGE('',*,*,#2227,.F.);
#1018=ORIENTED_EDGE('',*,*,#2229,.F.);
#1019=ORIENTED_EDGE('',*,*,#2231,.F.);
#1020=ORIENTED_EDGE('',*,*,#2233,.F.);
#1021=ORIENTED_EDGE('',*,*,#2235,.F.);
#1022=ORIENTED_EDGE('',*,*,#2237,.F.);
#1023=ORIENTED_EDGE('',*,*,#2239,.F.);
#1024=ORIENTED_EDGE('',*,*,#2241,.F.);
#1025=ORIENTED_EDGE('',*,*,#2243,.F.);
#1026=ORIENTED_EDGE('',*,*,#2245,.F.);
#1027=ORIENTED_EDGE('',*,*,#2246,.F.);
#1028=ORIENTED_EDGE('',*,*,#1885,.F.);
#1029=ORIENTED_EDGE('',*,*,#2247,.F.);
#1030=ORIENTED_EDGE('',*,*,#2248,.T.);
#1031=ORIENTED_EDGE('',*,*,#2249,.T.);
#1032=ORIENTED_EDGE('',*,*,#1884,.F.);
#1033=ORIENTED_EDGE('',*,*,#2250,.F.);
#1034=ORIENTED_EDGE('',*,*,#2251,.T.);
#1035=ORIENTED_EDGE('',*,*,#2247,.T.);
#1036=ORIENTED_EDGE('',*,*,#1891,.F.);
#1037=ORIENTED_EDGE('',*,*,#2252,.F.);
#1038=ORIENTED_EDGE('',*,*,#2253,.T.);
#1039=ORIENTED_EDGE('',*,*,#2250,.T.);
#1040=ORIENTED_EDGE('',*,*,#1890,.F.);
#1041=ORIENTED_EDGE('',*,*,#2254,.F.);
#1042=ORIENTED_EDGE('',*,*,#2255,.T.);
#1043=ORIENTED_EDGE('',*,*,#2252,.T.);
#1044=ORIENTED_EDGE('',*,*,#1889,.F.);
#1045=ORIENTED_EDGE('',*,*,#2256,.F.);
#1046=ORIENTED_EDGE('',*,*,#2257,.T.);
#1047=ORIENTED_EDGE('',*,*,#2254,.T.);
#1048=ORIENTED_EDGE('',*,*,#1888,.F.);
#1049=ORIENTED_EDGE('',*,*,#2258,.F.);
#1050=ORIENTED_EDGE('',*,*,#2259,.T.);
#1051=ORIENTED_EDGE('',*,*,#2256,.T.);
#1052=ORIENTED_EDGE('',*,*,#1887,.F.);
#1053=ORIENTED_EDGE('',*,*,#2260,.F.);
#1054=ORIENTED_EDGE('',*,*,#2261,.T.);
#1055=ORIENTED_EDGE('',*,*,#2258,.T.);
#1056=ORIENTED_EDGE('',*,*,#1886,.F.);
#1057=ORIENTED_EDGE('',*,*,#2249,.F.);
#1058=ORIENTED_EDGE('',*,*,#2262,.T.);
#1059=ORIENTED_EDGE('',*,*,#2260,.T.);
#1060=ORIENTED_EDGE('',*,*,#2248,.F.);
#1061=ORIENTED_EDGE('',*,*,#2251,.F.);
#1062=ORIENTED_EDGE('',*,*,#2253,.F.);
#1063=ORIENTED_EDGE('',*,*,#2255,.F.);
#1064=ORIENTED_EDGE('',*,*,#2257,.F.);
#1065=ORIENTED_EDGE('',*,*,#2259,.F.);
#1066=ORIENTED_EDGE('',*,*,#2261,.F.);
#1067=ORIENTED_EDGE('',*,*,#2262,.F.);
#1068=ORIENTED_EDGE('',*,*,#1877,.F.);
#1069=ORIENTED_EDGE('',*,*,#2263,.F.);
#1070=ORIENTED_EDGE('',*,*,#2264,.T.);
#1071=ORIENTED_EDGE('',*,*,#2265,.T.);
#1072=ORIENTED_EDGE('',*,*,#1876,.F.);
#1073=ORIENTED_EDGE('',*,*,#2266,.F.);
#1074=ORIENTED_EDGE('',*,*,#2267,.T.);
#1075=ORIENTED_EDGE('',*,*,#2263,.T.);
#1076=ORIENTED_EDGE('',*,*,#1883,.F.);
#1077=ORIENTED_EDGE('',*,*,#2268,.F.);
#1078=ORIENTED_EDGE('',*,*,#2269,.T.);
#1079=ORIENTED_EDGE('',*,*,#2266,.T.);
#1080=ORIENTED_EDGE('',*,*,#1882,.F.);
#1081=ORIENTED_EDGE('',*,*,#2270,.F.);
#1082=ORIENTED_EDGE('',*,*,#2271,.T.);
#1083=ORIENTED_EDGE('',*,*,#2268,.T.);
#1084=ORIENTED_EDGE('',*,*,#1881,.F.);
#1085=ORIENTED_EDGE('',*,*,#2272,.F.);
#1086=ORIENTED_EDGE('',*,*,#2273,.T.);
#1087=ORIENTED_EDGE('',*,*,#2270,.T.);
#1088=ORIENTED_EDGE('',*,*,#1880,.F.);
#1089=ORIENTED_EDGE('',*,*,#2274,.F.);
#1090=ORIENTED_EDGE('',*,*,#2275,.T.);
#1091=ORIENTED_EDGE('',*,*,#2272,.T.);
#1092=ORIENTED_EDGE('',*,*,#1879,.F.);
#1093=ORIENTED_EDGE('',*,*,#2276,.F.);
#1094=ORIENTED_EDGE('',*,*,#2277,.T.);
#1095=ORIENTED_EDGE('',*,*,#2274,.T.);
#1096=ORIENTED_EDGE('',*,*,#1878,.F.);
#1097=ORIENTED_EDGE('',*,*,#2265,.F.);
#1098=ORIENTED_EDGE('',*,*,#2278,.T.);
#1099=ORIENTED_EDGE('',*,*,#2276,.T.);
#1100=ORIENTED_EDGE('',*,*,#2264,.F.);
#1101=ORIENTED_EDGE('',*,*,#2267,.F.);
#1102=ORIENTED_EDGE('',*,*,#2269,.F.);
#1103=ORIENTED_EDGE('',*,*,#2271,.F.);
#1104=ORIENTED_EDGE('',*,*,#2273,.F.);
#1105=ORIENTED_EDGE('',*,*,#2275,.F.);
#1106=ORIENTED_EDGE('',*,*,#2277,.F.);
#1107=ORIENTED_EDGE('',*,*,#2278,.F.);
#1108=ORIENTED_EDGE('',*,*,#2279,.F.);
#1109=ORIENTED_EDGE('',*,*,#2280,.F.);
#1110=ORIENTED_EDGE('',*,*,#2281,.T.);
#1111=ORIENTED_EDGE('',*,*,#2282,.T.);
#1112=ORIENTED_EDGE('',*,*,#2283,.F.);
#1113=ORIENTED_EDGE('',*,*,#2284,.F.);
#1114=ORIENTED_EDGE('',*,*,#2285,.T.);
#1115=ORIENTED_EDGE('',*,*,#2280,.T.);
#1116=ORIENTED_EDGE('',*,*,#2286,.F.);
#1117=ORIENTED_EDGE('',*,*,#2287,.F.);
#1118=ORIENTED_EDGE('',*,*,#2288,.T.);
#1119=ORIENTED_EDGE('',*,*,#2284,.T.);
#1120=ORIENTED_EDGE('',*,*,#2289,.F.);
#1121=ORIENTED_EDGE('',*,*,#2290,.F.);
#1122=ORIENTED_EDGE('',*,*,#2291,.T.);
#1123=ORIENTED_EDGE('',*,*,#2287,.T.);
#1124=ORIENTED_EDGE('',*,*,#2292,.F.);
#1125=ORIENTED_EDGE('',*,*,#2293,.F.);
#1126=ORIENTED_EDGE('',*,*,#2294,.T.);
#1127=ORIENTED_EDGE('',*,*,#2290,.T.);
#1128=ORIENTED_EDGE('',*,*,#2295,.F.);
#1129=ORIENTED_EDGE('',*,*,#2296,.F.);
#1130=ORIENTED_EDGE('',*,*,#2297,.T.);
#1131=ORIENTED_EDGE('',*,*,#2293,.T.);
#1132=ORIENTED_EDGE('',*,*,#1973,.F.);
#1133=ORIENTED_EDGE('',*,*,#2298,.F.);
#1134=ORIENTED_EDGE('',*,*,#2299,.T.);
#1135=ORIENTED_EDGE('',*,*,#2300,.T.);
#1136=ORIENTED_EDGE('',*,*,#1972,.F.);
#1137=ORIENTED_EDGE('',*,*,#2301,.F.);
#1138=ORIENTED_EDGE('',*,*,#2302,.T.);
#1139=ORIENTED_EDGE('',*,*,#2298,.T.);
#1140=ORIENTED_EDGE('',*,*,#1986,.F.);
#1141=ORIENTED_EDGE('',*,*,#2303,.F.);
#1142=ORIENTED_EDGE('',*,*,#2304,.T.);
#1143=ORIENTED_EDGE('',*,*,#2301,.T.);
#1144=ORIENTED_EDGE('',*,*,#1985,.F.);
#1145=ORIENTED_EDGE('',*,*,#2305,.F.);
#1146=ORIENTED_EDGE('',*,*,#2306,.T.);
#1147=ORIENTED_EDGE('',*,*,#2303,.T.);
#1148=ORIENTED_EDGE('',*,*,#1984,.F.);
#1149=ORIENTED_EDGE('',*,*,#2307,.F.);
#1150=ORIENTED_EDGE('',*,*,#2308,.T.);
#1151=ORIENTED_EDGE('',*,*,#2305,.T.);
#1152=ORIENTED_EDGE('',*,*,#1983,.F.);
#1153=ORIENTED_EDGE('',*,*,#2309,.F.);
#1154=ORIENTED_EDGE('',*,*,#2310,.T.);
#1155=ORIENTED_EDGE('',*,*,#2307,.T.);
#1156=ORIENTED_EDGE('',*,*,#1982,.F.);
#1157=ORIENTED_EDGE('',*,*,#2311,.F.);
#1158=ORIENTED_EDGE('',*,*,#2312,.T.);
#1159=ORIENTED_EDGE('',*,*,#2309,.T.);
#1160=ORIENTED_EDGE('',*,*,#1981,.F.);
#1161=ORIENTED_EDGE('',*,*,#2313,.F.);
#1162=ORIENTED_EDGE('',*,*,#2314,.T.);
#1163=ORIENTED_EDGE('',*,*,#2311,.T.);
#1164=ORIENTED_EDGE('',*,*,#1980,.F.);
#1165=ORIENTED_EDGE('',*,*,#2315,.F.);
#1166=ORIENTED_EDGE('',*,*,#2316,.T.);
#1167=ORIENTED_EDGE('',*,*,#2313,.T.);
#1168=ORIENTED_EDGE('',*,*,#1979,.F.);
#1169=ORIENTED_EDGE('',*,*,#2317,.F.);
#1170=ORIENTED_EDGE('',*,*,#2318,.T.);
#1171=ORIENTED_EDGE('',*,*,#2315,.T.);
#1172=ORIENTED_EDGE('',*,*,#1978,.F.);
#1173=ORIENTED_EDGE('',*,*,#2319,.F.);
#1174=ORIENTED_EDGE('',*,*,#2320,.T.);
#1175=ORIENTED_EDGE('',*,*,#2317,.T.);
#1176=ORIENTED_EDGE('',*,*,#1977,.F.);
#1177=ORIENTED_EDGE('',*,*,#2321,.F.);
#1178=ORIENTED_EDGE('',*,*,#2322,.T.);
#1179=ORIENTED_EDGE('',*,*,#2319,.T.);
#1180=ORIENTED_EDGE('',*,*,#1976,.F.);
#1181=ORIENTED_EDGE('',*,*,#2323,.F.);
#1182=ORIENTED_EDGE('',*,*,#2324,.T.);
#1183=ORIENTED_EDGE('',*,*,#2321,.T.);
#1184=ORIENTED_EDGE('',*,*,#1975,.F.);
#1185=ORIENTED_EDGE('',*,*,#2325,.F.);
#1186=ORIENTED_EDGE('',*,*,#2326,.T.);
#1187=ORIENTED_EDGE('',*,*,#2323,.T.);
#1188=ORIENTED_EDGE('',*,*,#1974,.F.);
#1189=ORIENTED_EDGE('',*,*,#2300,.F.);
#1190=ORIENTED_EDGE('',*,*,#2327,.T.);
#1191=ORIENTED_EDGE('',*,*,#2325,.T.);
#1192=ORIENTED_EDGE('',*,*,#2328,.F.);
#1193=ORIENTED_EDGE('',*,*,#2282,.F.);
#1194=ORIENTED_EDGE('',*,*,#2329,.T.);
#1195=ORIENTED_EDGE('',*,*,#2296,.T.);
#1196=ORIENTED_EDGE('',*,*,#2299,.F.);
#1197=ORIENTED_EDGE('',*,*,#2302,.F.);
#1198=ORIENTED_EDGE('',*,*,#2304,.F.);
#1199=ORIENTED_EDGE('',*,*,#2306,.F.);
#1200=ORIENTED_EDGE('',*,*,#2308,.F.);
#1201=ORIENTED_EDGE('',*,*,#2310,.F.);
#1202=ORIENTED_EDGE('',*,*,#2312,.F.);
#1203=ORIENTED_EDGE('',*,*,#2314,.F.);
#1204=ORIENTED_EDGE('',*,*,#2316,.F.);
#1205=ORIENTED_EDGE('',*,*,#2318,.F.);
#1206=ORIENTED_EDGE('',*,*,#2320,.F.);
#1207=ORIENTED_EDGE('',*,*,#2322,.F.);
#1208=ORIENTED_EDGE('',*,*,#2324,.F.);
#1209=ORIENTED_EDGE('',*,*,#2326,.F.);
#1210=ORIENTED_EDGE('',*,*,#2327,.F.);
#1211=ORIENTED_EDGE('',*,*,#2281,.F.);
#1212=ORIENTED_EDGE('',*,*,#2285,.F.);
#1213=ORIENTED_EDGE('',*,*,#2288,.F.);
#1214=ORIENTED_EDGE('',*,*,#2291,.F.);
#1215=ORIENTED_EDGE('',*,*,#2294,.F.);
#1216=ORIENTED_EDGE('',*,*,#2297,.F.);
#1217=ORIENTED_EDGE('',*,*,#2329,.F.);
#1218=ORIENTED_EDGE('',*,*,#2330,.F.);
#1219=ORIENTED_EDGE('',*,*,#2331,.F.);
#1220=ORIENTED_EDGE('',*,*,#2332,.T.);
#1221=ORIENTED_EDGE('',*,*,#2333,.T.);
#1222=ORIENTED_EDGE('',*,*,#2334,.F.);
#1223=ORIENTED_EDGE('',*,*,#2335,.F.);
#1224=ORIENTED_EDGE('',*,*,#2336,.T.);
#1225=ORIENTED_EDGE('',*,*,#2331,.T.);
#1226=ORIENTED_EDGE('',*,*,#2337,.F.);
#1227=ORIENTED_EDGE('',*,*,#2338,.F.);
#1228=ORIENTED_EDGE('',*,*,#2339,.T.);
#1229=ORIENTED_EDGE('',*,*,#2335,.T.);
#1230=ORIENTED_EDGE('',*,*,#2340,.F.);
#1231=ORIENTED_EDGE('',*,*,#2341,.F.);
#1232=ORIENTED_EDGE('',*,*,#2342,.T.);
#1233=ORIENTED_EDGE('',*,*,#2338,.T.);
#1234=ORIENTED_EDGE('',*,*,#2343,.F.);
#1235=ORIENTED_EDGE('',*,*,#2344,.F.);
#1236=ORIENTED_EDGE('',*,*,#2345,.T.);
#1237=ORIENTED_EDGE('',*,*,#2341,.T.);
#1238=ORIENTED_EDGE('',*,*,#2346,.F.);
#1239=ORIENTED_EDGE('',*,*,#2347,.F.);
#1240=ORIENTED_EDGE('',*,*,#2348,.T.);
#1241=ORIENTED_EDGE('',*,*,#2344,.T.);
#1242=ORIENTED_EDGE('',*,*,#1854,.F.);
#1243=ORIENTED_EDGE('',*,*,#2349,.F.);
#1244=ORIENTED_EDGE('',*,*,#2350,.T.);
#1245=ORIENTED_EDGE('',*,*,#2351,.T.);
#1246=ORIENTED_EDGE('',*,*,#1853,.F.);
#1247=ORIENTED_EDGE('',*,*,#2352,.F.);
#1248=ORIENTED_EDGE('',*,*,#2353,.T.);
#1249=ORIENTED_EDGE('',*,*,#2349,.T.);
#1250=ORIENTED_EDGE('',*,*,#1875,.F.);
#1251=ORIENTED_EDGE('',*,*,#2354,.F.);
#1252=ORIENTED_EDGE('',*,*,#2355,.T.);
#1253=ORIENTED_EDGE('',*,*,#2352,.T.);
#1254=ORIENTED_EDGE('',*,*,#1874,.F.);
#1255=ORIENTED_EDGE('',*,*,#2356,.F.);
#1256=ORIENTED_EDGE('',*,*,#2357,.T.);
#1257=ORIENTED_EDGE('',*,*,#2354,.T.);
#1258=ORIENTED_EDGE('',*,*,#1873,.F.);
#1259=ORIENTED_EDGE('',*,*,#2358,.F.);
#1260=ORIENTED_EDGE('',*,*,#2359,.T.);
#1261=ORIENTED_EDGE('',*,*,#2356,.T.);
#1262=ORIENTED_EDGE('',*,*,#1872,.F.);
#1263=ORIENTED_EDGE('',*,*,#2360,.F.);
#1264=ORIENTED_EDGE('',*,*,#2361,.T.);
#1265=ORIENTED_EDGE('',*,*,#2358,.T.);
#1266=ORIENTED_EDGE('',*,*,#1871,.F.);
#1267=ORIENTED_EDGE('',*,*,#2362,.F.);
#1268=ORIENTED_EDGE('',*,*,#2363,.T.);
#1269=ORIENTED_EDGE('',*,*,#2360,.T.);
#1270=ORIENTED_EDGE('',*,*,#1870,.F.);
#1271=ORIENTED_EDGE('',*,*,#2364,.F.);
#1272=ORIENTED_EDGE('',*,*,#2365,.T.);
#1273=ORIENTED_EDGE('',*,*,#2362,.T.);
#1274=ORIENTED_EDGE('',*,*,#1869,.F.);
#1275=ORIENTED_EDGE('',*,*,#2366,.F.);
#1276=ORIENTED_EDGE('',*,*,#2367,.T.);
#1277=ORIENTED_EDGE('',*,*,#2364,.T.);
#1278=ORIENTED_EDGE('',*,*,#1868,.F.);
#1279=ORIENTED_EDGE('',*,*,#2368,.F.);
#1280=ORIENTED_EDGE('',*,*,#2369,.T.);
#1281=ORIENTED_EDGE('',*,*,#2366,.T.);
#1282=ORIENTED_EDGE('',*,*,#1867,.F.);
#1283=ORIENTED_EDGE('',*,*,#2370,.F.);
#1284=ORIENTED_EDGE('',*,*,#2371,.T.);
#1285=ORIENTED_EDGE('',*,*,#2368,.T.);
#1286=ORIENTED_EDGE('',*,*,#1866,.F.);
#1287=ORIENTED_EDGE('',*,*,#2372,.F.);
#1288=ORIENTED_EDGE('',*,*,#2373,.T.);
#1289=ORIENTED_EDGE('',*,*,#2370,.T.);
#1290=ORIENTED_EDGE('',*,*,#1865,.F.);
#1291=ORIENTED_EDGE('',*,*,#2374,.F.);
#1292=ORIENTED_EDGE('',*,*,#2375,.T.);
#1293=ORIENTED_EDGE('',*,*,#2372,.T.);
#1294=ORIENTED_EDGE('',*,*,#1864,.F.);
#1295=ORIENTED_EDGE('',*,*,#2376,.F.);
#1296=ORIENTED_EDGE('',*,*,#2377,.T.);
#1297=ORIENTED_EDGE('',*,*,#2374,.T.);
#1298=ORIENTED_EDGE('',*,*,#1863,.F.);
#1299=ORIENTED_EDGE('',*,*,#2378,.F.);
#1300=ORIENTED_EDGE('',*,*,#2379,.T.);
#1301=ORIENTED_EDGE('',*,*,#2376,.T.);
#1302=ORIENTED_EDGE('',*,*,#1862,.F.);
#1303=ORIENTED_EDGE('',*,*,#2380,.F.);
#1304=ORIENTED_EDGE('',*,*,#2381,.T.);
#1305=ORIENTED_EDGE('',*,*,#2378,.T.);
#1306=ORIENTED_EDGE('',*,*,#1861,.F.);
#1307=ORIENTED_EDGE('',*,*,#2382,.F.);
#1308=ORIENTED_EDGE('',*,*,#2383,.T.);
#1309=ORIENTED_EDGE('',*,*,#2380,.T.);
#1310=ORIENTED_EDGE('',*,*,#1860,.F.);
#1311=ORIENTED_EDGE('',*,*,#2384,.F.);
#1312=ORIENTED_EDGE('',*,*,#2385,.T.);
#1313=ORIENTED_EDGE('',*,*,#2382,.T.);
#1314=ORIENTED_EDGE('',*,*,#1859,.F.);
#1315=ORIENTED_EDGE('',*,*,#2386,.F.);
#1316=ORIENTED_EDGE('',*,*,#2387,.T.);
#1317=ORIENTED_EDGE('',*,*,#2384,.T.);
#1318=ORIENTED_EDGE('',*,*,#1858,.F.);
#1319=ORIENTED_EDGE('',*,*,#2388,.F.);
#1320=ORIENTED_EDGE('',*,*,#2389,.T.);
#1321=ORIENTED_EDGE('',*,*,#2386,.T.);
#1322=ORIENTED_EDGE('',*,*,#1857,.F.);
#1323=ORIENTED_EDGE('',*,*,#2390,.F.);
#1324=ORIENTED_EDGE('',*,*,#2391,.T.);
#1325=ORIENTED_EDGE('',*,*,#2388,.T.);
#1326=ORIENTED_EDGE('',*,*,#1856,.F.);
#1327=ORIENTED_EDGE('',*,*,#2392,.F.);
#1328=ORIENTED_EDGE('',*,*,#2393,.T.);
#1329=ORIENTED_EDGE('',*,*,#2390,.T.);
#1330=ORIENTED_EDGE('',*,*,#1855,.F.);
#1331=ORIENTED_EDGE('',*,*,#2351,.F.);
#1332=ORIENTED_EDGE('',*,*,#2394,.T.);
#1333=ORIENTED_EDGE('',*,*,#2392,.T.);
#1334=ORIENTED_EDGE('',*,*,#2395,.F.);
#1335=ORIENTED_EDGE('',*,*,#2333,.F.);
#1336=ORIENTED_EDGE('',*,*,#2396,.T.);
#1337=ORIENTED_EDGE('',*,*,#2347,.T.);
#1338=ORIENTED_EDGE('',*,*,#2350,.F.);
#1339=ORIENTED_EDGE('',*,*,#2353,.F.);
#1340=ORIENTED_EDGE('',*,*,#2355,.F.);
#1341=ORIENTED_EDGE('',*,*,#2357,.F.);
#1342=ORIENTED_EDGE('',*,*,#2359,.F.);
#1343=ORIENTED_EDGE('',*,*,#2361,.F.);
#1344=ORIENTED_EDGE('',*,*,#2363,.F.);
#1345=ORIENTED_EDGE('',*,*,#2365,.F.);
#1346=ORIENTED_EDGE('',*,*,#2367,.F.);
#1347=ORIENTED_EDGE('',*,*,#2369,.F.);
#1348=ORIENTED_EDGE('',*,*,#2371,.F.);
#1349=ORIENTED_EDGE('',*,*,#2373,.F.);
#1350=ORIENTED_EDGE('',*,*,#2375,.F.);
#1351=ORIENTED_EDGE('',*,*,#2377,.F.);
#1352=ORIENTED_EDGE('',*,*,#2379,.F.);
#1353=ORIENTED_EDGE('',*,*,#2381,.F.);
#1354=ORIENTED_EDGE('',*,*,#2383,.F.);
#1355=ORIENTED_EDGE('',*,*,#2385,.F.);
#1356=ORIENTED_EDGE('',*,*,#2387,.F.);
#1357=ORIENTED_EDGE('',*,*,#2389,.F.);
#1358=ORIENTED_EDGE('',*,*,#2391,.F.);
#1359=ORIENTED_EDGE('',*,*,#2393,.F.);
#1360=ORIENTED_EDGE('',*,*,#2394,.F.);
#1361=ORIENTED_EDGE('',*,*,#2332,.F.);
#1362=ORIENTED_EDGE('',*,*,#2336,.F.);
#1363=ORIENTED_EDGE('',*,*,#2339,.F.);
#1364=ORIENTED_EDGE('',*,*,#2342,.F.);
#1365=ORIENTED_EDGE('',*,*,#2345,.F.);
#1366=ORIENTED_EDGE('',*,*,#2348,.F.);
#1367=ORIENTED_EDGE('',*,*,#2396,.F.);
#1368=ORIENTED_EDGE('',*,*,#2397,.F.);
#1369=ORIENTED_EDGE('',*,*,#2398,.F.);
#1370=ORIENTED_EDGE('',*,*,#2399,.T.);
#1371=ORIENTED_EDGE('',*,*,#2400,.T.);
#1372=ORIENTED_EDGE('',*,*,#2401,.F.);
#1373=ORIENTED_EDGE('',*,*,#2402,.F.);
#1374=ORIENTED_EDGE('',*,*,#2403,.T.);
#1375=ORIENTED_EDGE('',*,*,#2398,.T.);
#1376=ORIENTED_EDGE('',*,*,#2404,.F.);
#1377=ORIENTED_EDGE('',*,*,#2405,.F.);
#1378=ORIENTED_EDGE('',*,*,#2406,.T.);
#1379=ORIENTED_EDGE('',*,*,#2402,.T.);
#1380=ORIENTED_EDGE('',*,*,#2407,.F.);
#1381=ORIENTED_EDGE('',*,*,#2408,.F.);
#1382=ORIENTED_EDGE('',*,*,#2409,.T.);
#1383=ORIENTED_EDGE('',*,*,#2405,.T.);
#1384=ORIENTED_EDGE('',*,*,#2410,.F.);
#1385=ORIENTED_EDGE('',*,*,#2411,.F.);
#1386=ORIENTED_EDGE('',*,*,#2412,.T.);
#1387=ORIENTED_EDGE('',*,*,#2408,.T.);
#1388=ORIENTED_EDGE('',*,*,#2413,.F.);
#1389=ORIENTED_EDGE('',*,*,#2414,.F.);
#1390=ORIENTED_EDGE('',*,*,#2415,.T.);
#1391=ORIENTED_EDGE('',*,*,#2411,.T.);
#1392=ORIENTED_EDGE('',*,*,#1988,.F.);
#1393=ORIENTED_EDGE('',*,*,#2416,.F.);
#1394=ORIENTED_EDGE('',*,*,#2417,.T.);
#1395=ORIENTED_EDGE('',*,*,#2418,.T.);
#1396=ORIENTED_EDGE('',*,*,#1987,.F.);
#1397=ORIENTED_EDGE('',*,*,#2419,.F.);
#1398=ORIENTED_EDGE('',*,*,#2420,.T.);
#1399=ORIENTED_EDGE('',*,*,#2416,.T.);
#1400=ORIENTED_EDGE('',*,*,#1998,.F.);
#1401=ORIENTED_EDGE('',*,*,#2421,.F.);
#1402=ORIENTED_EDGE('',*,*,#2422,.T.);
#1403=ORIENTED_EDGE('',*,*,#2419,.T.);
#1404=ORIENTED_EDGE('',*,*,#1997,.F.);
#1405=ORIENTED_EDGE('',*,*,#2423,.F.);
#1406=ORIENTED_EDGE('',*,*,#2424,.T.);
#1407=ORIENTED_EDGE('',*,*,#2421,.T.);
#1408=ORIENTED_EDGE('',*,*,#1996,.F.);
#1409=ORIENTED_EDGE('',*,*,#2425,.F.);
#1410=ORIENTED_EDGE('',*,*,#2426,.T.);
#1411=ORIENTED_EDGE('',*,*,#2423,.T.);
#1412=ORIENTED_EDGE('',*,*,#1995,.F.);
#1413=ORIENTED_EDGE('',*,*,#2427,.F.);
#1414=ORIENTED_EDGE('',*,*,#2428,.T.);
#1415=ORIENTED_EDGE('',*,*,#2425,.T.);
#1416=ORIENTED_EDGE('',*,*,#1994,.F.);
#1417=ORIENTED_EDGE('',*,*,#2429,.F.);
#1418=ORIENTED_EDGE('',*,*,#2430,.T.);
#1419=ORIENTED_EDGE('',*,*,#2427,.T.);
#1420=ORIENTED_EDGE('',*,*,#1993,.F.);
#1421=ORIENTED_EDGE('',*,*,#2431,.F.);
#1422=ORIENTED_EDGE('',*,*,#2432,.T.);
#1423=ORIENTED_EDGE('',*,*,#2429,.T.);
#1424=ORIENTED_EDGE('',*,*,#1992,.F.);
#1425=ORIENTED_EDGE('',*,*,#2433,.F.);
#1426=ORIENTED_EDGE('',*,*,#2434,.T.);
#1427=ORIENTED_EDGE('',*,*,#2431,.T.);
#1428=ORIENTED_EDGE('',*,*,#1991,.F.);
#1429=ORIENTED_EDGE('',*,*,#2435,.F.);
#1430=ORIENTED_EDGE('',*,*,#2436,.T.);
#1431=ORIENTED_EDGE('',*,*,#2433,.T.);
#1432=ORIENTED_EDGE('',*,*,#1990,.F.);
#1433=ORIENTED_EDGE('',*,*,#2437,.F.);
#1434=ORIENTED_EDGE('',*,*,#2438,.T.);
#1435=ORIENTED_EDGE('',*,*,#2435,.T.);
#1436=ORIENTED_EDGE('',*,*,#1989,.F.);
#1437=ORIENTED_EDGE('',*,*,#2418,.F.);
#1438=ORIENTED_EDGE('',*,*,#2439,.T.);
#1439=ORIENTED_EDGE('',*,*,#2437,.T.);
#1440=ORIENTED_EDGE('',*,*,#2440,.F.);
#1441=ORIENTED_EDGE('',*,*,#2400,.F.);
#1442=ORIENTED_EDGE('',*,*,#2441,.T.);
#1443=ORIENTED_EDGE('',*,*,#2414,.T.);
#1444=ORIENTED_EDGE('',*,*,#2417,.F.);
#1445=ORIENTED_EDGE('',*,*,#2420,.F.);
#1446=ORIENTED_EDGE('',*,*,#2422,.F.);
#1447=ORIENTED_EDGE('',*,*,#2424,.F.);
#1448=ORIENTED_EDGE('',*,*,#2426,.F.);
#1449=ORIENTED_EDGE('',*,*,#2428,.F.);
#1450=ORIENTED_EDGE('',*,*,#2430,.F.);
#1451=ORIENTED_EDGE('',*,*,#2432,.F.);
#1452=ORIENTED_EDGE('',*,*,#2434,.F.);
#1453=ORIENTED_EDGE('',*,*,#2436,.F.);
#1454=ORIENTED_EDGE('',*,*,#2438,.F.);
#1455=ORIENTED_EDGE('',*,*,#2439,.F.);
#1456=ORIENTED_EDGE('',*,*,#2399,.F.);
#1457=ORIENTED_EDGE('',*,*,#2403,.F.);
#1458=ORIENTED_EDGE('',*,*,#2406,.F.);
#1459=ORIENTED_EDGE('',*,*,#2409,.F.);
#1460=ORIENTED_EDGE('',*,*,#2412,.F.);
#1461=ORIENTED_EDGE('',*,*,#2415,.F.);
#1462=ORIENTED_EDGE('',*,*,#2441,.F.);
#1463=ORIENTED_EDGE('',*,*,#2000,.F.);
#1464=ORIENTED_EDGE('',*,*,#2442,.F.);
#1465=ORIENTED_EDGE('',*,*,#2443,.T.);
#1466=ORIENTED_EDGE('',*,*,#2444,.T.);
#1467=ORIENTED_EDGE('',*,*,#1999,.F.);
#1468=ORIENTED_EDGE('',*,*,#2445,.F.);
#1469=ORIENTED_EDGE('',*,*,#2446,.T.);
#1470=ORIENTED_EDGE('',*,*,#2442,.T.);
#1471=ORIENTED_EDGE('',*,*,#2008,.F.);
#1472=ORIENTED_EDGE('',*,*,#2447,.F.);
#1473=ORIENTED_EDGE('',*,*,#2448,.T.);
#1474=ORIENTED_EDGE('',*,*,#2445,.T.);
#1475=ORIENTED_EDGE('',*,*,#2007,.F.);
#1476=ORIENTED_EDGE('',*,*,#2449,.F.);
#1477=ORIENTED_EDGE('',*,*,#2450,.T.);
#1478=ORIENTED_EDGE('',*,*,#2447,.T.);
#1479=ORIENTED_EDGE('',*,*,#2006,.F.);
#1480=ORIENTED_EDGE('',*,*,#2451,.F.);
#1481=ORIENTED_EDGE('',*,*,#2452,.T.);
#1482=ORIENTED_EDGE('',*,*,#2449,.T.);
#1483=ORIENTED_EDGE('',*,*,#2005,.F.);
#1484=ORIENTED_EDGE('',*,*,#2453,.F.);
#1485=ORIENTED_EDGE('',*,*,#2454,.T.);
#1486=ORIENTED_EDGE('',*,*,#2451,.T.);
#1487=ORIENTED_EDGE('',*,*,#2004,.F.);
#1488=ORIENTED_EDGE('',*,*,#2455,.F.);
#1489=ORIENTED_EDGE('',*,*,#2456,.T.);
#1490=ORIENTED_EDGE('',*,*,#2453,.T.);
#1491=ORIENTED_EDGE('',*,*,#2003,.F.);
#1492=ORIENTED_EDGE('',*,*,#2457,.F.);
#1493=ORIENTED_EDGE('',*,*,#2458,.T.);
#1494=ORIENTED_EDGE('',*,*,#2455,.T.);
#1495=ORIENTED_EDGE('',*,*,#2002,.F.);
#1496=ORIENTED_EDGE('',*,*,#2459,.F.);
#1497=ORIENTED_EDGE('',*,*,#2460,.T.);
#1498=ORIENTED_EDGE('',*,*,#2457,.T.);
#1499=ORIENTED_EDGE('',*,*,#2001,.F.);
#1500=ORIENTED_EDGE('',*,*,#2444,.F.);
#1501=ORIENTED_EDGE('',*,*,#2461,.T.);
#1502=ORIENTED_EDGE('',*,*,#2459,.T.);
#1503=ORIENTED_EDGE('',*,*,#2443,.F.);
#1504=ORIENTED_EDGE('',*,*,#2446,.F.);
#1505=ORIENTED_EDGE('',*,*,#2448,.F.);
#1506=ORIENTED_EDGE('',*,*,#2450,.F.);
#1507=ORIENTED_EDGE('',*,*,#2452,.F.);
#1508=ORIENTED_EDGE('',*,*,#2454,.F.);
#1509=ORIENTED_EDGE('',*,*,#2456,.F.);
#1510=ORIENTED_EDGE('',*,*,#2458,.F.);
#1511=ORIENTED_EDGE('',*,*,#2460,.F.);
#1512=ORIENTED_EDGE('',*,*,#2461,.F.);
#1513=ORIENTED_EDGE('',*,*,#2096,.T.);
#1514=ORIENTED_EDGE('',*,*,#2092,.T.);
#1515=ORIENTED_EDGE('',*,*,#2145,.T.);
#1516=ORIENTED_EDGE('',*,*,#2108,.T.);
#1517=ORIENTED_EDGE('',*,*,#2105,.T.);
#1518=ORIENTED_EDGE('',*,*,#2102,.T.);
#1519=ORIENTED_EDGE('',*,*,#2099,.T.);
#1520=ORIENTED_EDGE('',*,*,#2151,.T.);
#1521=ORIENTED_EDGE('',*,*,#2147,.T.);
#1522=ORIENTED_EDGE('',*,*,#2189,.T.);
#1523=ORIENTED_EDGE('',*,*,#2166,.T.);
#1524=ORIENTED_EDGE('',*,*,#2163,.T.);
#1525=ORIENTED_EDGE('',*,*,#2160,.T.);
#1526=ORIENTED_EDGE('',*,*,#2157,.T.);
#1527=ORIENTED_EDGE('',*,*,#2154,.T.);
#1528=ORIENTED_EDGE('',*,*,#2283,.T.);
#1529=ORIENTED_EDGE('',*,*,#2279,.T.);
#1530=ORIENTED_EDGE('',*,*,#2328,.T.);
#1531=ORIENTED_EDGE('',*,*,#2295,.T.);
#1532=ORIENTED_EDGE('',*,*,#2292,.T.);
#1533=ORIENTED_EDGE('',*,*,#2289,.T.);
#1534=ORIENTED_EDGE('',*,*,#2286,.T.);
#1535=ORIENTED_EDGE('',*,*,#2334,.T.);
#1536=ORIENTED_EDGE('',*,*,#2330,.T.);
#1537=ORIENTED_EDGE('',*,*,#2395,.T.);
#1538=ORIENTED_EDGE('',*,*,#2346,.T.);
#1539=ORIENTED_EDGE('',*,*,#2343,.T.);
#1540=ORIENTED_EDGE('',*,*,#2340,.T.);
#1541=ORIENTED_EDGE('',*,*,#2337,.T.);
#1542=ORIENTED_EDGE('',*,*,#2401,.T.);
#1543=ORIENTED_EDGE('',*,*,#2397,.T.);
#1544=ORIENTED_EDGE('',*,*,#2440,.T.);
#1545=ORIENTED_EDGE('',*,*,#2413,.T.);
#1546=ORIENTED_EDGE('',*,*,#2410,.T.);
#1547=ORIENTED_EDGE('',*,*,#2407,.T.);
#1548=ORIENTED_EDGE('',*,*,#2404,.T.);
#1549=ORIENTED_EDGE('',*,*,#2010,.F.);
#1550=ORIENTED_EDGE('',*,*,#2462,.F.);
#1551=ORIENTED_EDGE('',*,*,#2463,.T.);
#1552=ORIENTED_EDGE('',*,*,#2464,.T.);
#1553=ORIENTED_EDGE('',*,*,#2009,.F.);
#1554=ORIENTED_EDGE('',*,*,#2465,.F.);
#1555=ORIENTED_EDGE('',*,*,#2466,.T.);
#1556=ORIENTED_EDGE('',*,*,#2462,.T.);
#1557=ORIENTED_EDGE('',*,*,#2023,.F.);
#1558=ORIENTED_EDGE('',*,*,#2467,.F.);
#1559=ORIENTED_EDGE('',*,*,#2468,.T.);
#1560=ORIENTED_EDGE('',*,*,#2465,.T.);
#1561=ORIENTED_EDGE('',*,*,#2022,.F.);
#1562=ORIENTED_EDGE('',*,*,#2469,.F.);
#1563=ORIENTED_EDGE('',*,*,#2470,.T.);
#1564=ORIENTED_EDGE('',*,*,#2467,.T.);
#1565=ORIENTED_EDGE('',*,*,#2021,.F.);
#1566=ORIENTED_EDGE('',*,*,#2471,.F.);
#1567=ORIENTED_EDGE('',*,*,#2472,.T.);
#1568=ORIENTED_EDGE('',*,*,#2469,.T.);
#1569=ORIENTED_EDGE('',*,*,#2020,.F.);
#1570=ORIENTED_EDGE('',*,*,#2473,.F.);
#1571=ORIENTED_EDGE('',*,*,#2474,.T.);
#1572=ORIENTED_EDGE('',*,*,#2471,.T.);
#1573=ORIENTED_EDGE('',*,*,#2019,.F.);
#1574=ORIENTED_EDGE('',*,*,#2475,.F.);
#1575=ORIENTED_EDGE('',*,*,#2476,.T.);
#1576=ORIENTED_EDGE('',*,*,#2473,.T.);
#1577=ORIENTED_EDGE('',*,*,#2018,.F.);
#1578=ORIENTED_EDGE('',*,*,#2477,.F.);
#1579=ORIENTED_EDGE('',*,*,#2478,.T.);
#1580=ORIENTED_EDGE('',*,*,#2475,.T.);
#1581=ORIENTED_EDGE('',*,*,#2017,.F.);
#1582=ORIENTED_EDGE('',*,*,#2479,.F.);
#1583=ORIENTED_EDGE('',*,*,#2480,.T.);
#1584=ORIENTED_EDGE('',*,*,#2477,.T.);
#1585=ORIENTED_EDGE('',*,*,#2016,.F.);
#1586=ORIENTED_EDGE('',*,*,#2481,.F.);
#1587=ORIENTED_EDGE('',*,*,#2482,.T.);
#1588=ORIENTED_EDGE('',*,*,#2479,.T.);
#1589=ORIENTED_EDGE('',*,*,#2015,.F.);
#1590=ORIENTED_EDGE('',*,*,#2483,.F.);
#1591=ORIENTED_EDGE('',*,*,#2484,.T.);
#1592=ORIENTED_EDGE('',*,*,#2481,.T.);
#1593=ORIENTED_EDGE('',*,*,#2014,.F.);
#1594=ORIENTED_EDGE('',*,*,#2485,.F.);
#1595=ORIENTED_EDGE('',*,*,#2486,.T.);
#1596=ORIENTED_EDGE('',*,*,#2483,.T.);
#1597=ORIENTED_EDGE('',*,*,#2013,.F.);
#1598=ORIENTED_EDGE('',*,*,#2487,.F.);
#1599=ORIENTED_EDGE('',*,*,#2488,.T.);
#1600=ORIENTED_EDGE('',*,*,#2485,.T.);
#1601=ORIENTED_EDGE('',*,*,#2012,.F.);
#1602=ORIENTED_EDGE('',*,*,#2489,.F.);
#1603=ORIENTED_EDGE('',*,*,#2490,.T.);
#1604=ORIENTED_EDGE('',*,*,#2487,.T.);
#1605=ORIENTED_EDGE('',*,*,#2011,.F.);
#1606=ORIENTED_EDGE('',*,*,#2464,.F.);
#1607=ORIENTED_EDGE('',*,*,#2491,.T.);
#1608=ORIENTED_EDGE('',*,*,#2489,.T.);
#1609=ORIENTED_EDGE('',*,*,#2463,.F.);
#1610=ORIENTED_EDGE('',*,*,#2466,.F.);
#1611=ORIENTED_EDGE('',*,*,#2468,.F.);
#1612=ORIENTED_EDGE('',*,*,#2470,.F.);
#1613=ORIENTED_EDGE('',*,*,#2472,.F.);
#1614=ORIENTED_EDGE('',*,*,#2474,.F.);
#1615=ORIENTED_EDGE('',*,*,#2476,.F.);
#1616=ORIENTED_EDGE('',*,*,#2478,.F.);
#1617=ORIENTED_EDGE('',*,*,#2480,.F.);
#1618=ORIENTED_EDGE('',*,*,#2482,.F.);
#1619=ORIENTED_EDGE('',*,*,#2484,.F.);
#1620=ORIENTED_EDGE('',*,*,#2486,.F.);
#1621=ORIENTED_EDGE('',*,*,#2488,.F.);
#1622=ORIENTED_EDGE('',*,*,#2490,.F.);
#1623=ORIENTED_EDGE('',*,*,#2491,.F.);
#1624=ORIENTED_EDGE('',*,*,#2492,.F.);
#1625=ORIENTED_EDGE('',*,*,#2493,.F.);
#1626=ORIENTED_EDGE('',*,*,#2494,.T.);
#1627=ORIENTED_EDGE('',*,*,#2495,.T.);
#1628=ORIENTED_EDGE('',*,*,#2496,.F.);
#1629=ORIENTED_EDGE('',*,*,#2497,.F.);
#1630=ORIENTED_EDGE('',*,*,#2498,.T.);
#1631=ORIENTED_EDGE('',*,*,#2493,.T.);
#1632=ORIENTED_EDGE('',*,*,#2499,.F.);
#1633=ORIENTED_EDGE('',*,*,#2500,.F.);
#1634=ORIENTED_EDGE('',*,*,#2501,.T.);
#1635=ORIENTED_EDGE('',*,*,#2497,.T.);
#1636=ORIENTED_EDGE('',*,*,#2502,.F.);
#1637=ORIENTED_EDGE('',*,*,#2503,.F.);
#1638=ORIENTED_EDGE('',*,*,#2504,.T.);
#1639=ORIENTED_EDGE('',*,*,#2500,.T.);
#1640=ORIENTED_EDGE('',*,*,#2505,.F.);
#1641=ORIENTED_EDGE('',*,*,#2506,.F.);
#1642=ORIENTED_EDGE('',*,*,#2507,.T.);
#1643=ORIENTED_EDGE('',*,*,#2503,.T.);
#1644=ORIENTED_EDGE('',*,*,#2508,.F.);
#1645=ORIENTED_EDGE('',*,*,#2509,.F.);
#1646=ORIENTED_EDGE('',*,*,#2510,.T.);
#1647=ORIENTED_EDGE('',*,*,#2506,.T.);
#1648=ORIENTED_EDGE('',*,*,#1845,.F.);
#1649=ORIENTED_EDGE('',*,*,#2511,.F.);
#1650=ORIENTED_EDGE('',*,*,#2512,.T.);
#1651=ORIENTED_EDGE('',*,*,#2513,.T.);
#1652=ORIENTED_EDGE('',*,*,#1844,.F.);
#1653=ORIENTED_EDGE('',*,*,#2514,.F.);
#1654=ORIENTED_EDGE('',*,*,#2515,.T.);
#1655=ORIENTED_EDGE('',*,*,#2511,.T.);
#1656=ORIENTED_EDGE('',*,*,#1852,.F.);
#1657=ORIENTED_EDGE('',*,*,#2516,.F.);
#1658=ORIENTED_EDGE('',*,*,#2517,.T.);
#1659=ORIENTED_EDGE('',*,*,#2514,.T.);
#1660=ORIENTED_EDGE('',*,*,#1851,.F.);
#1661=ORIENTED_EDGE('',*,*,#2518,.F.);
#1662=ORIENTED_EDGE('',*,*,#2519,.T.);
#1663=ORIENTED_EDGE('',*,*,#2516,.T.);
#1664=ORIENTED_EDGE('',*,*,#1850,.F.);
#1665=ORIENTED_EDGE('',*,*,#2520,.F.);
#1666=ORIENTED_EDGE('',*,*,#2521,.T.);
#1667=ORIENTED_EDGE('',*,*,#2518,.T.);
#1668=ORIENTED_EDGE('',*,*,#1849,.F.);
#1669=ORIENTED_EDGE('',*,*,#2522,.F.);
#1670=ORIENTED_EDGE('',*,*,#2523,.T.);
#1671=ORIENTED_EDGE('',*,*,#2520,.T.);
#1672=ORIENTED_EDGE('',*,*,#1848,.F.);
#1673=ORIENTED_EDGE('',*,*,#2524,.F.);
#1674=ORIENTED_EDGE('',*,*,#2525,.T.);
#1675=ORIENTED_EDGE('',*,*,#2522,.T.);
#1676=ORIENTED_EDGE('',*,*,#1847,.F.);
#1677=ORIENTED_EDGE('',*,*,#2526,.F.);
#1678=ORIENTED_EDGE('',*,*,#2527,.T.);
#1679=ORIENTED_EDGE('',*,*,#2524,.T.);
#1680=ORIENTED_EDGE('',*,*,#1846,.F.);
#1681=ORIENTED_EDGE('',*,*,#2513,.F.);
#1682=ORIENTED_EDGE('',*,*,#2528,.T.);
#1683=ORIENTED_EDGE('',*,*,#2526,.T.);
#1684=ORIENTED_EDGE('',*,*,#2529,.F.);
#1685=ORIENTED_EDGE('',*,*,#2495,.F.);
#1686=ORIENTED_EDGE('',*,*,#2530,.T.);
#1687=ORIENTED_EDGE('',*,*,#2509,.T.);
#1688=ORIENTED_EDGE('',*,*,#2512,.F.);
#1689=ORIENTED_EDGE('',*,*,#2515,.F.);
#1690=ORIENTED_EDGE('',*,*,#2517,.F.);
#1691=ORIENTED_EDGE('',*,*,#2519,.F.);
#1692=ORIENTED_EDGE('',*,*,#2521,.F.);
#1693=ORIENTED_EDGE('',*,*,#2523,.F.);
#1694=ORIENTED_EDGE('',*,*,#2525,.F.);
#1695=ORIENTED_EDGE('',*,*,#2527,.F.);
#1696=ORIENTED_EDGE('',*,*,#2528,.F.);
#1697=ORIENTED_EDGE('',*,*,#2494,.F.);
#1698=ORIENTED_EDGE('',*,*,#2498,.F.);
#1699=ORIENTED_EDGE('',*,*,#2501,.F.);
#1700=ORIENTED_EDGE('',*,*,#2504,.F.);
#1701=ORIENTED_EDGE('',*,*,#2507,.F.);
#1702=ORIENTED_EDGE('',*,*,#2510,.F.);
#1703=ORIENTED_EDGE('',*,*,#2530,.F.);
#1704=ORIENTED_EDGE('',*,*,#2531,.F.);
#1705=ORIENTED_EDGE('',*,*,#2532,.F.);
#1706=ORIENTED_EDGE('',*,*,#2533,.T.);
#1707=ORIENTED_EDGE('',*,*,#2534,.T.);
#1708=ORIENTED_EDGE('',*,*,#2535,.F.);
#1709=ORIENTED_EDGE('',*,*,#2536,.F.);
#1710=ORIENTED_EDGE('',*,*,#2537,.T.);
#1711=ORIENTED_EDGE('',*,*,#2532,.T.);
#1712=ORIENTED_EDGE('',*,*,#2025,.F.);
#1713=ORIENTED_EDGE('',*,*,#2538,.F.);
#1714=ORIENTED_EDGE('',*,*,#2539,.T.);
#1715=ORIENTED_EDGE('',*,*,#2540,.T.);
#1716=ORIENTED_EDGE('',*,*,#2024,.F.);
#1717=ORIENTED_EDGE('',*,*,#2541,.F.);
#1718=ORIENTED_EDGE('',*,*,#2542,.T.);
#1719=ORIENTED_EDGE('',*,*,#2538,.T.);
#1720=ORIENTED_EDGE('',*,*,#2031,.F.);
#1721=ORIENTED_EDGE('',*,*,#2543,.F.);
#1722=ORIENTED_EDGE('',*,*,#2544,.T.);
#1723=ORIENTED_EDGE('',*,*,#2541,.T.);
#1724=ORIENTED_EDGE('',*,*,#2030,.F.);
#1725=ORIENTED_EDGE('',*,*,#2545,.F.);
#1726=ORIENTED_EDGE('',*,*,#2546,.T.);
#1727=ORIENTED_EDGE('',*,*,#2543,.T.);
#1728=ORIENTED_EDGE('',*,*,#2029,.F.);
#1729=ORIENTED_EDGE('',*,*,#2547,.F.);
#1730=ORIENTED_EDGE('',*,*,#2548,.T.);
#1731=ORIENTED_EDGE('',*,*,#2545,.T.);
#1732=ORIENTED_EDGE('',*,*,#2028,.F.);
#1733=ORIENTED_EDGE('',*,*,#2549,.F.);
#1734=ORIENTED_EDGE('',*,*,#2550,.T.);
#1735=ORIENTED_EDGE('',*,*,#2547,.T.);
#1736=ORIENTED_EDGE('',*,*,#2027,.F.);
#1737=ORIENTED_EDGE('',*,*,#2551,.F.);
#1738=ORIENTED_EDGE('',*,*,#2552,.T.);
#1739=ORIENTED_EDGE('',*,*,#2549,.T.);
#1740=ORIENTED_EDGE('',*,*,#2026,.F.);
#1741=ORIENTED_EDGE('',*,*,#2540,.F.);
#1742=ORIENTED_EDGE('',*,*,#2553,.T.);
#1743=ORIENTED_EDGE('',*,*,#2551,.T.);
#1744=ORIENTED_EDGE('',*,*,#2554,.F.);
#1745=ORIENTED_EDGE('',*,*,#2534,.F.);
#1746=ORIENTED_EDGE('',*,*,#2555,.T.);
#1747=ORIENTED_EDGE('',*,*,#2536,.T.);
#1748=ORIENTED_EDGE('',*,*,#2539,.F.);
#1749=ORIENTED_EDGE('',*,*,#2542,.F.);
#1750=ORIENTED_EDGE('',*,*,#2544,.F.);
#1751=ORIENTED_EDGE('',*,*,#2546,.F.);
#1752=ORIENTED_EDGE('',*,*,#2548,.F.);
#1753=ORIENTED_EDGE('',*,*,#2550,.F.);
#1754=ORIENTED_EDGE('',*,*,#2552,.F.);
#1755=ORIENTED_EDGE('',*,*,#2553,.F.);
#1756=ORIENTED_EDGE('',*,*,#2533,.F.);
#1757=ORIENTED_EDGE('',*,*,#2537,.F.);
#1758=ORIENTED_EDGE('',*,*,#2555,.F.);
#1759=ORIENTED_EDGE('',*,*,#2033,.F.);
#1760=ORIENTED_EDGE('',*,*,#2556,.F.);
#1761=ORIENTED_EDGE('',*,*,#2557,.T.);
#1762=ORIENTED_EDGE('',*,*,#2558,.T.);
#1763=ORIENTED_EDGE('',*,*,#2032,.F.);
#1764=ORIENTED_EDGE('',*,*,#2559,.F.);
#1765=ORIENTED_EDGE('',*,*,#2560,.T.);
#1766=ORIENTED_EDGE('',*,*,#2556,.T.);
#1767=ORIENTED_EDGE('',*,*,#2046,.F.);
#1768=ORIENTED_EDGE('',*,*,#2561,.F.);
#1769=ORIENTED_EDGE('',*,*,#2562,.T.);
#1770=ORIENTED_EDGE('',*,*,#2559,.T.);
#1771=ORIENTED_EDGE('',*,*,#2045,.F.);
#1772=ORIENTED_EDGE('',*,*,#2563,.F.);
#1773=ORIENTED_EDGE('',*,*,#2564,.T.);
#1774=ORIENTED_EDGE('',*,*,#2561,.T.);
#1775=ORIENTED_EDGE('',*,*,#2044,.F.);
#1776=ORIENTED_EDGE('',*,*,#2565,.F.);
#1777=ORIENTED_EDGE('',*,*,#2566,.T.);
#1778=ORIENTED_EDGE('',*,*,#2563,.T.);
#1779=ORIENTED_EDGE('',*,*,#2043,.F.);
#1780=ORIENTED_EDGE('',*,*,#2567,.F.);
#1781=ORIENTED_EDGE('',*,*,#2568,.T.);
#1782=ORIENTED_EDGE('',*,*,#2565,.T.);
#1783=ORIENTED_EDGE('',*,*,#2042,.F.);
#1784=ORIENTED_EDGE('',*,*,#2569,.F.);
#1785=ORIENTED_EDGE('',*,*,#2570,.T.);
#1786=ORIENTED_EDGE('',*,*,#2567,.T.);
#1787=ORIENTED_EDGE('',*,*,#2041,.F.);
#1788=ORIENTED_EDGE('',*,*,#2571,.F.);
#1789=ORIENTED_EDGE('',*,*,#2572,.T.);
#1790=ORIENTED_EDGE('',*,*,#2569,.T.);
#1791=ORIENTED_EDGE('',*,*,#2040,.F.);
#1792=ORIENTED_EDGE('',*,*,#2573,.F.);
#1793=ORIENTED_EDGE('',*,*,#2574,.T.);
#1794=ORIENTED_EDGE('',*,*,#2571,.T.);
#1795=ORIENTED_EDGE('',*,*,#2039,.F.);
#1796=ORIENTED_EDGE('',*,*,#2575,.F.);
#1797=ORIENTED_EDGE('',*,*,#2576,.T.);
#1798=ORIENTED_EDGE('',*,*,#2573,.T.);
#1799=ORIENTED_EDGE('',*,*,#2038,.F.);
#1800=ORIENTED_EDGE('',*,*,#2577,.F.);
#1801=ORIENTED_EDGE('',*,*,#2578,.T.);
#1802=ORIENTED_EDGE('',*,*,#2575,.T.);
#1803=ORIENTED_EDGE('',*,*,#2037,.F.);
#1804=ORIENTED_EDGE('',*,*,#2579,.F.);
#1805=ORIENTED_EDGE('',*,*,#2580,.T.);
#1806=ORIENTED_EDGE('',*,*,#2577,.T.);
#1807=ORIENTED_EDGE('',*,*,#2036,.F.);
#1808=ORIENTED_EDGE('',*,*,#2581,.F.);
#1809=ORIENTED_EDGE('',*,*,#2582,.T.);
#1810=ORIENTED_EDGE('',*,*,#2579,.T.);
#1811=ORIENTED_EDGE('',*,*,#2035,.F.);
#1812=ORIENTED_EDGE('',*,*,#2583,.F.);
#1813=ORIENTED_EDGE('',*,*,#2584,.T.);
#1814=ORIENTED_EDGE('',*,*,#2581,.T.);
#1815=ORIENTED_EDGE('',*,*,#2034,.F.);
#1816=ORIENTED_EDGE('',*,*,#2558,.F.);
#1817=ORIENTED_EDGE('',*,*,#2585,.T.);
#1818=ORIENTED_EDGE('',*,*,#2583,.T.);
#1819=ORIENTED_EDGE('',*,*,#2557,.F.);
#1820=ORIENTED_EDGE('',*,*,#2560,.F.);
#1821=ORIENTED_EDGE('',*,*,#2562,.F.);
#1822=ORIENTED_EDGE('',*,*,#2564,.F.);
#1823=ORIENTED_EDGE('',*,*,#2566,.F.);
#1824=ORIENTED_EDGE('',*,*,#2568,.F.);
#1825=ORIENTED_EDGE('',*,*,#2570,.F.);
#1826=ORIENTED_EDGE('',*,*,#2572,.F.);
#1827=ORIENTED_EDGE('',*,*,#2574,.F.);
#1828=ORIENTED_EDGE('',*,*,#2576,.F.);
#1829=ORIENTED_EDGE('',*,*,#2578,.F.);
#1830=ORIENTED_EDGE('',*,*,#2580,.F.);
#1831=ORIENTED_EDGE('',*,*,#2582,.F.);
#1832=ORIENTED_EDGE('',*,*,#2584,.F.);
#1833=ORIENTED_EDGE('',*,*,#2585,.F.);
#1834=ORIENTED_EDGE('',*,*,#2496,.T.);
#1835=ORIENTED_EDGE('',*,*,#2492,.T.);
#1836=ORIENTED_EDGE('',*,*,#2529,.T.);
#1837=ORIENTED_EDGE('',*,*,#2508,.T.);
#1838=ORIENTED_EDGE('',*,*,#2505,.T.);
#1839=ORIENTED_EDGE('',*,*,#2502,.T.);
#1840=ORIENTED_EDGE('',*,*,#2499,.T.);
#1841=ORIENTED_EDGE('',*,*,#2535,.T.);
#1842=ORIENTED_EDGE('',*,*,#2531,.T.);
#1843=ORIENTED_EDGE('',*,*,#2554,.T.);
#1844=EDGE_CURVE('',#2586,#2587,#3084,.T.);
#1845=EDGE_CURVE('',#2587,#2588,#3085,.T.);
#1846=EDGE_CURVE('',#2588,#2589,#3086,.T.);
#1847=EDGE_CURVE('',#2589,#2590,#3087,.T.);
#1848=EDGE_CURVE('',#2590,#2591,#3088,.T.);
#1849=EDGE_CURVE('',#2591,#2592,#182,.T.);
#1850=EDGE_CURVE('',#2592,#2593,#183,.T.);
#1851=EDGE_CURVE('',#2593,#2594,#184,.T.);
#1852=EDGE_CURVE('',#2594,#2586,#185,.T.);
#1853=EDGE_CURVE('',#2595,#2596,#3089,.T.);
#1854=EDGE_CURVE('',#2596,#2597,#128,.F.);
#1855=EDGE_CURVE('',#2597,#2598,#186,.T.);
#1856=EDGE_CURVE('',#2598,#2599,#187,.T.);
#1857=EDGE_CURVE('',#2599,#2600,#188,.T.);
#1858=EDGE_CURVE('',#2600,#2601,#189,.T.);
#1859=EDGE_CURVE('',#2601,#2602,#190,.T.);
#1860=EDGE_CURVE('',#2602,#2603,#3090,.T.);
#1861=EDGE_CURVE('',#2603,#2604,#3091,.T.);
#1862=EDGE_CURVE('',#2604,#2605,#129,.T.);
#1863=EDGE_CURVE('',#2605,#2606,#191,.T.);
#1864=EDGE_CURVE('',#2606,#2607,#192,.T.);
#1865=EDGE_CURVE('',#2607,#2608,#193,.T.);
#1866=EDGE_CURVE('',#2608,#2609,#194,.T.);
#1867=EDGE_CURVE('',#2609,#2610,#3092,.T.);
#1868=EDGE_CURVE('',#2610,#2611,#195,.T.);
#1869=EDGE_CURVE('',#2611,#2612,#196,.T.);
#1870=EDGE_CURVE('',#2612,#2613,#197,.T.);
#1871=EDGE_CURVE('',#2613,#2614,#198,.T.);
#1872=EDGE_CURVE('',#2614,#2615,#3093,.T.);
#1873=EDGE_CURVE('',#2615,#2616,#3094,.T.);
#1874=EDGE_CURVE('',#2616,#2617,#199,.T.);
#1875=EDGE_CURVE('',#2617,#2595,#3095,.T.);
#1876=EDGE_CURVE('',#2618,#2619,#200,.T.);
#1877=EDGE_CURVE('',#2619,#2620,#130,.F.);
#1878=EDGE_CURVE('',#2620,#2621,#131,.F.);
#1879=EDGE_CURVE('',#2621,#2622,#132,.F.);
#1880=EDGE_CURVE('',#2622,#2623,#133,.F.);
#1881=EDGE_CURVE('',#2623,#2624,#134,.F.);
#1882=EDGE_CURVE('',#2624,#2625,#201,.T.);
#1883=EDGE_CURVE('',#2625,#2618,#135,.F.);
#1884=EDGE_CURVE('',#2626,#2627,#3096,.T.);
#1885=EDGE_CURVE('',#2627,#2628,#3097,.T.);
#1886=EDGE_CURVE('',#2628,#2629,#3098,.T.);
#1887=EDGE_CURVE('',#2629,#2630,#3099,.T.);
#1888=EDGE_CURVE('',#2630,#2631,#3100,.T.);
#1889=EDGE_CURVE('',#2631,#2632,#3101,.T.);
#1890=EDGE_CURVE('',#2632,#2633,#3102,.T.);
#1891=EDGE_CURVE('',#2633,#2626,#3103,.T.);
#1892=EDGE_CURVE('',#2634,#2635,#3104,.T.);
#1893=EDGE_CURVE('',#2635,#2636,#202,.T.);
#1894=EDGE_CURVE('',#2636,#2637,#203,.T.);
#1895=EDGE_CURVE('',#2637,#2638,#204,.T.);
#1896=EDGE_CURVE('',#2638,#2639,#3105,.T.);
#1897=EDGE_CURVE('',#2639,#2640,#3106,.T.);
#1898=EDGE_CURVE('',#2640,#2641,#3107,.T.);
#1899=EDGE_CURVE('',#2641,#2642,#136,.T.);
#1900=EDGE_CURVE('',#2642,#2643,#205,.T.);
#1901=EDGE_CURVE('',#2643,#2644,#206,.T.);
#1902=EDGE_CURVE('',#2644,#2645,#3108,.T.);
#1903=EDGE_CURVE('',#2645,#2646,#3109,.T.);
#1904=EDGE_CURVE('',#2646,#2647,#3110,.T.);
#1905=EDGE_CURVE('',#2647,#2634,#3111,.T.);
#1906=EDGE_CURVE('',#2648,#2649,#3112,.T.);
#1907=EDGE_CURVE('',#2649,#2650,#3113,.T.);
#1908=EDGE_CURVE('',#2650,#2651,#207,.T.);
#1909=EDGE_CURVE('',#2651,#2652,#208,.T.);
#1910=EDGE_CURVE('',#2652,#2653,#209,.T.);
#1911=EDGE_CURVE('',#2653,#2654,#3114,.T.);
#1912=EDGE_CURVE('',#2654,#2655,#3115,.T.);
#1913=EDGE_CURVE('',#2655,#2656,#3116,.T.);
#1914=EDGE_CURVE('',#2656,#2657,#137,.T.);
#1915=EDGE_CURVE('',#2657,#2658,#210,.T.);
#1916=EDGE_CURVE('',#2658,#2659,#211,.T.);
#1917=EDGE_CURVE('',#2659,#2660,#3117,.T.);
#1918=EDGE_CURVE('',#2660,#2661,#3118,.T.);
#1919=EDGE_CURVE('',#2661,#2648,#3119,.T.);
#1920=EDGE_CURVE('',#2662,#2663,#212,.T.);
#1921=EDGE_CURVE('',#2663,#2664,#213,.T.);
#1922=EDGE_CURVE('',#2664,#2665,#214,.T.);
#1923=EDGE_CURVE('',#2665,#2666,#215,.T.);
#1924=EDGE_CURVE('',#2666,#2667,#216,.T.);
#1925=EDGE_CURVE('',#2667,#2668,#217,.T.);
#1926=EDGE_CURVE('',#2668,#2669,#218,.T.);
#1927=EDGE_CURVE('',#2669,#2670,#219,.T.);
#1928=EDGE_CURVE('',#2670,#2671,#220,.T.);
#1929=EDGE_CURVE('',#2671,#2662,#221,.T.);
#1930=EDGE_CURVE('',#2672,#2673,#3120,.T.);
#1931=EDGE_CURVE('',#2673,#2674,#3121,.T.);
#1932=EDGE_CURVE('',#2674,#2675,#3122,.T.);
#1933=EDGE_CURVE('',#2675,#2672,#3123,.T.);
#1934=EDGE_CURVE('',#2676,#2677,#3124,.T.);
#1935=EDGE_CURVE('',#2676,#2678,#3125,.T.);
#1936=EDGE_CURVE('',#2678,#2679,#3126,.T.);
#1937=EDGE_CURVE('',#2677,#2679,#3127,.T.);
#1938=EDGE_CURVE('',#2680,#2681,#3128,.T.);
#1939=EDGE_CURVE('',#2680,#2682,#3129,.T.);
#1940=EDGE_CURVE('',#2682,#2683,#3130,.T.);
#1941=EDGE_CURVE('',#2681,#2683,#3131,.T.);
#1942=EDGE_CURVE('',#2684,#2685,#3132,.T.);
#1943=EDGE_CURVE('',#2684,#2686,#3133,.T.);
#1944=EDGE_CURVE('',#2686,#2687,#3134,.T.);
#1945=EDGE_CURVE('',#2685,#2687,#3135,.T.);
#1946=EDGE_CURVE('',#2688,#2689,#3136,.T.);
#1947=EDGE_CURVE('',#2688,#2690,#3137,.T.);
#1948=EDGE_CURVE('',#2690,#2691,#3138,.T.);
#1949=EDGE_CURVE('',#2689,#2691,#3139,.T.);
#1950=EDGE_CURVE('',#2692,#2692,#138,.T.);
#1951=EDGE_CURVE('',#2693,#2693,#139,.T.);
#1952=EDGE_CURVE('',#2694,#2694,#140,.T.);
#1953=EDGE_CURVE('',#2695,#2695,#141,.T.);
#1954=EDGE_CURVE('',#2696,#2696,#142,.T.);
#1955=EDGE_CURVE('',#2697,#2698,#143,.F.);
#1956=EDGE_CURVE('',#2698,#2699,#222,.T.);
#1957=EDGE_CURVE('',#2699,#2700,#144,.F.);
#1958=EDGE_CURVE('',#2700,#2701,#223,.T.);
#1959=EDGE_CURVE('',#2701,#2702,#3140,.T.);
#1960=EDGE_CURVE('',#2702,#2703,#145,.F.);
#1961=EDGE_CURVE('',#2703,#2704,#224,.T.);
#1962=EDGE_CURVE('',#2704,#2705,#146,.F.);
#1963=EDGE_CURVE('',#2705,#2706,#225,.T.);
#1964=EDGE_CURVE('',#2706,#2707,#226,.T.);
#1965=EDGE_CURVE('',#2707,#2708,#3141,.T.);
#1966=EDGE_CURVE('',#2708,#2709,#3142,.T.);
#1967=EDGE_CURVE('',#2709,#2710,#227,.T.);
#1968=EDGE_CURVE('',#2710,#2711,#228,.T.);
#1969=EDGE_CURVE('',#2711,#2712,#229,.T.);
#1970=EDGE_CURVE('',#2712,#2713,#3143,.T.);
#1971=EDGE_CURVE('',#2713,#2697,#230,.T.);
#1972=EDGE_CURVE('',#2714,#2715,#147,.F.);
#1973=EDGE_CURVE('',#2715,#2716,#231,.T.);
#1974=EDGE_CURVE('',#2716,#2717,#3144,.T.);
#1975=EDGE_CURVE('',#2717,#2718,#3145,.T.);
#1976=EDGE_CURVE('',#2718,#2719,#3146,.T.);
#1977=EDGE_CURVE('',#2719,#2720,#3147,.T.);
#1978=EDGE_CURVE('',#2720,#2721,#3148,.T.);
#1979=EDGE_CURVE('',#2721,#2722,#232,.T.);
#1980=EDGE_CURVE('',#2722,#2723,#233,.T.);
#1981=EDGE_CURVE('',#2723,#2724,#234,.T.);
#1982=EDGE_CURVE('',#2724,#2725,#235,.T.);
#1983=EDGE_CURVE('',#2725,#2726,#148,.F.);
#1984=EDGE_CURVE('',#2726,#2727,#3149,.T.);
#1985=EDGE_CURVE('',#2727,#2728,#236,.T.);
#1986=EDGE_CURVE('',#2728,#2714,#237,.T.);
#1987=EDGE_CURVE('',#2729,#2730,#3150,.T.);
#1988=EDGE_CURVE('',#2730,#2731,#3151,.T.);
#1989=EDGE_CURVE('',#2731,#2732,#3152,.T.);
#1990=EDGE_CURVE('',#2732,#2733,#3153,.T.);
#1991=EDGE_CURVE('',#2733,#2734,#3154,.T.);
#1992=EDGE_CURVE('',#2734,#2735,#3155,.T.);
#1993=EDGE_CURVE('',#2735,#2736,#238,.T.);
#1994=EDGE_CURVE('',#2736,#2737,#239,.T.);
#1995=EDGE_CURVE('',#2737,#2738,#240,.T.);
#1996=EDGE_CURVE('',#2738,#2739,#3156,.T.);
#1997=EDGE_CURVE('',#2739,#2740,#3157,.T.);
#1998=EDGE_CURVE('',#2740,#2729,#3158,.T.);
#1999=EDGE_CURVE('',#2741,#2742,#3159,.T.);
#2000=EDGE_CURVE('',#2742,#2743,#149,.T.);
#2001=EDGE_CURVE('',#2743,#2744,#241,.T.);
#2002=EDGE_CURVE('',#2744,#2745,#3160,.T.);
#2003=EDGE_CURVE('',#2745,#2746,#3161,.T.);
#2004=EDGE_CURVE('',#2746,#2747,#3162,.T.);
#2005=EDGE_CURVE('',#2747,#2748,#3163,.T.);
#2006=EDGE_CURVE('',#2748,#2749,#3164,.T.);
#2007=EDGE_CURVE('',#2749,#2750,#242,.T.);
#2008=EDGE_CURVE('',#2750,#2741,#150,.F.);
#2009=EDGE_CURVE('',#2751,#2752,#3165,.T.);
#2010=EDGE_CURVE('',#2752,#2753,#3166,.T.);
#2011=EDGE_CURVE('',#2753,#2754,#3167,.T.);
#2012=EDGE_CURVE('',#2754,#2755,#3168,.T.);
#2013=EDGE_CURVE('',#2755,#2756,#3169,.T.);
#2014=EDGE_CURVE('',#2756,#2757,#3170,.T.);
#2015=EDGE_CURVE('',#2757,#2758,#3171,.T.);
#2016=EDGE_CURVE('',#2758,#2759,#3172,.T.);
#2017=EDGE_CURVE('',#2759,#2760,#3173,.T.);
#2018=EDGE_CURVE('',#2760,#2761,#3174,.T.);
#2019=EDGE_CURVE('',#2761,#2762,#3175,.T.);
#2020=EDGE_CURVE('',#2762,#2763,#3176,.T.);
#2021=EDGE_CURVE('',#2763,#2764,#3177,.T.);
#2022=EDGE_CURVE('',#2764,#2765,#3178,.T.);
#2023=EDGE_CURVE('',#2765,#2751,#3179,.T.);
#2024=EDGE_CURVE('',#2766,#2767,#3180,.T.);
#2025=EDGE_CURVE('',#2767,#2768,#3181,.T.);
#2026=EDGE_CURVE('',#2768,#2769,#3182,.T.);
#2027=EDGE_CURVE('',#2769,#2770,#3183,.T.);
#2028=EDGE_CURVE('',#2770,#2771,#3184,.T.);
#2029=EDGE_CURVE('',#2771,#2772,#3185,.T.);
#2030=EDGE_CURVE('',#2772,#2773,#3186,.T.);
#2031=EDGE_CURVE('',#2773,#2766,#3187,.T.);
#2032=EDGE_CURVE('',#2774,#2775,#3188,.T.);
#2033=EDGE_CURVE('',#2775,#2776,#3189,.T.);
#2034=EDGE_CURVE('',#2776,#2777,#3190,.T.);
#2035=EDGE_CURVE('',#2777,#2778,#3191,.T.);
#2036=EDGE_CURVE('',#2778,#2779,#3192,.T.);
#2037=EDGE_CURVE('',#2779,#2780,#3193,.T.);
#2038=EDGE_CURVE('',#2780,#2781,#3194,.T.);
#2039=EDGE_CURVE('',#2781,#2782,#3195,.T.);
#2040=EDGE_CURVE('',#2782,#2783,#3196,.T.);
#2041=EDGE_CURVE('',#2783,#2784,#3197,.T.);
#2042=EDGE_CURVE('',#2784,#2785,#3198,.T.);
#2043=EDGE_CURVE('',#2785,#2786,#3199,.T.);
#2044=EDGE_CURVE('',#2786,#2787,#3200,.T.);
#2045=EDGE_CURVE('',#2787,#2788,#3201,.T.);
#2046=EDGE_CURVE('',#2788,#2774,#3202,.T.);
#2047=EDGE_CURVE('',#2789,#2789,#151,.T.);
#2048=EDGE_CURVE('',#2790,#2790,#152,.T.);
#2049=EDGE_CURVE('',#2791,#2791,#153,.T.);
#2050=EDGE_CURVE('',#2792,#2792,#154,.T.);
#2051=EDGE_CURVE('',#2793,#2794,#3203,.T.);
#2052=EDGE_CURVE('',#2793,#2795,#3204,.T.);
#2053=EDGE_CURVE('',#2795,#2796,#3205,.T.);
#2054=EDGE_CURVE('',#2794,#2796,#3206,.T.);
#2055=EDGE_CURVE('',#2797,#2798,#3207,.T.);
#2056=EDGE_CURVE('',#2798,#2799,#3208,.T.);
#2057=EDGE_CURVE('',#2800,#2799,#3209,.T.);
#2058=EDGE_CURVE('',#2797,#2800,#3210,.T.);
#2059=EDGE_CURVE('',#2801,#2801,#155,.T.);
#2060=EDGE_CURVE('',#2802,#2803,#3211,.T.);
#2061=EDGE_CURVE('',#2802,#2804,#3212,.T.);
#2062=EDGE_CURVE('',#2804,#2805,#3213,.T.);
#2063=EDGE_CURVE('',#2803,#2805,#3214,.T.);
#2064=EDGE_CURVE('',#2806,#2807,#3215,.T.);
#2065=EDGE_CURVE('',#2806,#2808,#3216,.T.);
#2066=EDGE_CURVE('',#2808,#2809,#3217,.T.);
#2067=EDGE_CURVE('',#2807,#2809,#3218,.T.);
#2068=EDGE_CURVE('',#2688,#2797,#3219,.T.);
#2069=EDGE_CURVE('',#2689,#2798,#3220,.T.);
#2070=EDGE_CURVE('',#2690,#2800,#3221,.T.);
#2071=EDGE_CURVE('',#2691,#2799,#3222,.T.);
#2072=EDGE_CURVE('',#2803,#2686,#3223,.T.);
#2073=EDGE_CURVE('',#2802,#2684,#3224,.T.);
#2074=EDGE_CURVE('',#2804,#2685,#3225,.T.);
#2075=EDGE_CURVE('',#2805,#2687,#3226,.T.);
#2076=EDGE_CURVE('',#2794,#2682,#3227,.T.);
#2077=EDGE_CURVE('',#2793,#2680,#3228,.T.);
#2078=EDGE_CURVE('',#2795,#2681,#3229,.T.);
#2079=EDGE_CURVE('',#2796,#2683,#3230,.T.);
#2080=EDGE_CURVE('',#2807,#2678,#3231,.T.);
#2081=EDGE_CURVE('',#2806,#2676,#3232,.T.);
#2082=EDGE_CURVE('',#2808,#2677,#3233,.T.);
#2083=EDGE_CURVE('',#2809,#2679,#3234,.T.);
#2084=EDGE_CURVE('',#2810,#2673,#3235,.T.);
#2085=EDGE_CURVE('',#2810,#2811,#3236,.T.);
#2086=EDGE_CURVE('',#2811,#2674,#3237,.T.);
#2087=EDGE_CURVE('',#2812,#2672,#3238,.T.);
#2088=EDGE_CURVE('',#2812,#2810,#3239,.T.);
#2089=EDGE_CURVE('',#2813,#2675,#3240,.T.);
#2090=EDGE_CURVE('',#2813,#2812,#3241,.T.);
#2091=EDGE_CURVE('',#2811,#2813,#3242,.T.);
#2092=EDGE_CURVE('',#2814,#2815,#156,.T.);
#2093=EDGE_CURVE('',#2816,#2814,#3243,.T.);
#2094=EDGE_CURVE('',#2816,#2817,#157,.T.);
#2095=EDGE_CURVE('',#2817,#2815,#3244,.T.);
#2096=EDGE_CURVE('',#2818,#2814,#243,.T.);
#2097=EDGE_CURVE('',#2819,#2818,#3245,.T.);
#2098=EDGE_CURVE('',#2819,#2816,#244,.T.);
#2099=EDGE_CURVE('',#2820,#2818,#245,.T.);
#2100=EDGE_CURVE('',#2821,#2820,#3246,.T.);
#2101=EDGE_CURVE('',#2821,#2819,#246,.T.);
#2102=EDGE_CURVE('',#2822,#2820,#158,.T.);
#2103=EDGE_CURVE('',#2823,#2822,#3247,.T.);
#2104=EDGE_CURVE('',#2823,#2821,#159,.T.);
#2105=EDGE_CURVE('',#2824,#2822,#3248,.T.);
#2106=EDGE_CURVE('',#2825,#2824,#3249,.T.);
#2107=EDGE_CURVE('',#2825,#2823,#3250,.T.);
#2108=EDGE_CURVE('',#2826,#2824,#3251,.T.);
#2109=EDGE_CURVE('',#2827,#2826,#3252,.T.);
#2110=EDGE_CURVE('',#2827,#2825,#3253,.T.);
#2111=EDGE_CURVE('',#2828,#2698,#3254,.T.);
#2112=EDGE_CURVE('',#2828,#2829,#247,.T.);
#2113=EDGE_CURVE('',#2829,#2699,#3255,.T.);
#2114=EDGE_CURVE('',#2830,#2697,#3256,.T.);
#2115=EDGE_CURVE('',#2830,#2828,#160,.F.);
#2116=EDGE_CURVE('',#2831,#2713,#3257,.T.);
#2117=EDGE_CURVE('',#2831,#2830,#248,.T.);
#2118=EDGE_CURVE('',#2832,#2712,#3258,.T.);
#2119=EDGE_CURVE('',#2832,#2831,#3259,.T.);
#2120=EDGE_CURVE('',#2833,#2711,#3260,.T.);
#2121=EDGE_CURVE('',#2833,#2832,#249,.T.);
#2122=EDGE_CURVE('',#2834,#2710,#3261,.T.);
#2123=EDGE_CURVE('',#2834,#2833,#250,.T.);
#2124=EDGE_CURVE('',#2835,#2709,#3262,.T.);
#2125=EDGE_CURVE('',#2835,#2834,#251,.T.);
#2126=EDGE_CURVE('',#2836,#2708,#3263,.T.);
#2127=EDGE_CURVE('',#2836,#2835,#3264,.T.);
#2128=EDGE_CURVE('',#2837,#2707,#3265,.T.);
#2129=EDGE_CURVE('',#2837,#2836,#3266,.T.);
#2130=EDGE_CURVE('',#2838,#2706,#3267,.T.);
#2131=EDGE_CURVE('',#2838,#2837,#252,.T.);
#2132=EDGE_CURVE('',#2839,#2705,#3268,.T.);
#2133=EDGE_CURVE('',#2839,#2838,#253,.T.);
#2134=EDGE_CURVE('',#2840,#2704,#3269,.T.);
#2135=EDGE_CURVE('',#2840,#2839,#161,.F.);
#2136=EDGE_CURVE('',#2841,#2703,#3270,.T.);
#2137=EDGE_CURVE('',#2841,#2840,#254,.T.);
#2138=EDGE_CURVE('',#2842,#2702,#3271,.T.);
#2139=EDGE_CURVE('',#2842,#2841,#162,.F.);
#2140=EDGE_CURVE('',#2843,#2701,#3272,.T.);
#2141=EDGE_CURVE('',#2843,#2842,#3273,.T.);
#2142=EDGE_CURVE('',#2844,#2700,#3274,.T.);
#2143=EDGE_CURVE('',#2844,#2843,#255,.T.);
#2144=EDGE_CURVE('',#2829,#2844,#163,.F.);
#2145=EDGE_CURVE('',#2815,#2826,#256,.T.);
#2146=EDGE_CURVE('',#2817,#2827,#257,.T.);
#2147=EDGE_CURVE('',#2845,#2846,#258,.T.);
#2148=EDGE_CURVE('',#2847,#2845,#3275,.T.);
#2149=EDGE_CURVE('',#2847,#2848,#259,.T.);
#2150=EDGE_CURVE('',#2848,#2846,#3276,.T.);
#2151=EDGE_CURVE('',#2849,#2845,#260,.T.);
#2152=EDGE_CURVE('',#2850,#2849,#3277,.T.);
#2153=EDGE_CURVE('',#2850,#2847,#261,.T.);
#2154=EDGE_CURVE('',#2851,#2849,#262,.T.);
#2155=EDGE_CURVE('',#2852,#2851,#3278,.T.);
#2156=EDGE_CURVE('',#2852,#2850,#263,.T.);
#2157=EDGE_CURVE('',#2853,#2851,#264,.T.);
#2158=EDGE_CURVE('',#2854,#2853,#3279,.T.);
#2159=EDGE_CURVE('',#2854,#2852,#265,.T.);
#2160=EDGE_CURVE('',#2855,#2853,#266,.T.);
#2161=EDGE_CURVE('',#2856,#2855,#3280,.T.);
#2162=EDGE_CURVE('',#2856,#2854,#267,.T.);
#2163=EDGE_CURVE('',#2857,#2855,#268,.T.);
#2164=EDGE_CURVE('',#2858,#2857,#3281,.T.);
#2165=EDGE_CURVE('',#2858,#2856,#269,.T.);
#2166=EDGE_CURVE('',#2859,#2857,#270,.T.);
#2167=EDGE_CURVE('',#2860,#2859,#3282,.T.);
#2168=EDGE_CURVE('',#2860,#2858,#271,.T.);
#2169=EDGE_CURVE('',#2861,#2663,#3283,.T.);
#2170=EDGE_CURVE('',#2861,#2862,#272,.T.);
#2171=EDGE_CURVE('',#2862,#2664,#3284,.T.);
#2172=EDGE_CURVE('',#2863,#2662,#3285,.T.);
#2173=EDGE_CURVE('',#2863,#2861,#273,.T.);
#2174=EDGE_CURVE('',#2864,#2671,#3286,.T.);
#2175=EDGE_CURVE('',#2864,#2863,#274,.T.);
#2176=EDGE_CURVE('',#2865,#2670,#3287,.T.);
#2177=EDGE_CURVE('',#2865,#2864,#275,.T.);
#2178=EDGE_CURVE('',#2866,#2669,#3288,.T.);
#2179=EDGE_CURVE('',#2866,#2865,#276,.T.);
#2180=EDGE_CURVE('',#2867,#2668,#3289,.T.);
#2181=EDGE_CURVE('',#2867,#2866,#277,.T.);
#2182=EDGE_CURVE('',#2868,#2667,#3290,.T.);
#2183=EDGE_CURVE('',#2868,#2867,#278,.T.);
#2184=EDGE_CURVE('',#2869,#2666,#3291,.T.);
#2185=EDGE_CURVE('',#2869,#2868,#279,.T.);
#2186=EDGE_CURVE('',#2870,#2665,#3292,.T.);
#2187=EDGE_CURVE('',#2870,#2869,#280,.T.);
#2188=EDGE_CURVE('',#2862,#2870,#281,.T.);
#2189=EDGE_CURVE('',#2846,#2859,#282,.T.);
#2190=EDGE_CURVE('',#2848,#2860,#283,.T.);
#2191=EDGE_CURVE('',#2871,#2649,#3293,.T.);
#2192=EDGE_CURVE('',#2871,#2872,#3294,.T.);
#2193=EDGE_CURVE('',#2872,#2650,#3295,.T.);
#2194=EDGE_CURVE('',#2873,#2648,#3296,.T.);
#2195=EDGE_CURVE('',#2873,#2871,#3297,.T.);
#2196=EDGE_CURVE('',#2874,#2661,#3298,.T.);
#2197=EDGE_CURVE('',#2874,#2873,#3299,.T.);
#2198=EDGE_CURVE('',#2875,#2660,#3300,.T.);
#2199=EDGE_CURVE('',#2875,#2874,#3301,.T.);
#2200=EDGE_CURVE('',#2876,#2659,#3302,.T.);
#2201=EDGE_CURVE('',#2876,#2875,#3303,.T.);
#2202=EDGE_CURVE('',#2877,#2658,#3304,.T.);
#2203=EDGE_CURVE('',#2877,#2876,#284,.T.);
#2204=EDGE_CURVE('',#2878,#2657,#3305,.T.);
#2205=EDGE_CURVE('',#2878,#2877,#285,.T.);
#2206=EDGE_CURVE('',#2879,#2656,#3306,.T.);
#2207=EDGE_CURVE('',#2879,#2878,#164,.T.);
#2208=EDGE_CURVE('',#2880,#2655,#3307,.T.);
#2209=EDGE_CURVE('',#2880,#2879,#3308,.T.);
#2210=EDGE_CURVE('',#2881,#2654,#3309,.T.);
#2211=EDGE_CURVE('',#2881,#2880,#3310,.T.);
#2212=EDGE_CURVE('',#2882,#2653,#3311,.T.);
#2213=EDGE_CURVE('',#2882,#2881,#3312,.T.);
#2214=EDGE_CURVE('',#2883,#2652,#3313,.T.);
#2215=EDGE_CURVE('',#2883,#2882,#286,.T.);
#2216=EDGE_CURVE('',#2884,#2651,#3314,.T.);
#2217=EDGE_CURVE('',#2884,#2883,#287,.T.);
#2218=EDGE_CURVE('',#2872,#2884,#288,.T.);
#2219=EDGE_CURVE('',#2885,#2635,#3315,.T.);
#2220=EDGE_CURVE('',#2885,#2886,#289,.T.);
#2221=EDGE_CURVE('',#2886,#2636,#3316,.T.);
#2222=EDGE_CURVE('',#2887,#2634,#3317,.T.);
#2223=EDGE_CURVE('',#2887,#2885,#3318,.T.);
#2224=EDGE_CURVE('',#2888,#2647,#3319,.T.);
#2225=EDGE_CURVE('',#2888,#2887,#3320,.T.);
#2226=EDGE_CURVE('',#2889,#2646,#3321,.T.);
#2227=EDGE_CURVE('',#2889,#2888,#3322,.T.);
#2228=EDGE_CURVE('',#2890,#2645,#3323,.T.);
#2229=EDGE_CURVE('',#2890,#2889,#3324,.T.);
#2230=EDGE_CURVE('',#2891,#2644,#3325,.T.);
#2231=EDGE_CURVE('',#2891,#2890,#3326,.T.);
#2232=EDGE_CURVE('',#2892,#2643,#3327,.T.);
#2233=EDGE_CURVE('',#2892,#2891,#290,.T.);
#2234=EDGE_CURVE('',#2893,#2642,#3328,.T.);
#2235=EDGE_CURVE('',#2893,#2892,#291,.T.);
#2236=EDGE_CURVE('',#2894,#2641,#3329,.T.);
#2237=EDGE_CURVE('',#2894,#2893,#165,.T.);
#2238=EDGE_CURVE('',#2895,#2640,#3330,.T.);
#2239=EDGE_CURVE('',#2895,#2894,#3331,.T.);
#2240=EDGE_CURVE('',#2896,#2639,#3332,.T.);
#2241=EDGE_CURVE('',#2896,#2895,#3333,.T.);
#2242=EDGE_CURVE('',#2897,#2638,#3334,.T.);
#2243=EDGE_CURVE('',#2897,#2896,#3335,.T.);
#2244=EDGE_CURVE('',#2898,#2637,#3336,.T.);
#2245=EDGE_CURVE('',#2898,#2897,#292,.T.);
#2246=EDGE_CURVE('',#2886,#2898,#293,.T.);
#2247=EDGE_CURVE('',#2899,#2627,#3337,.T.);
#2248=EDGE_CURVE('',#2899,#2900,#3338,.T.);
#2249=EDGE_CURVE('',#2900,#2628,#3339,.T.);
#2250=EDGE_CURVE('',#2901,#2626,#3340,.T.);
#2251=EDGE_CURVE('',#2901,#2899,#3341,.T.);
#2252=EDGE_CURVE('',#2902,#2633,#3342,.T.);
#2253=EDGE_CURVE('',#2902,#2901,#3343,.T.);
#2254=EDGE_CURVE('',#2903,#2632,#3344,.T.);
#2255=EDGE_CURVE('',#2903,#2902,#3345,.T.);
#2256=EDGE_CURVE('',#2904,#2631,#3346,.T.);
#2257=EDGE_CURVE('',#2904,#2903,#3347,.T.);
#2258=EDGE_CURVE('',#2905,#2630,#3348,.T.);
#2259=EDGE_CURVE('',#2905,#2904,#3349,.T.);
#2260=EDGE_CURVE('',#2906,#2629,#3350,.T.);
#2261=EDGE_CURVE('',#2906,#2905,#3351,.T.);
#2262=EDGE_CURVE('',#2900,#2906,#3352,.T.);
#2263=EDGE_CURVE('',#2907,#2619,#3353,.T.);
#2264=EDGE_CURVE('',#2907,#2908,#166,.F.);
#2265=EDGE_CURVE('',#2908,#2620,#3354,.T.);
#2266=EDGE_CURVE('',#2909,#2618,#3355,.T.);
#2267=EDGE_CURVE('',#2909,#2907,#294,.T.);
#2268=EDGE_CURVE('',#2910,#2625,#3356,.T.);
#2269=EDGE_CURVE('',#2910,#2909,#167,.F.);
#2270=EDGE_CURVE('',#2911,#2624,#3357,.T.);
#2271=EDGE_CURVE('',#2911,#2910,#295,.T.);
#2272=EDGE_CURVE('',#2912,#2623,#3358,.T.);
#2273=EDGE_CURVE('',#2912,#2911,#168,.F.);
#2274=EDGE_CURVE('',#2913,#2622,#3359,.T.);
#2275=EDGE_CURVE('',#2913,#2912,#169,.F.);
#2276=EDGE_CURVE('',#2914,#2621,#3360,.T.);
#2277=EDGE_CURVE('',#2914,#2913,#170,.F.);
#2278=EDGE_CURVE('',#2908,#2914,#171,.F.);
#2279=EDGE_CURVE('',#2915,#2916,#172,.T.);
#2280=EDGE_CURVE('',#2917,#2915,#3361,.T.);
#2281=EDGE_CURVE('',#2917,#2918,#173,.T.);
#2282=EDGE_CURVE('',#2918,#2916,#3362,.T.);
#2283=EDGE_CURVE('',#2919,#2915,#296,.T.);
#2284=EDGE_CURVE('',#2920,#2919,#3363,.T.);
#2285=EDGE_CURVE('',#2920,#2917,#297,.T.);
#2286=EDGE_CURVE('',#2921,#2919,#298,.T.);
#2287=EDGE_CURVE('',#2922,#2921,#3364,.T.);
#2288=EDGE_CURVE('',#2922,#2920,#299,.T.);
#2289=EDGE_CURVE('',#2923,#2921,#300,.T.);
#2290=EDGE_CURVE('',#2924,#2923,#3365,.T.);
#2291=EDGE_CURVE('',#2924,#2922,#301,.T.);
#2292=EDGE_CURVE('',#2925,#2923,#3366,.T.);
#2293=EDGE_CURVE('',#2926,#2925,#3367,.T.);
#2294=EDGE_CURVE('',#2926,#2924,#3368,.T.);
#2295=EDGE_CURVE('',#2927,#2925,#302,.T.);
#2296=EDGE_CURVE('',#2928,#2927,#3369,.T.);
#2297=EDGE_CURVE('',#2928,#2926,#303,.T.);
#2298=EDGE_CURVE('',#2929,#2715,#3370,.T.);
#2299=EDGE_CURVE('',#2929,#2930,#304,.T.);
#2300=EDGE_CURVE('',#2930,#2716,#3371,.T.);
#2301=EDGE_CURVE('',#2931,#2714,#3372,.T.);
#2302=EDGE_CURVE('',#2931,#2929,#174,.F.);
#2303=EDGE_CURVE('',#2932,#2728,#3373,.T.);
#2304=EDGE_CURVE('',#2932,#2931,#305,.T.);
#2305=EDGE_CURVE('',#2933,#2727,#3374,.T.);
#2306=EDGE_CURVE('',#2933,#2932,#306,.T.);
#2307=EDGE_CURVE('',#2934,#2726,#3375,.T.);
#2308=EDGE_CURVE('',#2934,#2933,#3376,.T.);
#2309=EDGE_CURVE('',#2935,#2725,#3377,.T.);
#2310=EDGE_CURVE('',#2935,#2934,#175,.F.);
#2311=EDGE_CURVE('',#2936,#2724,#3378,.T.);
#2312=EDGE_CURVE('',#2936,#2935,#307,.T.);
#2313=EDGE_CURVE('',#2937,#2723,#3379,.T.);
#2314=EDGE_CURVE('',#2937,#2936,#308,.T.);
#2315=EDGE_CURVE('',#2938,#2722,#3380,.T.);
#2316=EDGE_CURVE('',#2938,#2937,#309,.T.);
#2317=EDGE_CURVE('',#2939,#2721,#3381,.T.);
#2318=EDGE_CURVE('',#2939,#2938,#310,.T.);
#2319=EDGE_CURVE('',#2940,#2720,#3382,.T.);
#2320=EDGE_CURVE('',#2940,#2939,#3383,.T.);
#2321=EDGE_CURVE('',#2941,#2719,#3384,.T.);
#2322=EDGE_CURVE('',#2941,#2940,#3385,.T.);
#2323=EDGE_CURVE('',#2942,#2718,#3386,.T.);
#2324=EDGE_CURVE('',#2942,#2941,#3387,.T.);
#2325=EDGE_CURVE('',#2943,#2717,#3388,.T.);
#2326=EDGE_CURVE('',#2943,#2942,#3389,.T.);
#2327=EDGE_CURVE('',#2930,#2943,#3390,.T.);
#2328=EDGE_CURVE('',#2916,#2927,#311,.T.);
#2329=EDGE_CURVE('',#2918,#2928,#312,.T.);
#2330=EDGE_CURVE('',#2944,#2945,#313,.T.);
#2331=EDGE_CURVE('',#2946,#2944,#3391,.T.);
#2332=EDGE_CURVE('',#2946,#2947,#314,.T.);
#2333=EDGE_CURVE('',#2947,#2945,#3392,.T.);
#2334=EDGE_CURVE('',#2948,#2944,#315,.T.);
#2335=EDGE_CURVE('',#2949,#2948,#3393,.T.);
#2336=EDGE_CURVE('',#2949,#2946,#316,.T.);
#2337=EDGE_CURVE('',#2950,#2948,#317,.T.);
#2338=EDGE_CURVE('',#2951,#2950,#3394,.T.);
#2339=EDGE_CURVE('',#2951,#2949,#318,.T.);
#2340=EDGE_CURVE('',#2952,#2950,#176,.T.);
#2341=EDGE_CURVE('',#2953,#2952,#3395,.T.);
#2342=EDGE_CURVE('',#2953,#2951,#177,.T.);
#2343=EDGE_CURVE('',#2954,#2952,#319,.T.);
#2344=EDGE_CURVE('',#2955,#2954,#3396,.T.);
#2345=EDGE_CURVE('',#2955,#2953,#320,.T.);
#2346=EDGE_CURVE('',#2956,#2954,#3397,.T.);
#2347=EDGE_CURVE('',#2957,#2956,#3398,.T.);
#2348=EDGE_CURVE('',#2957,#2955,#3399,.T.);
#2349=EDGE_CURVE('',#2958,#2596,#3400,.T.);
#2350=EDGE_CURVE('',#2958,#2959,#178,.F.);
#2351=EDGE_CURVE('',#2959,#2597,#3401,.T.);
#2352=EDGE_CURVE('',#2960,#2595,#3402,.T.);
#2353=EDGE_CURVE('',#2960,#2958,#3403,.T.);
#2354=EDGE_CURVE('',#2961,#2617,#3404,.T.);
#2355=EDGE_CURVE('',#2961,#2960,#3405,.T.);
#2356=EDGE_CURVE('',#2962,#2616,#3406,.T.);
#2357=EDGE_CURVE('',#2962,#2961,#321,.T.);
#2358=EDGE_CURVE('',#2963,#2615,#3407,.T.);
#2359=EDGE_CURVE('',#2963,#2962,#3408,.T.);
#2360=EDGE_CURVE('',#2964,#2614,#3409,.T.);
#2361=EDGE_CURVE('',#2964,#2963,#3410,.T.);
#2362=EDGE_CURVE('',#2965,#2613,#3411,.T.);
#2363=EDGE_CURVE('',#2965,#2964,#322,.T.);
#2364=EDGE_CURVE('',#2966,#2612,#3412,.T.);
#2365=EDGE_CURVE('',#2966,#2965,#323,.T.);
#2366=EDGE_CURVE('',#2967,#2611,#3413,.T.);
#2367=EDGE_CURVE('',#2967,#2966,#324,.T.);
#2368=EDGE_CURVE('',#2968,#2610,#3414,.T.);
#2369=EDGE_CURVE('',#2968,#2967,#325,.T.);
#2370=EDGE_CURVE('',#2969,#2609,#3415,.T.);
#2371=EDGE_CURVE('',#2969,#2968,#3416,.T.);
#2372=EDGE_CURVE('',#2970,#2608,#3417,.T.);
#2373=EDGE_CURVE('',#2970,#2969,#326,.T.);
#2374=EDGE_CURVE('',#2971,#2607,#3418,.T.);
#2375=EDGE_CURVE('',#2971,#2970,#327,.T.);
#2376=EDGE_CURVE('',#2972,#2606,#3419,.T.);
#2377=EDGE_CURVE('',#2972,#2971,#328,.T.);
#2378=EDGE_CURVE('',#2973,#2605,#3420,.T.);
#2379=EDGE_CURVE('',#2973,#2972,#329,.T.);
#2380=EDGE_CURVE('',#2974,#2604,#3421,.T.);
#2381=EDGE_CURVE('',#2974,#2973,#179,.T.);
#2382=EDGE_CURVE('',#2975,#2603,#3422,.T.);
#2383=EDGE_CURVE('',#2975,#2974,#3423,.T.);
#2384=EDGE_CURVE('',#2976,#2602,#3424,.T.);
#2385=EDGE_CURVE('',#2976,#2975,#3425,.T.);
#2386=EDGE_CURVE('',#2977,#2601,#3426,.T.);
#2387=EDGE_CURVE('',#2977,#2976,#330,.T.);
#2388=EDGE_CURVE('',#2978,#2600,#3427,.T.);
#2389=EDGE_CURVE('',#2978,#2977,#331,.T.);
#2390=EDGE_CURVE('',#2979,#2599,#3428,.T.);
#2391=EDGE_CURVE('',#2979,#2978,#332,.T.);
#2392=EDGE_CURVE('',#2980,#2598,#3429,.T.);
#2393=EDGE_CURVE('',#2980,#2979,#333,.T.);
#2394=EDGE_CURVE('',#2959,#2980,#334,.T.);
#2395=EDGE_CURVE('',#2945,#2956,#3430,.T.);
#2396=EDGE_CURVE('',#2947,#2957,#3431,.T.);
#2397=EDGE_CURVE('',#2981,#2982,#3432,.T.);
#2398=EDGE_CURVE('',#2983,#2981,#3433,.T.);
#2399=EDGE_CURVE('',#2983,#2984,#3434,.T.);
#2400=EDGE_CURVE('',#2984,#2982,#3435,.T.);
#2401=EDGE_CURVE('',#2985,#2981,#3436,.T.);
#2402=EDGE_CURVE('',#2986,#2985,#3437,.T.);
#2403=EDGE_CURVE('',#2986,#2983,#3438,.T.);
#2404=EDGE_CURVE('',#2987,#2985,#3439,.T.);
#2405=EDGE_CURVE('',#2988,#2987,#3440,.T.);
#2406=EDGE_CURVE('',#2988,#2986,#3441,.T.);
#2407=EDGE_CURVE('',#2989,#2987,#335,.T.);
#2408=EDGE_CURVE('',#2990,#2989,#3442,.T.);
#2409=EDGE_CURVE('',#2990,#2988,#336,.T.);
#2410=EDGE_CURVE('',#2991,#2989,#337,.T.);
#2411=EDGE_CURVE('',#2992,#2991,#3443,.T.);
#2412=EDGE_CURVE('',#2992,#2990,#338,.T.);
#2413=EDGE_CURVE('',#2993,#2991,#339,.T.);
#2414=EDGE_CURVE('',#2994,#2993,#3444,.T.);
#2415=EDGE_CURVE('',#2994,#2992,#340,.T.);
#2416=EDGE_CURVE('',#2995,#2730,#3445,.T.);
#2417=EDGE_CURVE('',#2995,#2996,#3446,.T.);
#2418=EDGE_CURVE('',#2996,#2731,#3447,.T.);
#2419=EDGE_CURVE('',#2997,#2729,#3448,.T.);
#2420=EDGE_CURVE('',#2997,#2995,#3449,.T.);
#2421=EDGE_CURVE('',#2998,#2740,#3450,.T.);
#2422=EDGE_CURVE('',#2998,#2997,#3451,.T.);
#2423=EDGE_CURVE('',#2999,#2739,#3452,.T.);
#2424=EDGE_CURVE('',#2999,#2998,#3453,.T.);
#2425=EDGE_CURVE('',#3000,#2738,#3454,.T.);
#2426=EDGE_CURVE('',#3000,#2999,#3455,.T.);
#2427=EDGE_CURVE('',#3001,#2737,#3456,.T.);
#2428=EDGE_CURVE('',#3001,#3000,#341,.T.);
#2429=EDGE_CURVE('',#3002,#2736,#3457,.T.);
#2430=EDGE_CURVE('',#3002,#3001,#342,.T.);
#2431=EDGE_CURVE('',#3003,#2735,#3458,.T.);
#2432=EDGE_CURVE('',#3003,#3002,#343,.T.);
#2433=EDGE_CURVE('',#3004,#2734,#3459,.T.);
#2434=EDGE_CURVE('',#3004,#3003,#3460,.T.);
#2435=EDGE_CURVE('',#3005,#2733,#3461,.T.);
#2436=EDGE_CURVE('',#3005,#3004,#3462,.T.);
#2437=EDGE_CURVE('',#3006,#2732,#3463,.T.);
#2438=EDGE_CURVE('',#3006,#3005,#3464,.T.);
#2439=EDGE_CURVE('',#2996,#3006,#3465,.T.);
#2440=EDGE_CURVE('',#2982,#2993,#344,.T.);
#2441=EDGE_CURVE('',#2984,#2994,#345,.T.);
#2442=EDGE_CURVE('',#3007,#2742,#3466,.T.);
#2443=EDGE_CURVE('',#3007,#3008,#180,.T.);
#2444=EDGE_CURVE('',#3008,#2743,#3467,.T.);
#2445=EDGE_CURVE('',#3009,#2741,#3468,.T.);
#2446=EDGE_CURVE('',#3009,#3007,#3469,.T.);
#2447=EDGE_CURVE('',#3010,#2750,#3470,.T.);
#2448=EDGE_CURVE('',#3010,#3009,#181,.F.);
#2449=EDGE_CURVE('',#3011,#2749,#3471,.T.);
#2450=EDGE_CURVE('',#3011,#3010,#346,.T.);
#2451=EDGE_CURVE('',#3012,#2748,#3472,.T.);
#2452=EDGE_CURVE('',#3012,#3011,#3473,.T.);
#2453=EDGE_CURVE('',#3013,#2747,#3474,.T.);
#2454=EDGE_CURVE('',#3013,#3012,#3475,.T.);
#2455=EDGE_CURVE('',#3014,#2746,#3476,.T.);
#2456=EDGE_CURVE('',#3014,#3013,#3477,.T.);
#2457=EDGE_CURVE('',#3015,#2745,#3478,.T.);
#2458=EDGE_CURVE('',#3015,#3014,#3479,.T.);
#2459=EDGE_CURVE('',#3016,#2744,#3480,.T.);
#2460=EDGE_CURVE('',#3016,#3015,#3481,.T.);
#2461=EDGE_CURVE('',#3008,#3016,#347,.T.);
#2462=EDGE_CURVE('',#3017,#2752,#3482,.T.);
#2463=EDGE_CURVE('',#3017,#3018,#3483,.T.);
#2464=EDGE_CURVE('',#3018,#2753,#3484,.T.);
#2465=EDGE_CURVE('',#3019,#2751,#3485,.T.);
#2466=EDGE_CURVE('',#3019,#3017,#3486,.T.);
#2467=EDGE_CURVE('',#3020,#2765,#3487,.T.);
#2468=EDGE_CURVE('',#3020,#3019,#3488,.T.);
#2469=EDGE_CURVE('',#3021,#2764,#3489,.T.);
#2470=EDGE_CURVE('',#3021,#3020,#3490,.T.);
#2471=EDGE_CURVE('',#3022,#2763,#3491,.T.);
#2472=EDGE_CURVE('',#3022,#3021,#3492,.T.);
#2473=EDGE_CURVE('',#3023,#2762,#3493,.T.);
#2474=EDGE_CURVE('',#3023,#3022,#3494,.T.);
#2475=EDGE_CURVE('',#3024,#2761,#3495,.T.);
#2476=EDGE_CURVE('',#3024,#3023,#3496,.T.);
#2477=EDGE_CURVE('',#3025,#2760,#3497,.T.);
#2478=EDGE_CURVE('',#3025,#3024,#3498,.T.);
#2479=EDGE_CURVE('',#3026,#2759,#3499,.T.);
#2480=EDGE_CURVE('',#3026,#3025,#3500,.T.);
#2481=EDGE_CURVE('',#3027,#2758,#3501,.T.);
#2482=EDGE_CURVE('',#3027,#3026,#3502,.T.);
#2483=EDGE_CURVE('',#3028,#2757,#3503,.T.);
#2484=EDGE_CURVE('',#3028,#3027,#3504,.T.);
#2485=EDGE_CURVE('',#3029,#2756,#3505,.T.);
#2486=EDGE_CURVE('',#3029,#3028,#3506,.T.);
#2487=EDGE_CURVE('',#3030,#2755,#3507,.T.);
#2488=EDGE_CURVE('',#3030,#3029,#3508,.T.);
#2489=EDGE_CURVE('',#3031,#2754,#3509,.T.);
#2490=EDGE_CURVE('',#3031,#3030,#3510,.T.);
#2491=EDGE_CURVE('',#3018,#3031,#3511,.T.);
#2492=EDGE_CURVE('',#3032,#3033,#3512,.T.);
#2493=EDGE_CURVE('',#3034,#3032,#3513,.T.);
#2494=EDGE_CURVE('',#3034,#3035,#3514,.T.);
#2495=EDGE_CURVE('',#3035,#3033,#3515,.T.);
#2496=EDGE_CURVE('',#3036,#3032,#3516,.T.);
#2497=EDGE_CURVE('',#3037,#3036,#3517,.T.);
#2498=EDGE_CURVE('',#3037,#3034,#3518,.T.);
#2499=EDGE_CURVE('',#3038,#3036,#3519,.T.);
#2500=EDGE_CURVE('',#3039,#3038,#3520,.T.);
#2501=EDGE_CURVE('',#3039,#3037,#3521,.T.);
#2502=EDGE_CURVE('',#3040,#3038,#348,.T.);
#2503=EDGE_CURVE('',#3041,#3040,#3522,.T.);
#2504=EDGE_CURVE('',#3041,#3039,#349,.T.);
#2505=EDGE_CURVE('',#3042,#3040,#350,.T.);
#2506=EDGE_CURVE('',#3043,#3042,#3523,.T.);
#2507=EDGE_CURVE('',#3043,#3041,#351,.T.);
#2508=EDGE_CURVE('',#3044,#3042,#352,.T.);
#2509=EDGE_CURVE('',#3045,#3044,#3524,.T.);
#2510=EDGE_CURVE('',#3045,#3043,#353,.T.);
#2511=EDGE_CURVE('',#3046,#2587,#3525,.T.);
#2512=EDGE_CURVE('',#3046,#3047,#3526,.T.);
#2513=EDGE_CURVE('',#3047,#2588,#3527,.T.);
#2514=EDGE_CURVE('',#3048,#2586,#3528,.T.);
#2515=EDGE_CURVE('',#3048,#3046,#3529,.T.);
#2516=EDGE_CURVE('',#3049,#2594,#3530,.T.);
#2517=EDGE_CURVE('',#3049,#3048,#354,.T.);
#2518=EDGE_CURVE('',#3050,#2593,#3531,.T.);
#2519=EDGE_CURVE('',#3050,#3049,#355,.T.);
#2520=EDGE_CURVE('',#3051,#2592,#3532,.T.);
#2521=EDGE_CURVE('',#3051,#3050,#356,.T.);
#2522=EDGE_CURVE('',#3052,#2591,#3533,.T.);
#2523=EDGE_CURVE('',#3052,#3051,#357,.T.);
#2524=EDGE_CURVE('',#3053,#2590,#3534,.T.);
#2525=EDGE_CURVE('',#3053,#3052,#3535,.T.);
#2526=EDGE_CURVE('',#3054,#2589,#3536,.T.);
#2527=EDGE_CURVE('',#3054,#3053,#3537,.T.);
#2528=EDGE_CURVE('',#3047,#3054,#3538,.T.);
#2529=EDGE_CURVE('',#3033,#3044,#358,.T.);
#2530=EDGE_CURVE('',#3035,#3045,#359,.T.);
#2531=EDGE_CURVE('',#3055,#3056,#3539,.T.);
#2532=EDGE_CURVE('',#3057,#3055,#3540,.T.);
#2533=EDGE_CURVE('',#3057,#3058,#3541,.T.);
#2534=EDGE_CURVE('',#3058,#3056,#3542,.T.);
#2535=EDGE_CURVE('',#3059,#3055,#3543,.T.);
#2536=EDGE_CURVE('',#3060,#3059,#3544,.T.);
#2537=EDGE_CURVE('',#3060,#3057,#3545,.T.);
#2538=EDGE_CURVE('',#3061,#2767,#3546,.T.);
#2539=EDGE_CURVE('',#3061,#3062,#3547,.T.);
#2540=EDGE_CURVE('',#3062,#2768,#3548,.T.);
#2541=EDGE_CURVE('',#3063,#2766,#3549,.T.);
#2542=EDGE_CURVE('',#3063,#3061,#3550,.T.);
#2543=EDGE_CURVE('',#3064,#2773,#3551,.T.);
#2544=EDGE_CURVE('',#3064,#3063,#3552,.T.);
#2545=EDGE_CURVE('',#3065,#2772,#3553,.T.);
#2546=EDGE_CURVE('',#3065,#3064,#3554,.T.);
#2547=EDGE_CURVE('',#3066,#2771,#3555,.T.);
#2548=EDGE_CURVE('',#3066,#3065,#3556,.T.);
#2549=EDGE_CURVE('',#3067,#2770,#3557,.T.);
#2550=EDGE_CURVE('',#3067,#3066,#3558,.T.);
#2551=EDGE_CURVE('',#3068,#2769,#3559,.T.);
#2552=EDGE_CURVE('',#3068,#3067,#3560,.T.);
#2553=EDGE_CURVE('',#3062,#3068,#3561,.T.);
#2554=EDGE_CURVE('',#3056,#3059,#3562,.T.);
#2555=EDGE_CURVE('',#3058,#3060,#3563,.T.);
#2556=EDGE_CURVE('',#3069,#2775,#3564,.T.);
#2557=EDGE_CURVE('',#3069,#3070,#3565,.T.);
#2558=EDGE_CURVE('',#3070,#2776,#3566,.T.);
#2559=EDGE_CURVE('',#3071,#2774,#3567,.T.);
#2560=EDGE_CURVE('',#3071,#3069,#3568,.T.);
#2561=EDGE_CURVE('',#3072,#2788,#3569,.T.);
#2562=EDGE_CURVE('',#3072,#3071,#3570,.T.);
#2563=EDGE_CURVE('',#3073,#2787,#3571,.T.);
#2564=EDGE_CURVE('',#3073,#3072,#3572,.T.);
#2565=EDGE_CURVE('',#3074,#2786,#3573,.T.);
#2566=EDGE_CURVE('',#3074,#3073,#3574,.T.);
#2567=EDGE_CURVE('',#3075,#2785,#3575,.T.);
#2568=EDGE_CURVE('',#3075,#3074,#3576,.T.);
#2569=EDGE_CURVE('',#3076,#2784,#3577,.T.);
#2570=EDGE_CURVE('',#3076,#3075,#3578,.T.);
#2571=EDGE_CURVE('',#3077,#2783,#3579,.T.);
#2572=EDGE_CURVE('',#3077,#3076,#3580,.T.);
#2573=EDGE_CURVE('',#3078,#2782,#3581,.T.);
#2574=EDGE_CURVE('',#3078,#3077,#3582,.T.);
#2575=EDGE_CURVE('',#3079,#2781,#3583,.T.);
#2576=EDGE_CURVE('',#3079,#3078,#3584,.T.);
#2577=EDGE_CURVE('',#3080,#2780,#3585,.T.);
#2578=EDGE_CURVE('',#3080,#3079,#3586,.T.);
#2579=EDGE_CURVE('',#3081,#2779,#3587,.T.);
#2580=EDGE_CURVE('',#3081,#3080,#3588,.T.);
#2581=EDGE_CURVE('',#3082,#2778,#3589,.T.);
#2582=EDGE_CURVE('',#3082,#3081,#3590,.T.);
#2583=EDGE_CURVE('',#3083,#2777,#3591,.T.);
#2584=EDGE_CURVE('',#3083,#3082,#3592,.T.);
#2585=EDGE_CURVE('',#3070,#3083,#3593,.T.);
#2586=VERTEX_POINT('',#6408);
#2587=VERTEX_POINT('',#6409);
#2588=VERTEX_POINT('',#6411);
#2589=VERTEX_POINT('',#6413);
#2590=VERTEX_POINT('',#6415);
#2591=VERTEX_POINT('',#6417);
#2592=VERTEX_POINT('',#6421);
#2593=VERTEX_POINT('',#6425);
#2594=VERTEX_POINT('',#6429);
#2595=VERTEX_POINT('',#6434);
#2596=VERTEX_POINT('',#6435);
#2597=VERTEX_POINT('',#6437);
#2598=VERTEX_POINT('',#6441);
#2599=VERTEX_POINT('',#6445);
#2600=VERTEX_POINT('',#6449);
#2601=VERTEX_POINT('',#6453);
#2602=VERTEX_POINT('',#6457);
#2603=VERTEX_POINT('',#6459);
#2604=VERTEX_POINT('',#6461);
#2605=VERTEX_POINT('',#6463);
#2606=VERTEX_POINT('',#6467);
#2607=VERTEX_POINT('',#6471);
#2608=VERTEX_POINT('',#6475);
#2609=VERTEX_POINT('',#6479);
#2610=VERTEX_POINT('',#6481);
#2611=VERTEX_POINT('',#6485);
#2612=VERTEX_POINT('',#6489);
#2613=VERTEX_POINT('',#6493);
#2614=VERTEX_POINT('',#6497);
#2615=VERTEX_POINT('',#6499);
#2616=VERTEX_POINT('',#6501);
#2617=VERTEX_POINT('',#6505);
#2618=VERTEX_POINT('',#6510);
#2619=VERTEX_POINT('',#6511);
#2620=VERTEX_POINT('',#6513);
#2621=VERTEX_POINT('',#6515);
#2622=VERTEX_POINT('',#6517);
#2623=VERTEX_POINT('',#6519);
#2624=VERTEX_POINT('',#6521);
#2625=VERTEX_POINT('',#6525);
#2626=VERTEX_POINT('',#6528);
#2627=VERTEX_POINT('',#6529);
#2628=VERTEX_POINT('',#6531);
#2629=VERTEX_POINT('',#6533);
#2630=VERTEX_POINT('',#6535);
#2631=VERTEX_POINT('',#6537);
#2632=VERTEX_POINT('',#6539);
#2633=VERTEX_POINT('',#6541);
#2634=VERTEX_POINT('',#6544);
#2635=VERTEX_POINT('',#6545);
#2636=VERTEX_POINT('',#6549);
#2637=VERTEX_POINT('',#6553);
#2638=VERTEX_POINT('',#6557);
#2639=VERTEX_POINT('',#6559);
#2640=VERTEX_POINT('',#6561);
#2641=VERTEX_POINT('',#6563);
#2642=VERTEX_POINT('',#6565);
#2643=VERTEX_POINT('',#6569);
#2644=VERTEX_POINT('',#6573);
#2645=VERTEX_POINT('',#6575);
#2646=VERTEX_POINT('',#6577);
#2647=VERTEX_POINT('',#6579);
#2648=VERTEX_POINT('',#6582);
#2649=VERTEX_POINT('',#6583);
#2650=VERTEX_POINT('',#6585);
#2651=VERTEX_POINT('',#6589);
#2652=VERTEX_POINT('',#6593);
#2653=VERTEX_POINT('',#6597);
#2654=VERTEX_POINT('',#6599);
#2655=VERTEX_POINT('',#6601);
#2656=VERTEX_POINT('',#6603);
#2657=VERTEX_POINT('',#6605);
#2658=VERTEX_POINT('',#6609);
#2659=VERTEX_POINT('',#6613);
#2660=VERTEX_POINT('',#6615);
#2661=VERTEX_POINT('',#6617);
#2662=VERTEX_POINT('',#6622);
#2663=VERTEX_POINT('',#6623);
#2664=VERTEX_POINT('',#6627);
#2665=VERTEX_POINT('',#6631);
#2666=VERTEX_POINT('',#6635);
#2667=VERTEX_POINT('',#6639);
#2668=VERTEX_POINT('',#6643);
#2669=VERTEX_POINT('',#6647);
#2670=VERTEX_POINT('',#6651);
#2671=VERTEX_POINT('',#6655);
#2672=VERTEX_POINT('',#6660);
#2673=VERTEX_POINT('',#6661);
#2674=VERTEX_POINT('',#6663);
#2675=VERTEX_POINT('',#6665);
#2676=VERTEX_POINT('',#6668);
#2677=VERTEX_POINT('',#6669);
#2678=VERTEX_POINT('',#6671);
#2679=VERTEX_POINT('',#6673);
#2680=VERTEX_POINT('',#6676);
#2681=VERTEX_POINT('',#6677);
#2682=VERTEX_POINT('',#6679);
#2683=VERTEX_POINT('',#6681);
#2684=VERTEX_POINT('',#6684);
#2685=VERTEX_POINT('',#6685);
#2686=VERTEX_POINT('',#6687);
#2687=VERTEX_POINT('',#6689);
#2688=VERTEX_POINT('',#6692);
#2689=VERTEX_POINT('',#6693);
#2690=VERTEX_POINT('',#6695);
#2691=VERTEX_POINT('',#6697);
#2692=VERTEX_POINT('',#6700);
#2693=VERTEX_POINT('',#6702);
#2694=VERTEX_POINT('',#6704);
#2695=VERTEX_POINT('',#6706);
#2696=VERTEX_POINT('',#6708);
#2697=VERTEX_POINT('',#6710);
#2698=VERTEX_POINT('',#6711);
#2699=VERTEX_POINT('',#6715);
#2700=VERTEX_POINT('',#6717);
#2701=VERTEX_POINT('',#6721);
#2702=VERTEX_POINT('',#6723);
#2703=VERTEX_POINT('',#6725);
#2704=VERTEX_POINT('',#6729);
#2705=VERTEX_POINT('',#6731);
#2706=VERTEX_POINT('',#6735);
#2707=VERTEX_POINT('',#6739);
#2708=VERTEX_POINT('',#6741);
#2709=VERTEX_POINT('',#6743);
#2710=VERTEX_POINT('',#6747);
#2711=VERTEX_POINT('',#6751);
#2712=VERTEX_POINT('',#6755);
#2713=VERTEX_POINT('',#6757);
#2714=VERTEX_POINT('',#6762);
#2715=VERTEX_POINT('',#6763);
#2716=VERTEX_POINT('',#6767);
#2717=VERTEX_POINT('',#6769);
#2718=VERTEX_POINT('',#6771);
#2719=VERTEX_POINT('',#6773);
#2720=VERTEX_POINT('',#6775);
#2721=VERTEX_POINT('',#6777);
#2722=VERTEX_POINT('',#6781);
#2723=VERTEX_POINT('',#6785);
#2724=VERTEX_POINT('',#6789);
#2725=VERTEX_POINT('',#6793);
#2726=VERTEX_POINT('',#6795);
#2727=VERTEX_POINT('',#6797);
#2728=VERTEX_POINT('',#6801);
#2729=VERTEX_POINT('',#6806);
#2730=VERTEX_POINT('',#6807);
#2731=VERTEX_POINT('',#6809);
#2732=VERTEX_POINT('',#6811);
#2733=VERTEX_POINT('',#6813);
#2734=VERTEX_POINT('',#6815);
#2735=VERTEX_POINT('',#6817);
#2736=VERTEX_POINT('',#6821);
#2737=VERTEX_POINT('',#6825);
#2738=VERTEX_POINT('',#6829);
#2739=VERTEX_POINT('',#6831);
#2740=VERTEX_POINT('',#6833);
#2741=VERTEX_POINT('',#6836);
#2742=VERTEX_POINT('',#6837);
#2743=VERTEX_POINT('',#6839);
#2744=VERTEX_POINT('',#6843);
#2745=VERTEX_POINT('',#6845);
#2746=VERTEX_POINT('',#6847);
#2747=VERTEX_POINT('',#6849);
#2748=VERTEX_POINT('',#6851);
#2749=VERTEX_POINT('',#6853);
#2750=VERTEX_POINT('',#6857);
#2751=VERTEX_POINT('',#6860);
#2752=VERTEX_POINT('',#6861);
#2753=VERTEX_POINT('',#6863);
#2754=VERTEX_POINT('',#6865);
#2755=VERTEX_POINT('',#6867);
#2756=VERTEX_POINT('',#6869);
#2757=VERTEX_POINT('',#6871);
#2758=VERTEX_POINT('',#6873);
#2759=VERTEX_POINT('',#6875);
#2760=VERTEX_POINT('',#6877);
#2761=VERTEX_POINT('',#6879);
#2762=VERTEX_POINT('',#6881);
#2763=VERTEX_POINT('',#6883);
#2764=VERTEX_POINT('',#6885);
#2765=VERTEX_POINT('',#6887);
#2766=VERTEX_POINT('',#6890);
#2767=VERTEX_POINT('',#6891);
#2768=VERTEX_POINT('',#6893);
#2769=VERTEX_POINT('',#6895);
#2770=VERTEX_POINT('',#6897);
#2771=VERTEX_POINT('',#6899);
#2772=VERTEX_POINT('',#6901);
#2773=VERTEX_POINT('',#6903);
#2774=VERTEX_POINT('',#6906);
#2775=VERTEX_POINT('',#6907);
#2776=VERTEX_POINT('',#6909);
#2777=VERTEX_POINT('',#6911);
#2778=VERTEX_POINT('',#6913);
#2779=VERTEX_POINT('',#6915);
#2780=VERTEX_POINT('',#6917);
#2781=VERTEX_POINT('',#6919);
#2782=VERTEX_POINT('',#6921);
#2783=VERTEX_POINT('',#6923);
#2784=VERTEX_POINT('',#6925);
#2785=VERTEX_POINT('',#6927);
#2786=VERTEX_POINT('',#6929);
#2787=VERTEX_POINT('',#6931);
#2788=VERTEX_POINT('',#6933);
#2789=VERTEX_POINT('',#6937);
#2790=VERTEX_POINT('',#6939);
#2791=VERTEX_POINT('',#6941);
#2792=VERTEX_POINT('',#6943);
#2793=VERTEX_POINT('',#6945);
#2794=VERTEX_POINT('',#6946);
#2795=VERTEX_POINT('',#6948);
#2796=VERTEX_POINT('',#6950);
#2797=VERTEX_POINT('',#6953);
#2798=VERTEX_POINT('',#6954);
#2799=VERTEX_POINT('',#6956);
#2800=VERTEX_POINT('',#6958);
#2801=VERTEX_POINT('',#6961);
#2802=VERTEX_POINT('',#6963);
#2803=VERTEX_POINT('',#6964);
#2804=VERTEX_POINT('',#6966);
#2805=VERTEX_POINT('',#6968);
#2806=VERTEX_POINT('',#6971);
#2807=VERTEX_POINT('',#6972);
#2808=VERTEX_POINT('',#6974);
#2809=VERTEX_POINT('',#6976);
#2810=VERTEX_POINT('',#7017);
#2811=VERTEX_POINT('',#7019);
#2812=VERTEX_POINT('',#7023);
#2813=VERTEX_POINT('',#7027);
#2814=VERTEX_POINT('',#7034);
#2815=VERTEX_POINT('',#7035);
#2816=VERTEX_POINT('',#7037);
#2817=VERTEX_POINT('',#7039);
#2818=VERTEX_POINT('',#7052);
#2819=VERTEX_POINT('',#7054);
#2820=VERTEX_POINT('',#7069);
#2821=VERTEX_POINT('',#7071);
#2822=VERTEX_POINT('',#7077);
#2823=VERTEX_POINT('',#7079);
#2824=VERTEX_POINT('',#7083);
#2825=VERTEX_POINT('',#7085);
#2826=VERTEX_POINT('',#7089);
#2827=VERTEX_POINT('',#7091);
#2828=VERTEX_POINT('',#7102);
#2829=VERTEX_POINT('',#7106);
#2830=VERTEX_POINT('',#7110);
#2831=VERTEX_POINT('',#7121);
#2832=VERTEX_POINT('',#7127);
#2833=VERTEX_POINT('',#7138);
#2834=VERTEX_POINT('',#7151);
#2835=VERTEX_POINT('',#7164);
#2836=VERTEX_POINT('',#7170);
#2837=VERTEX_POINT('',#7174);
#2838=VERTEX_POINT('',#7185);
#2839=VERTEX_POINT('',#7198);
#2840=VERTEX_POINT('',#7204);
#2841=VERTEX_POINT('',#7215);
#2842=VERTEX_POINT('',#7221);
#2843=VERTEX_POINT('',#7225);
#2844=VERTEX_POINT('',#7236);
#2845=VERTEX_POINT('',#7268);
#2846=VERTEX_POINT('',#7269);
#2847=VERTEX_POINT('',#7271);
#2848=VERTEX_POINT('',#7275);
#2849=VERTEX_POINT('',#7288);
#2850=VERTEX_POINT('',#7290);
#2851=VERTEX_POINT('',#7305);
#2852=VERTEX_POINT('',#7307);
#2853=VERTEX_POINT('',#7322);
#2854=VERTEX_POINT('',#7324);
#2855=VERTEX_POINT('',#7339);
#2856=VERTEX_POINT('',#7341);
#2857=VERTEX_POINT('',#7356);
#2858=VERTEX_POINT('',#7358);
#2859=VERTEX_POINT('',#7373);
#2860=VERTEX_POINT('',#7375);
#2861=VERTEX_POINT('',#7388);
#2862=VERTEX_POINT('',#7392);
#2863=VERTEX_POINT('',#7403);
#2864=VERTEX_POINT('',#7416);
#2865=VERTEX_POINT('',#7429);
#2866=VERTEX_POINT('',#7442);
#2867=VERTEX_POINT('',#7455);
#2868=VERTEX_POINT('',#7468);
#2869=VERTEX_POINT('',#7481);
#2870=VERTEX_POINT('',#7494);
#2871=VERTEX_POINT('',#7526);
#2872=VERTEX_POINT('',#7528);
#2873=VERTEX_POINT('',#7532);
#2874=VERTEX_POINT('',#7536);
#2875=VERTEX_POINT('',#7540);
#2876=VERTEX_POINT('',#7544);
#2877=VERTEX_POINT('',#7555);
#2878=VERTEX_POINT('',#7568);
#2879=VERTEX_POINT('',#7574);
#2880=VERTEX_POINT('',#7578);
#2881=VERTEX_POINT('',#7582);
#2882=VERTEX_POINT('',#7586);
#2883=VERTEX_POINT('',#7597);
#2884=VERTEX_POINT('',#7610);
#2885=VERTEX_POINT('',#7635);
#2886=VERTEX_POINT('',#7639);
#2887=VERTEX_POINT('',#7643);
#2888=VERTEX_POINT('',#7647);
#2889=VERTEX_POINT('',#7651);
#2890=VERTEX_POINT('',#7655);
#2891=VERTEX_POINT('',#7659);
#2892=VERTEX_POINT('',#7670);
#2893=VERTEX_POINT('',#7683);
#2894=VERTEX_POINT('',#7689);
#2895=VERTEX_POINT('',#7693);
#2896=VERTEX_POINT('',#7697);
#2897=VERTEX_POINT('',#7701);
#2898=VERTEX_POINT('',#7712);
#2899=VERTEX_POINT('',#7730);
#2900=VERTEX_POINT('',#7732);
#2901=VERTEX_POINT('',#7736);
#2902=VERTEX_POINT('',#7740);
#2903=VERTEX_POINT('',#7744);
#2904=VERTEX_POINT('',#7748);
#2905=VERTEX_POINT('',#7752);
#2906=VERTEX_POINT('',#7756);
#2907=VERTEX_POINT('',#7763);
#2908=VERTEX_POINT('',#7765);
#2909=VERTEX_POINT('',#7776);
#2910=VERTEX_POINT('',#7782);
#2911=VERTEX_POINT('',#7793);
#2912=VERTEX_POINT('',#7799);
#2913=VERTEX_POINT('',#7803);
#2914=VERTEX_POINT('',#7807);
#2915=VERTEX_POINT('',#7814);
#2916=VERTEX_POINT('',#7815);
#2917=VERTEX_POINT('',#7817);
#2918=VERTEX_POINT('',#7819);
#2919=VERTEX_POINT('',#7832);
#2920=VERTEX_POINT('',#7834);
#2921=VERTEX_POINT('',#7849);
#2922=VERTEX_POINT('',#7851);
#2923=VERTEX_POINT('',#7866);
#2924=VERTEX_POINT('',#7868);
#2925=VERTEX_POINT('',#7874);
#2926=VERTEX_POINT('',#7876);
#2927=VERTEX_POINT('',#7889);
#2928=VERTEX_POINT('',#7891);
#2929=VERTEX_POINT('',#7904);
#2930=VERTEX_POINT('',#7908);
#2931=VERTEX_POINT('',#7912);
#2932=VERTEX_POINT('',#7923);
#2933=VERTEX_POINT('',#7936);
#2934=VERTEX_POINT('',#7942);
#2935=VERTEX_POINT('',#7946);
#2936=VERTEX_POINT('',#7957);
#2937=VERTEX_POINT('',#7970);
#2938=VERTEX_POINT('',#7983);
#2939=VERTEX_POINT('',#7996);
#2940=VERTEX_POINT('',#8002);
#2941=VERTEX_POINT('',#8006);
#2942=VERTEX_POINT('',#8010);
#2943=VERTEX_POINT('',#8014);
#2944=VERTEX_POINT('',#8044);
#2945=VERTEX_POINT('',#8045);
#2946=VERTEX_POINT('',#8047);
#2947=VERTEX_POINT('',#8051);
#2948=VERTEX_POINT('',#8064);
#2949=VERTEX_POINT('',#8066);
#2950=VERTEX_POINT('',#8081);
#2951=VERTEX_POINT('',#8083);
#2952=VERTEX_POINT('',#8089);
#2953=VERTEX_POINT('',#8091);
#2954=VERTEX_POINT('',#8104);
#2955=VERTEX_POINT('',#8106);
#2956=VERTEX_POINT('',#8112);
#2957=VERTEX_POINT('',#8114);
#2958=VERTEX_POINT('',#8118);
#2959=VERTEX_POINT('',#8120);
#2960=VERTEX_POINT('',#8124);
#2961=VERTEX_POINT('',#8128);
#2962=VERTEX_POINT('',#8139);
#2963=VERTEX_POINT('',#8145);
#2964=VERTEX_POINT('',#8149);
#2965=VERTEX_POINT('',#8160);
#2966=VERTEX_POINT('',#8173);
#2967=VERTEX_POINT('',#8186);
#2968=VERTEX_POINT('',#8199);
#2969=VERTEX_POINT('',#8205);
#2970=VERTEX_POINT('',#8216);
#2971=VERTEX_POINT('',#8229);
#2972=VERTEX_POINT('',#8242);
#2973=VERTEX_POINT('',#8255);
#2974=VERTEX_POINT('',#8261);
#2975=VERTEX_POINT('',#8265);
#2976=VERTEX_POINT('',#8269);
#2977=VERTEX_POINT('',#8280);
#2978=VERTEX_POINT('',#8293);
#2979=VERTEX_POINT('',#8306);
#2980=VERTEX_POINT('',#8319);
#2981=VERTEX_POINT('',#8340);
#2982=VERTEX_POINT('',#8341);
#2983=VERTEX_POINT('',#8343);
#2984=VERTEX_POINT('',#8345);
#2985=VERTEX_POINT('',#8349);
#2986=VERTEX_POINT('',#8351);
#2987=VERTEX_POINT('',#8355);
#2988=VERTEX_POINT('',#8357);
#2989=VERTEX_POINT('',#8370);
#2990=VERTEX_POINT('',#8372);
#2991=VERTEX_POINT('',#8387);
#2992=VERTEX_POINT('',#8389);
#2993=VERTEX_POINT('',#8404);
#2994=VERTEX_POINT('',#8406);
#2995=VERTEX_POINT('',#8412);
#2996=VERTEX_POINT('',#8414);
#2997=VERTEX_POINT('',#8418);
#2998=VERTEX_POINT('',#8422);
#2999=VERTEX_POINT('',#8426);
#3000=VERTEX_POINT('',#8430);
#3001=VERTEX_POINT('',#8441);
#3002=VERTEX_POINT('',#8454);
#3003=VERTEX_POINT('',#8467);
#3004=VERTEX_POINT('',#8473);
#3005=VERTEX_POINT('',#8477);
#3006=VERTEX_POINT('',#8481);
#3007=VERTEX_POINT('',#8502);
#3008=VERTEX_POINT('',#8504);
#3009=VERTEX_POINT('',#8508);
#3010=VERTEX_POINT('',#8512);
#3011=VERTEX_POINT('',#8523);
#3012=VERTEX_POINT('',#8529);
#3013=VERTEX_POINT('',#8533);
#3014=VERTEX_POINT('',#8537);
#3015=VERTEX_POINT('',#8541);
#3016=VERTEX_POINT('',#8545);
#3017=VERTEX_POINT('',#8566);
#3018=VERTEX_POINT('',#8568);
#3019=VERTEX_POINT('',#8572);
#3020=VERTEX_POINT('',#8576);
#3021=VERTEX_POINT('',#8580);
#3022=VERTEX_POINT('',#8584);
#3023=VERTEX_POINT('',#8588);
#3024=VERTEX_POINT('',#8592);
#3025=VERTEX_POINT('',#8596);
#3026=VERTEX_POINT('',#8600);
#3027=VERTEX_POINT('',#8604);
#3028=VERTEX_POINT('',#8608);
#3029=VERTEX_POINT('',#8612);
#3030=VERTEX_POINT('',#8616);
#3031=VERTEX_POINT('',#8620);
#3032=VERTEX_POINT('',#8627);
#3033=VERTEX_POINT('',#8628);
#3034=VERTEX_POINT('',#8630);
#3035=VERTEX_POINT('',#8632);
#3036=VERTEX_POINT('',#8636);
#3037=VERTEX_POINT('',#8638);
#3038=VERTEX_POINT('',#8642);
#3039=VERTEX_POINT('',#8644);
#3040=VERTEX_POINT('',#8657);
#3041=VERTEX_POINT('',#8659);
#3042=VERTEX_POINT('',#8674);
#3043=VERTEX_POINT('',#8676);
#3044=VERTEX_POINT('',#8691);
#3045=VERTEX_POINT('',#8693);
#3046=VERTEX_POINT('',#8699);
#3047=VERTEX_POINT('',#8701);
#3048=VERTEX_POINT('',#8705);
#3049=VERTEX_POINT('',#8716);
#3050=VERTEX_POINT('',#8729);
#3051=VERTEX_POINT('',#8742);
#3052=VERTEX_POINT('',#8755);
#3053=VERTEX_POINT('',#8761);
#3054=VERTEX_POINT('',#8765);
#3055=VERTEX_POINT('',#8786);
#3056=VERTEX_POINT('',#8787);
#3057=VERTEX_POINT('',#8789);
#3058=VERTEX_POINT('',#8791);
#3059=VERTEX_POINT('',#8795);
#3060=VERTEX_POINT('',#8797);
#3061=VERTEX_POINT('',#8801);
#3062=VERTEX_POINT('',#8803);
#3063=VERTEX_POINT('',#8807);
#3064=VERTEX_POINT('',#8811);
#3065=VERTEX_POINT('',#8815);
#3066=VERTEX_POINT('',#8819);
#3067=VERTEX_POINT('',#8823);
#3068=VERTEX_POINT('',#8827);
#3069=VERTEX_POINT('',#8837);
#3070=VERTEX_POINT('',#8839);
#3071=VERTEX_POINT('',#8843);
#3072=VERTEX_POINT('',#8847);
#3073=VERTEX_POINT('',#8851);
#3074=VERTEX_POINT('',#8855);
#3075=VERTEX_POINT('',#8859);
#3076=VERTEX_POINT('',#8863);
#3077=VERTEX_POINT('',#8867);
#3078=VERTEX_POINT('',#8871);
#3079=VERTEX_POINT('',#8875);
#3080=VERTEX_POINT('',#8879);
#3081=VERTEX_POINT('',#8883);
#3082=VERTEX_POINT('',#8887);
#3083=VERTEX_POINT('',#8891);
#3084=LINE('',#6407,#3594);
#3085=LINE('',#6410,#3595);
#3086=LINE('',#6412,#3596);
#3087=LINE('',#6414,#3597);
#3088=LINE('',#6416,#3598);
#3089=LINE('',#6433,#3599);
#3090=LINE('',#6458,#3600);
#3091=LINE('',#6460,#3601);
#3092=LINE('',#6480,#3602);
#3093=LINE('',#6498,#3603);
#3094=LINE('',#6500,#3604);
#3095=LINE('',#6506,#3605);
#3096=LINE('',#6527,#3606);
#3097=LINE('',#6530,#3607);
#3098=LINE('',#6532,#3608);
#3099=LINE('',#6534,#3609);
#3100=LINE('',#6536,#3610);
#3101=LINE('',#6538,#3611);
#3102=LINE('',#6540,#3612);
#3103=LINE('',#6542,#3613);
#3104=LINE('',#6543,#3614);
#3105=LINE('',#6558,#3615);
#3106=LINE('',#6560,#3616);
#3107=LINE('',#6562,#3617);
#3108=LINE('',#6574,#3618);
#3109=LINE('',#6576,#3619);
#3110=LINE('',#6578,#3620);
#3111=LINE('',#6580,#3621);
#3112=LINE('',#6581,#3622);
#3113=LINE('',#6584,#3623);
#3114=LINE('',#6598,#3624);
#3115=LINE('',#6600,#3625);
#3116=LINE('',#6602,#3626);
#3117=LINE('',#6614,#3627);
#3118=LINE('',#6616,#3628);
#3119=LINE('',#6618,#3629);
#3120=LINE('',#6659,#3630);
#3121=LINE('',#6662,#3631);
#3122=LINE('',#6664,#3632);
#3123=LINE('',#6666,#3633);
#3124=LINE('',#6667,#3634);
#3125=LINE('',#6670,#3635);
#3126=LINE('',#6672,#3636);
#3127=LINE('',#6674,#3637);
#3128=LINE('',#6675,#3638);
#3129=LINE('',#6678,#3639);
#3130=LINE('',#6680,#3640);
#3131=LINE('',#6682,#3641);
#3132=LINE('',#6683,#3642);
#3133=LINE('',#6686,#3643);
#3134=LINE('',#6688,#3644);
#3135=LINE('',#6690,#3645);
#3136=LINE('',#6691,#3646);
#3137=LINE('',#6694,#3647);
#3138=LINE('',#6696,#3648);
#3139=LINE('',#6698,#3649);
#3140=LINE('',#6722,#3650);
#3141=LINE('',#6740,#3651);
#3142=LINE('',#6742,#3652);
#3143=LINE('',#6756,#3653);
#3144=LINE('',#6768,#3654);
#3145=LINE('',#6770,#3655);
#3146=LINE('',#6772,#3656);
#3147=LINE('',#6774,#3657);
#3148=LINE('',#6776,#3658);
#3149=LINE('',#6796,#3659);
#3150=LINE('',#6805,#3660);
#3151=LINE('',#6808,#3661);
#3152=LINE('',#6810,#3662);
#3153=LINE('',#6812,#3663);
#3154=LINE('',#6814,#3664);
#3155=LINE('',#6816,#3665);
#3156=LINE('',#6830,#3666);
#3157=LINE('',#6832,#3667);
#3158=LINE('',#6834,#3668);
#3159=LINE('',#6835,#3669);
#3160=LINE('',#6844,#3670);
#3161=LINE('',#6846,#3671);
#3162=LINE('',#6848,#3672);
#3163=LINE('',#6850,#3673);
#3164=LINE('',#6852,#3674);
#3165=LINE('',#6859,#3675);
#3166=LINE('',#6862,#3676);
#3167=LINE('',#6864,#3677);
#3168=LINE('',#6866,#3678);
#3169=LINE('',#6868,#3679);
#3170=LINE('',#6870,#3680);
#3171=LINE('',#6872,#3681);
#3172=LINE('',#6874,#3682);
#3173=LINE('',#6876,#3683);
#3174=LINE('',#6878,#3684);
#3175=LINE('',#6880,#3685);
#3176=LINE('',#6882,#3686);
#3177=LINE('',#6884,#3687);
#3178=LINE('',#6886,#3688);
#3179=LINE('',#6888,#3689);
#3180=LINE('',#6889,#3690);
#3181=LINE('',#6892,#3691);
#3182=LINE('',#6894,#3692);
#3183=LINE('',#6896,#3693);
#3184=LINE('',#6898,#3694);
#3185=LINE('',#6900,#3695);
#3186=LINE('',#6902,#3696);
#3187=LINE('',#6904,#3697);
#3188=LINE('',#6905,#3698);
#3189=LINE('',#6908,#3699);
#3190=LINE('',#6910,#3700);
#3191=LINE('',#6912,#3701);
#3192=LINE('',#6914,#3702);
#3193=LINE('',#6916,#3703);
#3194=LINE('',#6918,#3704);
#3195=LINE('',#6920,#3705);
#3196=LINE('',#6922,#3706);
#3197=LINE('',#6924,#3707);
#3198=LINE('',#6926,#3708);
#3199=LINE('',#6928,#3709);
#3200=LINE('',#6930,#3710);
#3201=LINE('',#6932,#3711);
#3202=LINE('',#6934,#3712);
#3203=LINE('',#6944,#3713);
#3204=LINE('',#6947,#3714);
#3205=LINE('',#6949,#3715);
#3206=LINE('',#6951,#3716);
#3207=LINE('',#6952,#3717);
#3208=LINE('',#6955,#3718);
#3209=LINE('',#6957,#3719);
#3210=LINE('',#6959,#3720);
#3211=LINE('',#6962,#3721);
#3212=LINE('',#6965,#3722);
#3213=LINE('',#6967,#3723);
#3214=LINE('',#6969,#3724);
#3215=LINE('',#6970,#3725);
#3216=LINE('',#6973,#3726);
#3217=LINE('',#6975,#3727);
#3218=LINE('',#6977,#3728);
#3219=LINE('',#6979,#3729);
#3220=LINE('',#6980,#3730);
#3221=LINE('',#6982,#3731);
#3222=LINE('',#6984,#3732);
#3223=LINE('',#6988,#3733);
#3224=LINE('',#6989,#3734);
#3225=LINE('',#6991,#3735);
#3226=LINE('',#6993,#3736);
#3227=LINE('',#6996,#3737);
#3228=LINE('',#6997,#3738);
#3229=LINE('',#6999,#3739);
#3230=LINE('',#7001,#3740);
#3231=LINE('',#7004,#3741);
#3232=LINE('',#7005,#3742);
#3233=LINE('',#7007,#3743);
#3234=LINE('',#7009,#3744);
#3235=LINE('',#7016,#3745);
#3236=LINE('',#7018,#3746);
#3237=LINE('',#7020,#3747);
#3238=LINE('',#7022,#3748);
#3239=LINE('',#7024,#3749);
#3240=LINE('',#7026,#3750);
#3241=LINE('',#7028,#3751);
#3242=LINE('',#7030,#3752);
#3243=LINE('',#7036,#3753);
#3244=LINE('',#7040,#3754);
#3245=LINE('',#7053,#3755);
#3246=LINE('',#7070,#3756);
#3247=LINE('',#7078,#3757);
#3248=LINE('',#7082,#3758);
#3249=LINE('',#7084,#3759);
#3250=LINE('',#7086,#3760);
#3251=LINE('',#7088,#3761);
#3252=LINE('',#7090,#3762);
#3253=LINE('',#7092,#3763);
#3254=LINE('',#7101,#3764);
#3255=LINE('',#7107,#3765);
#3256=LINE('',#7109,#3766);
#3257=LINE('',#7120,#3767);
#3258=LINE('',#7126,#3768);
#3259=LINE('',#7128,#3769);
#3260=LINE('',#7137,#3770);
#3261=LINE('',#7150,#3771);
#3262=LINE('',#7163,#3772);
#3263=LINE('',#7169,#3773);
#3264=LINE('',#7171,#3774);
#3265=LINE('',#7173,#3775);
#3266=LINE('',#7175,#3776);
#3267=LINE('',#7184,#3777);
#3268=LINE('',#7197,#3778);
#3269=LINE('',#7203,#3779);
#3270=LINE('',#7214,#3780);
#3271=LINE('',#7220,#3781);
#3272=LINE('',#7224,#3782);
#3273=LINE('',#7226,#3783);
#3274=LINE('',#7235,#3784);
#3275=LINE('',#7270,#3785);
#3276=LINE('',#7276,#3786);
#3277=LINE('',#7289,#3787);
#3278=LINE('',#7306,#3788);
#3279=LINE('',#7323,#3789);
#3280=LINE('',#7340,#3790);
#3281=LINE('',#7357,#3791);
#3282=LINE('',#7374,#3792);
#3283=LINE('',#7387,#3793);
#3284=LINE('',#7393,#3794);
#3285=LINE('',#7402,#3795);
#3286=LINE('',#7415,#3796);
#3287=LINE('',#7428,#3797);
#3288=LINE('',#7441,#3798);
#3289=LINE('',#7454,#3799);
#3290=LINE('',#7467,#3800);
#3291=LINE('',#7480,#3801);
#3292=LINE('',#7493,#3802);
#3293=LINE('',#7525,#3803);
#3294=LINE('',#7527,#3804);
#3295=LINE('',#7529,#3805);
#3296=LINE('',#7531,#3806);
#3297=LINE('',#7533,#3807);
#3298=LINE('',#7535,#3808);
#3299=LINE('',#7537,#3809);
#3300=LINE('',#7539,#3810);
#3301=LINE('',#7541,#3811);
#3302=LINE('',#7543,#3812);
#3303=LINE('',#7545,#3813);
#3304=LINE('',#7554,#3814);
#3305=LINE('',#7567,#3815);
#3306=LINE('',#7573,#3816);
#3307=LINE('',#7577,#3817);
#3308=LINE('',#7579,#3818);
#3309=LINE('',#7581,#3819);
#3310=LINE('',#7583,#3820);
#3311=LINE('',#7585,#3821);
#3312=LINE('',#7587,#3822);
#3313=LINE('',#7596,#3823);
#3314=LINE('',#7609,#3824);
#3315=LINE('',#7634,#3825);
#3316=LINE('',#7640,#3826);
#3317=LINE('',#7642,#3827);
#3318=LINE('',#7644,#3828);
#3319=LINE('',#7646,#3829);
#3320=LINE('',#7648,#3830);
#3321=LINE('',#7650,#3831);
#3322=LINE('',#7652,#3832);
#3323=LINE('',#7654,#3833);
#3324=LINE('',#7656,#3834);
#3325=LINE('',#7658,#3835);
#3326=LINE('',#7660,#3836);
#3327=LINE('',#7669,#3837);
#3328=LINE('',#7682,#3838);
#3329=LINE('',#7688,#3839);
#3330=LINE('',#7692,#3840);
#3331=LINE('',#7694,#3841);
#3332=LINE('',#7696,#3842);
#3333=LINE('',#7698,#3843);
#3334=LINE('',#7700,#3844);
#3335=LINE('',#7702,#3845);
#3336=LINE('',#7711,#3846);
#3337=LINE('',#7729,#3847);
#3338=LINE('',#7731,#3848);
#3339=LINE('',#7733,#3849);
#3340=LINE('',#7735,#3850);
#3341=LINE('',#7737,#3851);
#3342=LINE('',#7739,#3852);
#3343=LINE('',#7741,#3853);
#3344=LINE('',#7743,#3854);
#3345=LINE('',#7745,#3855);
#3346=LINE('',#7747,#3856);
#3347=LINE('',#7749,#3857);
#3348=LINE('',#7751,#3858);
#3349=LINE('',#7753,#3859);
#3350=LINE('',#7755,#3860);
#3351=LINE('',#7757,#3861);
#3352=LINE('',#7759,#3862);
#3353=LINE('',#7762,#3863);
#3354=LINE('',#7766,#3864);
#3355=LINE('',#7775,#3865);
#3356=LINE('',#7781,#3866);
#3357=LINE('',#7792,#3867);
#3358=LINE('',#7798,#3868);
#3359=LINE('',#7802,#3869);
#3360=LINE('',#7806,#3870);
#3361=LINE('',#7816,#3871);
#3362=LINE('',#7820,#3872);
#3363=LINE('',#7833,#3873);
#3364=LINE('',#7850,#3874);
#3365=LINE('',#7867,#3875);
#3366=LINE('',#7873,#3876);
#3367=LINE('',#7875,#3877);
#3368=LINE('',#7877,#3878);
#3369=LINE('',#7890,#3879);
#3370=LINE('',#7903,#3880);
#3371=LINE('',#7909,#3881);
#3372=LINE('',#7911,#3882);
#3373=LINE('',#7922,#3883);
#3374=LINE('',#7935,#3884);
#3375=LINE('',#7941,#3885);
#3376=LINE('',#7943,#3886);
#3377=LINE('',#7945,#3887);
#3378=LINE('',#7956,#3888);
#3379=LINE('',#7969,#3889);
#3380=LINE('',#7982,#3890);
#3381=LINE('',#7995,#3891);
#3382=LINE('',#8001,#3892);
#3383=LINE('',#8003,#3893);
#3384=LINE('',#8005,#3894);
#3385=LINE('',#8007,#3895);
#3386=LINE('',#8009,#3896);
#3387=LINE('',#8011,#3897);
#3388=LINE('',#8013,#3898);
#3389=LINE('',#8015,#3899);
#3390=LINE('',#8017,#3900);
#3391=LINE('',#8046,#3901);
#3392=LINE('',#8052,#3902);
#3393=LINE('',#8065,#3903);
#3394=LINE('',#8082,#3904);
#3395=LINE('',#8090,#3905);
#3396=LINE('',#8105,#3906);
#3397=LINE('',#8111,#3907);
#3398=LINE('',#8113,#3908);
#3399=LINE('',#8115,#3909);
#3400=LINE('',#8117,#3910);
#3401=LINE('',#8121,#3911);
#3402=LINE('',#8123,#3912);
#3403=LINE('',#8125,#3913);
#3404=LINE('',#8127,#3914);
#3405=LINE('',#8129,#3915);
#3406=LINE('',#8138,#3916);
#3407=LINE('',#8144,#3917);
#3408=LINE('',#8146,#3918);
#3409=LINE('',#8148,#3919);
#3410=LINE('',#8150,#3920);
#3411=LINE('',#8159,#3921);
#3412=LINE('',#8172,#3922);
#3413=LINE('',#8185,#3923);
#3414=LINE('',#8198,#3924);
#3415=LINE('',#8204,#3925);
#3416=LINE('',#8206,#3926);
#3417=LINE('',#8215,#3927);
#3418=LINE('',#8228,#3928);
#3419=LINE('',#8241,#3929);
#3420=LINE('',#8254,#3930);
#3421=LINE('',#8260,#3931);
#3422=LINE('',#8264,#3932);
#3423=LINE('',#8266,#3933);
#3424=LINE('',#8268,#3934);
#3425=LINE('',#8270,#3935);
#3426=LINE('',#8279,#3936);
#3427=LINE('',#8292,#3937);
#3428=LINE('',#8305,#3938);
#3429=LINE('',#8318,#3939);
#3430=LINE('',#8335,#3940);
#3431=LINE('',#8336,#3941);
#3432=LINE('',#8339,#3942);
#3433=LINE('',#8342,#3943);
#3434=LINE('',#8344,#3944);
#3435=LINE('',#8346,#3945);
#3436=LINE('',#8348,#3946);
#3437=LINE('',#8350,#3947);
#3438=LINE('',#8352,#3948);
#3439=LINE('',#8354,#3949);
#3440=LINE('',#8356,#3950);
#3441=LINE('',#8358,#3951);
#3442=LINE('',#8371,#3952);
#3443=LINE('',#8388,#3953);
#3444=LINE('',#8405,#3954);
#3445=LINE('',#8411,#3955);
#3446=LINE('',#8413,#3956);
#3447=LINE('',#8415,#3957);
#3448=LINE('',#8417,#3958);
#3449=LINE('',#8419,#3959);
#3450=LINE('',#8421,#3960);
#3451=LINE('',#8423,#3961);
#3452=LINE('',#8425,#3962);
#3453=LINE('',#8427,#3963);
#3454=LINE('',#8429,#3964);
#3455=LINE('',#8431,#3965);
#3456=LINE('',#8440,#3966);
#3457=LINE('',#8453,#3967);
#3458=LINE('',#8466,#3968);
#3459=LINE('',#8472,#3969);
#3460=LINE('',#8474,#3970);
#3461=LINE('',#8476,#3971);
#3462=LINE('',#8478,#3972);
#3463=LINE('',#8480,#3973);
#3464=LINE('',#8482,#3974);
#3465=LINE('',#8484,#3975);
#3466=LINE('',#8501,#3976);
#3467=LINE('',#8505,#3977);
#3468=LINE('',#8507,#3978);
#3469=LINE('',#8509,#3979);
#3470=LINE('',#8511,#3980);
#3471=LINE('',#8522,#3981);
#3472=LINE('',#8528,#3982);
#3473=LINE('',#8530,#3983);
#3474=LINE('',#8532,#3984);
#3475=LINE('',#8534,#3985);
#3476=LINE('',#8536,#3986);
#3477=LINE('',#8538,#3987);
#3478=LINE('',#8540,#3988);
#3479=LINE('',#8542,#3989);
#3480=LINE('',#8544,#3990);
#3481=LINE('',#8546,#3991);
#3482=LINE('',#8565,#3992);
#3483=LINE('',#8567,#3993);
#3484=LINE('',#8569,#3994);
#3485=LINE('',#8571,#3995);
#3486=LINE('',#8573,#3996);
#3487=LINE('',#8575,#3997);
#3488=LINE('',#8577,#3998);
#3489=LINE('',#8579,#3999);
#3490=LINE('',#8581,#4000);
#3491=LINE('',#8583,#4001);
#3492=LINE('',#8585,#4002);
#3493=LINE('',#8587,#4003);
#3494=LINE('',#8589,#4004);
#3495=LINE('',#8591,#4005);
#3496=LINE('',#8593,#4006);
#3497=LINE('',#8595,#4007);
#3498=LINE('',#8597,#4008);
#3499=LINE('',#8599,#4009);
#3500=LINE('',#8601,#4010);
#3501=LINE('',#8603,#4011);
#3502=LINE('',#8605,#4012);
#3503=LINE('',#8607,#4013);
#3504=LINE('',#8609,#4014);
#3505=LINE('',#8611,#4015);
#3506=LINE('',#8613,#4016);
#3507=LINE('',#8615,#4017);
#3508=LINE('',#8617,#4018);
#3509=LINE('',#8619,#4019);
#3510=LINE('',#8621,#4020);
#3511=LINE('',#8623,#4021);
#3512=LINE('',#8626,#4022);
#3513=LINE('',#8629,#4023);
#3514=LINE('',#8631,#4024);
#3515=LINE('',#8633,#4025);
#3516=LINE('',#8635,#4026);
#3517=LINE('',#8637,#4027);
#3518=LINE('',#8639,#4028);
#3519=LINE('',#8641,#4029);
#3520=LINE('',#8643,#4030);
#3521=LINE('',#8645,#4031);
#3522=LINE('',#8658,#4032);
#3523=LINE('',#8675,#4033);
#3524=LINE('',#8692,#4034);
#3525=LINE('',#8698,#4035);
#3526=LINE('',#8700,#4036);
#3527=LINE('',#8702,#4037);
#3528=LINE('',#8704,#4038);
#3529=LINE('',#8706,#4039);
#3530=LINE('',#8715,#4040);
#3531=LINE('',#8728,#4041);
#3532=LINE('',#8741,#4042);
#3533=LINE('',#8754,#4043);
#3534=LINE('',#8760,#4044);
#3535=LINE('',#8762,#4045);
#3536=LINE('',#8764,#4046);
#3537=LINE('',#8766,#4047);
#3538=LINE('',#8768,#4048);
#3539=LINE('',#8785,#4049);
#3540=LINE('',#8788,#4050);
#3541=LINE('',#8790,#4051);
#3542=LINE('',#8792,#4052);
#3543=LINE('',#8794,#4053);
#3544=LINE('',#8796,#4054);
#3545=LINE('',#8798,#4055);
#3546=LINE('',#8800,#4056);
#3547=LINE('',#8802,#4057);
#3548=LINE('',#8804,#4058);
#3549=LINE('',#8806,#4059);
#3550=LINE('',#8808,#4060);
#3551=LINE('',#8810,#4061);
#3552=LINE('',#8812,#4062);
#3553=LINE('',#8814,#4063);
#3554=LINE('',#8816,#4064);
#3555=LINE('',#8818,#4065);
#3556=LINE('',#8820,#4066);
#3557=LINE('',#8822,#4067);
#3558=LINE('',#8824,#4068);
#3559=LINE('',#8826,#4069);
#3560=LINE('',#8828,#4070);
#3561=LINE('',#8830,#4071);
#3562=LINE('',#8832,#4072);
#3563=LINE('',#8833,#4073);
#3564=LINE('',#8836,#4074);
#3565=LINE('',#8838,#4075);
#3566=LINE('',#8840,#4076);
#3567=LINE('',#8842,#4077);
#3568=LINE('',#8844,#4078);
#3569=LINE('',#8846,#4079);
#3570=LINE('',#8848,#4080);
#3571=LINE('',#8850,#4081);
#3572=LINE('',#8852,#4082);
#3573=LINE('',#8854,#4083);
#3574=LINE('',#8856,#4084);
#3575=LINE('',#8858,#4085);
#3576=LINE('',#8860,#4086);
#3577=LINE('',#8862,#4087);
#3578=LINE('',#8864,#4088);
#3579=LINE('',#8866,#4089);
#3580=LINE('',#8868,#4090);
#3581=LINE('',#8870,#4091);
#3582=LINE('',#8872,#4092);
#3583=LINE('',#8874,#4093);
#3584=LINE('',#8876,#4094);
#3585=LINE('',#8878,#4095);
#3586=LINE('',#8880,#4096);
#3587=LINE('',#8882,#4097);
#3588=LINE('',#8884,#4098);
#3589=LINE('',#8886,#4099);
#3590=LINE('',#8888,#4100);
#3591=LINE('',#8890,#4101);
#3592=LINE('',#8892,#4102);
#3593=LINE('',#8894,#4103);
#3594=VECTOR('',#5421,1.);
#3595=VECTOR('',#5422,1.);
#3596=VECTOR('',#5423,1.);
#3597=VECTOR('',#5424,1.);
#3598=VECTOR('',#5425,1.);
#3599=VECTOR('',#5426,1.);
#3600=VECTOR('',#5429,1.);
#3601=VECTOR('',#5430,1.);
#3602=VECTOR('',#5433,1.);
#3603=VECTOR('',#5434,1.);
#3604=VECTOR('',#5435,1.);
#3605=VECTOR('',#5436,1.);
#3606=VECTOR('',#5449,1.);
#3607=VECTOR('',#5450,1.);
#3608=VECTOR('',#5451,1.);
#3609=VECTOR('',#5452,1.);
#3610=VECTOR('',#5453,1.);
#3611=VECTOR('',#5454,1.);
#3612=VECTOR('',#5455,1.);
#3613=VECTOR('',#5456,1.);
#3614=VECTOR('',#5457,1.);
#3615=VECTOR('',#5458,1.);
#3616=VECTOR('',#5459,1.);
#3617=VECTOR('',#5460,1.);
#3618=VECTOR('',#5463,1.);
#3619=VECTOR('',#5464,1.);
#3620=VECTOR('',#5465,1.);
#3621=VECTOR('',#5466,1.);
#3622=VECTOR('',#5467,1.);
#3623=VECTOR('',#5468,1.);
#3624=VECTOR('',#5469,1.);
#3625=VECTOR('',#5470,1.);
#3626=VECTOR('',#5471,1.);
#3627=VECTOR('',#5474,1.);
#3628=VECTOR('',#5475,1.);
#3629=VECTOR('',#5476,1.);
#3630=VECTOR('',#5477,1.);
#3631=VECTOR('',#5478,1.);
#3632=VECTOR('',#5479,1.);
#3633=VECTOR('',#5480,1.);
#3634=VECTOR('',#5481,1.);
#3635=VECTOR('',#5482,1.);
#3636=VECTOR('',#5483,1.);
#3637=VECTOR('',#5484,1.);
#3638=VECTOR('',#5485,1.);
#3639=VECTOR('',#5486,1.);
#3640=VECTOR('',#5487,1.);
#3641=VECTOR('',#5488,1.);
#3642=VECTOR('',#5489,1.);
#3643=VECTOR('',#5490,1.);
#3644=VECTOR('',#5491,1.);
#3645=VECTOR('',#5492,1.);
#3646=VECTOR('',#5493,1.);
#3647=VECTOR('',#5494,1.);
#3648=VECTOR('',#5495,1.);
#3649=VECTOR('',#5496,1.);
#3650=VECTOR('',#5511,1.);
#3651=VECTOR('',#5516,1.);
#3652=VECTOR('',#5517,1.);
#3653=VECTOR('',#5518,1.);
#3654=VECTOR('',#5521,1.);
#3655=VECTOR('',#5522,1.);
#3656=VECTOR('',#5523,1.);
#3657=VECTOR('',#5524,1.);
#3658=VECTOR('',#5525,1.);
#3659=VECTOR('',#5528,1.);
#3660=VECTOR('',#5529,1.);
#3661=VECTOR('',#5530,1.);
#3662=VECTOR('',#5531,1.);
#3663=VECTOR('',#5532,1.);
#3664=VECTOR('',#5533,1.);
#3665=VECTOR('',#5534,1.);
#3666=VECTOR('',#5535,1.);
#3667=VECTOR('',#5536,1.);
#3668=VECTOR('',#5537,1.);
#3669=VECTOR('',#5538,1.);
#3670=VECTOR('',#5541,1.);
#3671=VECTOR('',#5542,1.);
#3672=VECTOR('',#5543,1.);
#3673=VECTOR('',#5544,1.);
#3674=VECTOR('',#5545,1.);
#3675=VECTOR('',#5548,1.);
#3676=VECTOR('',#5549,1.);
#3677=VECTOR('',#5550,1.);
#3678=VECTOR('',#5551,1.);
#3679=VECTOR('',#5552,1.);
#3680=VECTOR('',#5553,1.);
#3681=VECTOR('',#5554,1.);
#3682=VECTOR('',#5555,1.);
#3683=VECTOR('',#5556,1.);
#3684=VECTOR('',#5557,1.);
#3685=VECTOR('',#5558,1.);
#3686=VECTOR('',#5559,1.);
#3687=VECTOR('',#5560,1.);
#3688=VECTOR('',#5561,1.);
#3689=VECTOR('',#5562,1.);
#3690=VECTOR('',#5563,1.);
#3691=VECTOR('',#5564,1.);
#3692=VECTOR('',#5565,1.);
#3693=VECTOR('',#5566,1.);
#3694=VECTOR('',#5567,1.);
#3695=VECTOR('',#5568,1.);
#3696=VECTOR('',#5569,1.);
#3697=VECTOR('',#5570,1.);
#3698=VECTOR('',#5571,1.);
#3699=VECTOR('',#5572,1.);
#3700=VECTOR('',#5573,1.);
#3701=VECTOR('',#5574,1.);
#3702=VECTOR('',#5575,1.);
#3703=VECTOR('',#5576,1.);
#3704=VECTOR('',#5577,1.);
#3705=VECTOR('',#5578,1.);
#3706=VECTOR('',#5579,1.);
#3707=VECTOR('',#5580,1.);
#3708=VECTOR('',#5581,1.);
#3709=VECTOR('',#5582,1.);
#3710=VECTOR('',#5583,1.);
#3711=VECTOR('',#5584,1.);
#3712=VECTOR('',#5585,1.);
#3713=VECTOR('',#5596,1.);
#3714=VECTOR('',#5597,1.);
#3715=VECTOR('',#5598,1.);
#3716=VECTOR('',#5599,1.);
#3717=VECTOR('',#5600,1.);
#3718=VECTOR('',#5601,1.);
#3719=VECTOR('',#5602,1.);
#3720=VECTOR('',#5603,1.);
#3721=VECTOR('',#5606,1.);
#3722=VECTOR('',#5607,1.);
#3723=VECTOR('',#5608,1.);
#3724=VECTOR('',#5609,1.);
#3725=VECTOR('',#5610,1.);
#3726=VECTOR('',#5611,1.);
#3727=VECTOR('',#5612,1.);
#3728=VECTOR('',#5613,1.);
#3729=VECTOR('',#5616,1.);
#3730=VECTOR('',#5617,1.);
#3731=VECTOR('',#5620,1.);
#3732=VECTOR('',#5623,1.);
#3733=VECTOR('',#5630,1.);
#3734=VECTOR('',#5631,1.);
#3735=VECTOR('',#5634,1.);
#3736=VECTOR('',#5637,1.);
#3737=VECTOR('',#5642,1.);
#3738=VECTOR('',#5643,1.);
#3739=VECTOR('',#5646,1.);
#3740=VECTOR('',#5649,1.);
#3741=VECTOR('',#5654,1.);
#3742=VECTOR('',#5655,1.);
#3743=VECTOR('',#5658,1.);
#3744=VECTOR('',#5661,1.);
#3745=VECTOR('',#5674,1.);
#3746=VECTOR('',#5675,1.);
#3747=VECTOR('',#5676,1.);
#3748=VECTOR('',#5679,1.);
#3749=VECTOR('',#5680,1.);
#3750=VECTOR('',#5683,1.);
#3751=VECTOR('',#5684,1.);
#3752=VECTOR('',#5687,1.);
#3753=VECTOR('',#5694,1.);
#3754=VECTOR('',#5697,1.);
#3755=VECTOR('',#5698,1.);
#3756=VECTOR('',#5699,1.);
#3757=VECTOR('',#5704,1.);
#3758=VECTOR('',#5709,1.);
#3759=VECTOR('',#5710,1.);
#3760=VECTOR('',#5711,1.);
#3761=VECTOR('',#5714,1.);
#3762=VECTOR('',#5715,1.);
#3763=VECTOR('',#5716,1.);
#3764=VECTOR('',#5717,1.);
#3765=VECTOR('',#5718,1.);
#3766=VECTOR('',#5721,1.);
#3767=VECTOR('',#5724,1.);
#3768=VECTOR('',#5727,1.);
#3769=VECTOR('',#5728,1.);
#3770=VECTOR('',#5729,1.);
#3771=VECTOR('',#5730,1.);
#3772=VECTOR('',#5731,1.);
#3773=VECTOR('',#5734,1.);
#3774=VECTOR('',#5735,1.);
#3775=VECTOR('',#5738,1.);
#3776=VECTOR('',#5739,1.);
#3777=VECTOR('',#5740,1.);
#3778=VECTOR('',#5741,1.);
#3779=VECTOR('',#5744,1.);
#3780=VECTOR('',#5747,1.);
#3781=VECTOR('',#5750,1.);
#3782=VECTOR('',#5755,1.);
#3783=VECTOR('',#5756,1.);
#3784=VECTOR('',#5757,1.);
#3785=VECTOR('',#5764,1.);
#3786=VECTOR('',#5765,1.);
#3787=VECTOR('',#5766,1.);
#3788=VECTOR('',#5767,1.);
#3789=VECTOR('',#5768,1.);
#3790=VECTOR('',#5769,1.);
#3791=VECTOR('',#5770,1.);
#3792=VECTOR('',#5771,1.);
#3793=VECTOR('',#5772,1.);
#3794=VECTOR('',#5773,1.);
#3795=VECTOR('',#5774,1.);
#3796=VECTOR('',#5775,1.);
#3797=VECTOR('',#5776,1.);
#3798=VECTOR('',#5777,1.);
#3799=VECTOR('',#5778,1.);
#3800=VECTOR('',#5779,1.);
#3801=VECTOR('',#5780,1.);
#3802=VECTOR('',#5781,1.);
#3803=VECTOR('',#5786,1.);
#3804=VECTOR('',#5787,1.);
#3805=VECTOR('',#5788,1.);
#3806=VECTOR('',#5791,1.);
#3807=VECTOR('',#5792,1.);
#3808=VECTOR('',#5795,1.);
#3809=VECTOR('',#5796,1.);
#3810=VECTOR('',#5799,1.);
#3811=VECTOR('',#5800,1.);
#3812=VECTOR('',#5803,1.);
#3813=VECTOR('',#5804,1.);
#3814=VECTOR('',#5805,1.);
#3815=VECTOR('',#5806,1.);
#3816=VECTOR('',#5809,1.);
#3817=VECTOR('',#5814,1.);
#3818=VECTOR('',#5815,1.);
#3819=VECTOR('',#5818,1.);
#3820=VECTOR('',#5819,1.);
#3821=VECTOR('',#5822,1.);
#3822=VECTOR('',#5823,1.);
#3823=VECTOR('',#5824,1.);
#3824=VECTOR('',#5825,1.);
#3825=VECTOR('',#5828,1.);
#3826=VECTOR('',#5829,1.);
#3827=VECTOR('',#5832,1.);
#3828=VECTOR('',#5833,1.);
#3829=VECTOR('',#5836,1.);
#3830=VECTOR('',#5837,1.);
#3831=VECTOR('',#5840,1.);
#3832=VECTOR('',#5841,1.);
#3833=VECTOR('',#5844,1.);
#3834=VECTOR('',#5845,1.);
#3835=VECTOR('',#5848,1.);
#3836=VECTOR('',#5849,1.);
#3837=VECTOR('',#5850,1.);
#3838=VECTOR('',#5851,1.);
#3839=VECTOR('',#5854,1.);
#3840=VECTOR('',#5859,1.);
#3841=VECTOR('',#5860,1.);
#3842=VECTOR('',#5863,1.);
#3843=VECTOR('',#5864,1.);
#3844=VECTOR('',#5867,1.);
#3845=VECTOR('',#5868,1.);
#3846=VECTOR('',#5869,1.);
#3847=VECTOR('',#5874,1.);
#3848=VECTOR('',#5875,1.);
#3849=VECTOR('',#5876,1.);
#3850=VECTOR('',#5879,1.);
#3851=VECTOR('',#5880,1.);
#3852=VECTOR('',#5883,1.);
#3853=VECTOR('',#5884,1.);
#3854=VECTOR('',#5887,1.);
#3855=VECTOR('',#5888,1.);
#3856=VECTOR('',#5891,1.);
#3857=VECTOR('',#5892,1.);
#3858=VECTOR('',#5895,1.);
#3859=VECTOR('',#5896,1.);
#3860=VECTOR('',#5899,1.);
#3861=VECTOR('',#5900,1.);
#3862=VECTOR('',#5903,1.);
#3863=VECTOR('',#5908,1.);
#3864=VECTOR('',#5911,1.);
#3865=VECTOR('',#5912,1.);
#3866=VECTOR('',#5915,1.);
#3867=VECTOR('',#5918,1.);
#3868=VECTOR('',#5921,1.);
#3869=VECTOR('',#5926,1.);
#3870=VECTOR('',#5931,1.);
#3871=VECTOR('',#5944,1.);
#3872=VECTOR('',#5947,1.);
#3873=VECTOR('',#5948,1.);
#3874=VECTOR('',#5949,1.);
#3875=VECTOR('',#5950,1.);
#3876=VECTOR('',#5953,1.);
#3877=VECTOR('',#5954,1.);
#3878=VECTOR('',#5955,1.);
#3879=VECTOR('',#5956,1.);
#3880=VECTOR('',#5957,1.);
#3881=VECTOR('',#5958,1.);
#3882=VECTOR('',#5961,1.);
#3883=VECTOR('',#5964,1.);
#3884=VECTOR('',#5965,1.);
#3885=VECTOR('',#5968,1.);
#3886=VECTOR('',#5969,1.);
#3887=VECTOR('',#5972,1.);
#3888=VECTOR('',#5975,1.);
#3889=VECTOR('',#5976,1.);
#3890=VECTOR('',#5977,1.);
#3891=VECTOR('',#5978,1.);
#3892=VECTOR('',#5981,1.);
#3893=VECTOR('',#5982,1.);
#3894=VECTOR('',#5985,1.);
#3895=VECTOR('',#5986,1.);
#3896=VECTOR('',#5989,1.);
#3897=VECTOR('',#5990,1.);
#3898=VECTOR('',#5993,1.);
#3899=VECTOR('',#5994,1.);
#3900=VECTOR('',#5997,1.);
#3901=VECTOR('',#6000,1.);
#3902=VECTOR('',#6001,1.);
#3903=VECTOR('',#6002,1.);
#3904=VECTOR('',#6003,1.);
#3905=VECTOR('',#6008,1.);
#3906=VECTOR('',#6011,1.);
#3907=VECTOR('',#6014,1.);
#3908=VECTOR('',#6015,1.);
#3909=VECTOR('',#6016,1.);
#3910=VECTOR('',#6019,1.);
#3911=VECTOR('',#6022,1.);
#3912=VECTOR('',#6025,1.);
#3913=VECTOR('',#6026,1.);
#3914=VECTOR('',#6029,1.);
#3915=VECTOR('',#6030,1.);
#3916=VECTOR('',#6031,1.);
#3917=VECTOR('',#6034,1.);
#3918=VECTOR('',#6035,1.);
#3919=VECTOR('',#6038,1.);
#3920=VECTOR('',#6039,1.);
#3921=VECTOR('',#6040,1.);
#3922=VECTOR('',#6041,1.);
#3923=VECTOR('',#6042,1.);
#3924=VECTOR('',#6043,1.);
#3925=VECTOR('',#6046,1.);
#3926=VECTOR('',#6047,1.);
#3927=VECTOR('',#6048,1.);
#3928=VECTOR('',#6049,1.);
#3929=VECTOR('',#6050,1.);
#3930=VECTOR('',#6051,1.);
#3931=VECTOR('',#6054,1.);
#3932=VECTOR('',#6059,1.);
#3933=VECTOR('',#6060,1.);
#3934=VECTOR('',#6063,1.);
#3935=VECTOR('',#6064,1.);
#3936=VECTOR('',#6065,1.);
#3937=VECTOR('',#6066,1.);
#3938=VECTOR('',#6067,1.);
#3939=VECTOR('',#6068,1.);
#3940=VECTOR('',#6071,1.);
#3941=VECTOR('',#6072,1.);
#3942=VECTOR('',#6077,1.);
#3943=VECTOR('',#6078,1.);
#3944=VECTOR('',#6079,1.);
#3945=VECTOR('',#6080,1.);
#3946=VECTOR('',#6083,1.);
#3947=VECTOR('',#6084,1.);
#3948=VECTOR('',#6085,1.);
#3949=VECTOR('',#6088,1.);
#3950=VECTOR('',#6089,1.);
#3951=VECTOR('',#6090,1.);
#3952=VECTOR('',#6091,1.);
#3953=VECTOR('',#6092,1.);
#3954=VECTOR('',#6093,1.);
#3955=VECTOR('',#6096,1.);
#3956=VECTOR('',#6097,1.);
#3957=VECTOR('',#6098,1.);
#3958=VECTOR('',#6101,1.);
#3959=VECTOR('',#6102,1.);
#3960=VECTOR('',#6105,1.);
#3961=VECTOR('',#6106,1.);
#3962=VECTOR('',#6109,1.);
#3963=VECTOR('',#6110,1.);
#3964=VECTOR('',#6113,1.);
#3965=VECTOR('',#6114,1.);
#3966=VECTOR('',#6115,1.);
#3967=VECTOR('',#6116,1.);
#3968=VECTOR('',#6117,1.);
#3969=VECTOR('',#6120,1.);
#3970=VECTOR('',#6121,1.);
#3971=VECTOR('',#6124,1.);
#3972=VECTOR('',#6125,1.);
#3973=VECTOR('',#6128,1.);
#3974=VECTOR('',#6129,1.);
#3975=VECTOR('',#6132,1.);
#3976=VECTOR('',#6137,1.);
#3977=VECTOR('',#6140,1.);
#3978=VECTOR('',#6143,1.);
#3979=VECTOR('',#6144,1.);
#3980=VECTOR('',#6147,1.);
#3981=VECTOR('',#6150,1.);
#3982=VECTOR('',#6153,1.);
#3983=VECTOR('',#6154,1.);
#3984=VECTOR('',#6157,1.);
#3985=VECTOR('',#6158,1.);
#3986=VECTOR('',#6161,1.);
#3987=VECTOR('',#6162,1.);
#3988=VECTOR('',#6165,1.);
#3989=VECTOR('',#6166,1.);
#3990=VECTOR('',#6169,1.);
#3991=VECTOR('',#6170,1.);
#3992=VECTOR('',#6185,1.);
#3993=VECTOR('',#6186,1.);
#3994=VECTOR('',#6187,1.);
#3995=VECTOR('',#6190,1.);
#3996=VECTOR('',#6191,1.);
#3997=VECTOR('',#6194,1.);
#3998=VECTOR('',#6195,1.);
#3999=VECTOR('',#6198,1.);
#4000=VECTOR('',#6199,1.);
#4001=VECTOR('',#6202,1.);
#4002=VECTOR('',#6203,1.);
#4003=VECTOR('',#6206,1.);
#4004=VECTOR('',#6207,1.);
#4005=VECTOR('',#6210,1.);
#4006=VECTOR('',#6211,1.);
#4007=VECTOR('',#6214,1.);
#4008=VECTOR('',#6215,1.);
#4009=VECTOR('',#6218,1.);
#4010=VECTOR('',#6219,1.);
#4011=VECTOR('',#6222,1.);
#4012=VECTOR('',#6223,1.);
#4013=VECTOR('',#6226,1.);
#4014=VECTOR('',#6227,1.);
#4015=VECTOR('',#6230,1.);
#4016=VECTOR('',#6231,1.);
#4017=VECTOR('',#6234,1.);
#4018=VECTOR('',#6235,1.);
#4019=VECTOR('',#6238,1.);
#4020=VECTOR('',#6239,1.);
#4021=VECTOR('',#6242,1.);
#4022=VECTOR('',#6247,1.);
#4023=VECTOR('',#6248,1.);
#4024=VECTOR('',#6249,1.);
#4025=VECTOR('',#6250,1.);
#4026=VECTOR('',#6253,1.);
#4027=VECTOR('',#6254,1.);
#4028=VECTOR('',#6255,1.);
#4029=VECTOR('',#6258,1.);
#4030=VECTOR('',#6259,1.);
#4031=VECTOR('',#6260,1.);
#4032=VECTOR('',#6261,1.);
#4033=VECTOR('',#6262,1.);
#4034=VECTOR('',#6263,1.);
#4035=VECTOR('',#6266,1.);
#4036=VECTOR('',#6267,1.);
#4037=VECTOR('',#6268,1.);
#4038=VECTOR('',#6271,1.);
#4039=VECTOR('',#6272,1.);
#4040=VECTOR('',#6273,1.);
#4041=VECTOR('',#6274,1.);
#4042=VECTOR('',#6275,1.);
#4043=VECTOR('',#6276,1.);
#4044=VECTOR('',#6279,1.);
#4045=VECTOR('',#6280,1.);
#4046=VECTOR('',#6283,1.);
#4047=VECTOR('',#6284,1.);
#4048=VECTOR('',#6287,1.);
#4049=VECTOR('',#6292,1.);
#4050=VECTOR('',#6293,1.);
#4051=VECTOR('',#6294,1.);
#4052=VECTOR('',#6295,1.);
#4053=VECTOR('',#6298,1.);
#4054=VECTOR('',#6299,1.);
#4055=VECTOR('',#6300,1.);
#4056=VECTOR('',#6303,1.);
#4057=VECTOR('',#6304,1.);
#4058=VECTOR('',#6305,1.);
#4059=VECTOR('',#6308,1.);
#4060=VECTOR('',#6309,1.);
#4061=VECTOR('',#6312,1.);
#4062=VECTOR('',#6313,1.);
#4063=VECTOR('',#6316,1.);
#4064=VECTOR('',#6317,1.);
#4065=VECTOR('',#6320,1.);
#4066=VECTOR('',#6321,1.);
#4067=VECTOR('',#6324,1.);
#4068=VECTOR('',#6325,1.);
#4069=VECTOR('',#6328,1.);
#4070=VECTOR('',#6329,1.);
#4071=VECTOR('',#6332,1.);
#4072=VECTOR('',#6335,1.);
#4073=VECTOR('',#6336,1.);
#4074=VECTOR('',#6341,1.);
#4075=VECTOR('',#6342,1.);
#4076=VECTOR('',#6343,1.);
#4077=VECTOR('',#6346,1.);
#4078=VECTOR('',#6347,1.);
#4079=VECTOR('',#6350,1.);
#4080=VECTOR('',#6351,1.);
#4081=VECTOR('',#6354,1.);
#4082=VECTOR('',#6355,1.);
#4083=VECTOR('',#6358,1.);
#4084=VECTOR('',#6359,1.);
#4085=VECTOR('',#6362,1.);
#4086=VECTOR('',#6363,1.);
#4087=VECTOR('',#6366,1.);
#4088=VECTOR('',#6367,1.);
#4089=VECTOR('',#6370,1.);
#4090=VECTOR('',#6371,1.);
#4091=VECTOR('',#6374,1.);
#4092=VECTOR('',#6375,1.);
#4093=VECTOR('',#6378,1.);
#4094=VECTOR('',#6379,1.);
#4095=VECTOR('',#6382,1.);
#4096=VECTOR('',#6383,1.);
#4097=VECTOR('',#6386,1.);
#4098=VECTOR('',#6387,1.);
#4099=VECTOR('',#6390,1.);
#4100=VECTOR('',#6391,1.);
#4101=VECTOR('',#6394,1.);
#4102=VECTOR('',#6395,1.);
#4103=VECTOR('',#6398,1.);
#4104=EDGE_LOOP('',(#360,#361,#362,#363,#364,#365,#366,#367,#368));
#4105=EDGE_LOOP('',(#369,#370,#371,#372,#373,#374,#375,#376,#377,#378,#379,
#380,#381,#382,#383,#384,#385,#386,#387,#388,#389,#390,#391));
#4106=EDGE_LOOP('',(#392,#393,#394,#395,#396,#397,#398,#399));
#4107=EDGE_LOOP('',(#400,#401,#402,#403,#404,#405,#406,#407));
#4108=EDGE_LOOP('',(#408,#409,#410,#411,#412,#413,#414,#415,#416,#417,#418,
#419,#420,#421));
#4109=EDGE_LOOP('',(#422,#423,#424,#425,#426,#427,#428,#429,#430,#431,#432,
#433,#434,#435));
#4110=EDGE_LOOP('',(#436,#437,#438,#439,#440,#441,#442,#443,#444,#445));
#4111=EDGE_LOOP('',(#446,#447,#448,#449));
#4112=EDGE_LOOP('',(#450,#451,#452,#453));
#4113=EDGE_LOOP('',(#454,#455,#456,#457));
#4114=EDGE_LOOP('',(#458,#459,#460,#461));
#4115=EDGE_LOOP('',(#462,#463,#464,#465));
#4116=EDGE_LOOP('',(#466));
#4117=EDGE_LOOP('',(#467));
#4118=EDGE_LOOP('',(#468));
#4119=EDGE_LOOP('',(#469));
#4120=EDGE_LOOP('',(#470));
#4121=EDGE_LOOP('',(#471,#472,#473,#474,#475,#476,#477,#478,#479,#480,#481,
#482,#483,#484,#485,#486,#487));
#4122=EDGE_LOOP('',(#488,#489,#490,#491,#492,#493,#494,#495,#496,#497,#498,
#499,#500,#501,#502));
#4123=EDGE_LOOP('',(#503,#504,#505,#506,#507,#508,#509,#510,#511,#512,#513,
#514));
#4124=EDGE_LOOP('',(#515,#516,#517,#518,#519,#520,#521,#522,#523,#524));
#4125=EDGE_LOOP('',(#525,#526,#527,#528,#529,#530,#531,#532,#533,#534,#535,
#536,#537,#538,#539));
#4126=EDGE_LOOP('',(#540,#541,#542,#543,#544,#545,#546,#547));
#4127=EDGE_LOOP('',(#548,#549,#550,#551,#552,#553,#554,#555,#556,#557,#558,
#559,#560,#561,#562));
#4128=EDGE_LOOP('',(#563));
#4129=EDGE_LOOP('',(#564));
#4130=EDGE_LOOP('',(#565));
#4131=EDGE_LOOP('',(#566));
#4132=EDGE_LOOP('',(#567,#568,#569,#570));
#4133=EDGE_LOOP('',(#571,#572,#573,#574));
#4134=EDGE_LOOP('',(#575));
#4135=EDGE_LOOP('',(#576,#577,#578,#579));
#4136=EDGE_LOOP('',(#580,#581,#582,#583));
#4137=EDGE_LOOP('',(#584,#585,#586,#587));
#4138=EDGE_LOOP('',(#588,#589,#590,#591));
#4139=EDGE_LOOP('',(#592,#593,#594,#595));
#4140=EDGE_LOOP('',(#596,#597,#598,#599));
#4141=EDGE_LOOP('',(#600));
#4142=EDGE_LOOP('',(#601));
#4143=EDGE_LOOP('',(#602,#603,#604,#605));
#4144=EDGE_LOOP('',(#606,#607,#608,#609));
#4145=EDGE_LOOP('',(#610,#611,#612,#613));
#4146=EDGE_LOOP('',(#614,#615,#616,#617));
#4147=EDGE_LOOP('',(#618,#619,#620,#621));
#4148=EDGE_LOOP('',(#622,#623,#624,#625));
#4149=EDGE_LOOP('',(#626,#627,#628,#629));
#4150=EDGE_LOOP('',(#630,#631,#632,#633));
#4151=EDGE_LOOP('',(#634,#635,#636,#637));
#4152=EDGE_LOOP('',(#638,#639,#640,#641));
#4153=EDGE_LOOP('',(#642,#643,#644,#645));
#4154=EDGE_LOOP('',(#646,#647,#648,#649));
#4155=EDGE_LOOP('',(#650));
#4156=EDGE_LOOP('',(#651));
#4157=EDGE_LOOP('',(#652));
#4158=EDGE_LOOP('',(#653));
#4159=EDGE_LOOP('',(#654));
#4160=EDGE_LOOP('',(#655));
#4161=EDGE_LOOP('',(#656));
#4162=EDGE_LOOP('',(#657));
#4163=EDGE_LOOP('',(#658,#659,#660,#661));
#4164=EDGE_LOOP('',(#662,#663,#664,#665));
#4165=EDGE_LOOP('',(#666,#667,#668,#669));
#4166=EDGE_LOOP('',(#670,#671,#672,#673));
#4167=EDGE_LOOP('',(#674,#675,#676,#677));
#4168=EDGE_LOOP('',(#678,#679,#680,#681));
#4169=EDGE_LOOP('',(#682,#683,#684,#685));
#4170=EDGE_LOOP('',(#686,#687,#688,#689));
#4171=EDGE_LOOP('',(#690,#691,#692,#693));
#4172=EDGE_LOOP('',(#694,#695,#696,#697));
#4173=EDGE_LOOP('',(#698,#699,#700,#701));
#4174=EDGE_LOOP('',(#702,#703,#704,#705));
#4175=EDGE_LOOP('',(#706,#707,#708,#709));
#4176=EDGE_LOOP('',(#710,#711,#712,#713));
#4177=EDGE_LOOP('',(#714,#715,#716,#717));
#4178=EDGE_LOOP('',(#718,#719,#720,#721));
#4179=EDGE_LOOP('',(#722,#723,#724,#725));
#4180=EDGE_LOOP('',(#726,#727,#728,#729));
#4181=EDGE_LOOP('',(#730,#731,#732,#733));
#4182=EDGE_LOOP('',(#734,#735,#736,#737));
#4183=EDGE_LOOP('',(#738,#739,#740,#741));
#4184=EDGE_LOOP('',(#742,#743,#744,#745));
#4185=EDGE_LOOP('',(#746,#747,#748,#749));
#4186=EDGE_LOOP('',(#750,#751,#752,#753));
#4187=EDGE_LOOP('',(#754,#755,#756,#757));
#4188=EDGE_LOOP('',(#758,#759,#760,#761));
#4189=EDGE_LOOP('',(#762,#763,#764,#765));
#4190=EDGE_LOOP('',(#766,#767,#768,#769));
#4191=EDGE_LOOP('',(#770,#771,#772,#773));
#4192=EDGE_LOOP('',(#774,#775,#776,#777,#778,#779,#780,#781,#782,#783,#784,
#785,#786,#787,#788,#789,#790));
#4193=EDGE_LOOP('',(#791,#792,#793,#794,#795,#796,#797));
#4194=EDGE_LOOP('',(#798,#799,#800,#801));
#4195=EDGE_LOOP('',(#802,#803,#804,#805));
#4196=EDGE_LOOP('',(#806,#807,#808,#809));
#4197=EDGE_LOOP('',(#810,#811,#812,#813));
#4198=EDGE_LOOP('',(#814,#815,#816,#817));
#4199=EDGE_LOOP('',(#818,#819,#820,#821));
#4200=EDGE_LOOP('',(#822,#823,#824,#825));
#4201=EDGE_LOOP('',(#826,#827,#828,#829));
#4202=EDGE_LOOP('',(#830,#831,#832,#833));
#4203=EDGE_LOOP('',(#834,#835,#836,#837));
#4204=EDGE_LOOP('',(#838,#839,#840,#841));
#4205=EDGE_LOOP('',(#842,#843,#844,#845));
#4206=EDGE_LOOP('',(#846,#847,#848,#849));
#4207=EDGE_LOOP('',(#850,#851,#852,#853));
#4208=EDGE_LOOP('',(#854,#855,#856,#857));
#4209=EDGE_LOOP('',(#858,#859,#860,#861));
#4210=EDGE_LOOP('',(#862,#863,#864,#865));
#4211=EDGE_LOOP('',(#866,#867,#868,#869));
#4212=EDGE_LOOP('',(#870,#871,#872,#873,#874,#875,#876,#877,#878,#879));
#4213=EDGE_LOOP('',(#880,#881,#882,#883,#884,#885,#886,#887));
#4214=EDGE_LOOP('',(#888,#889,#890,#891));
#4215=EDGE_LOOP('',(#892,#893,#894,#895));
#4216=EDGE_LOOP('',(#896,#897,#898,#899));
#4217=EDGE_LOOP('',(#900,#901,#902,#903));
#4218=EDGE_LOOP('',(#904,#905,#906,#907));
#4219=EDGE_LOOP('',(#908,#909,#910,#911));
#4220=EDGE_LOOP('',(#912,#913,#914,#915));
#4221=EDGE_LOOP('',(#916,#917,#918,#919));
#4222=EDGE_LOOP('',(#920,#921,#922,#923));
#4223=EDGE_LOOP('',(#924,#925,#926,#927));
#4224=EDGE_LOOP('',(#928,#929,#930,#931));
#4225=EDGE_LOOP('',(#932,#933,#934,#935));
#4226=EDGE_LOOP('',(#936,#937,#938,#939));
#4227=EDGE_LOOP('',(#940,#941,#942,#943));
#4228=EDGE_LOOP('',(#944,#945,#946,#947,#948,#949,#950,#951,#952,#953,#954,
#955,#956,#957));
#4229=EDGE_LOOP('',(#958,#959,#960,#961));
#4230=EDGE_LOOP('',(#962,#963,#964,#965));
#4231=EDGE_LOOP('',(#966,#967,#968,#969));
#4232=EDGE_LOOP('',(#970,#971,#972,#973));
#4233=EDGE_LOOP('',(#974,#975,#976,#977));
#4234=EDGE_LOOP('',(#978,#979,#980,#981));
#4235=EDGE_LOOP('',(#982,#983,#984,#985));
#4236=EDGE_LOOP('',(#986,#987,#988,#989));
#4237=EDGE_LOOP('',(#990,#991,#992,#993));
#4238=EDGE_LOOP('',(#994,#995,#996,#997));
#4239=EDGE_LOOP('',(#998,#999,#1000,#1001));
#4240=EDGE_LOOP('',(#1002,#1003,#1004,#1005));
#4241=EDGE_LOOP('',(#1006,#1007,#1008,#1009));
#4242=EDGE_LOOP('',(#1010,#1011,#1012,#1013));
#4243=EDGE_LOOP('',(#1014,#1015,#1016,#1017,#1018,#1019,#1020,#1021,#1022,
#1023,#1024,#1025,#1026,#1027));
#4244=EDGE_LOOP('',(#1028,#1029,#1030,#1031));
#4245=EDGE_LOOP('',(#1032,#1033,#1034,#1035));
#4246=EDGE_LOOP('',(#1036,#1037,#1038,#1039));
#4247=EDGE_LOOP('',(#1040,#1041,#1042,#1043));
#4248=EDGE_LOOP('',(#1044,#1045,#1046,#1047));
#4249=EDGE_LOOP('',(#1048,#1049,#1050,#1051));
#4250=EDGE_LOOP('',(#1052,#1053,#1054,#1055));
#4251=EDGE_LOOP('',(#1056,#1057,#1058,#1059));
#4252=EDGE_LOOP('',(#1060,#1061,#1062,#1063,#1064,#1065,#1066,#1067));
#4253=EDGE_LOOP('',(#1068,#1069,#1070,#1071));
#4254=EDGE_LOOP('',(#1072,#1073,#1074,#1075));
#4255=EDGE_LOOP('',(#1076,#1077,#1078,#1079));
#4256=EDGE_LOOP('',(#1080,#1081,#1082,#1083));
#4257=EDGE_LOOP('',(#1084,#1085,#1086,#1087));
#4258=EDGE_LOOP('',(#1088,#1089,#1090,#1091));
#4259=EDGE_LOOP('',(#1092,#1093,#1094,#1095));
#4260=EDGE_LOOP('',(#1096,#1097,#1098,#1099));
#4261=EDGE_LOOP('',(#1100,#1101,#1102,#1103,#1104,#1105,#1106,#1107));
#4262=EDGE_LOOP('',(#1108,#1109,#1110,#1111));
#4263=EDGE_LOOP('',(#1112,#1113,#1114,#1115));
#4264=EDGE_LOOP('',(#1116,#1117,#1118,#1119));
#4265=EDGE_LOOP('',(#1120,#1121,#1122,#1123));
#4266=EDGE_LOOP('',(#1124,#1125,#1126,#1127));
#4267=EDGE_LOOP('',(#1128,#1129,#1130,#1131));
#4268=EDGE_LOOP('',(#1132,#1133,#1134,#1135));
#4269=EDGE_LOOP('',(#1136,#1137,#1138,#1139));
#4270=EDGE_LOOP('',(#1140,#1141,#1142,#1143));
#4271=EDGE_LOOP('',(#1144,#1145,#1146,#1147));
#4272=EDGE_LOOP('',(#1148,#1149,#1150,#1151));
#4273=EDGE_LOOP('',(#1152,#1153,#1154,#1155));
#4274=EDGE_LOOP('',(#1156,#1157,#1158,#1159));
#4275=EDGE_LOOP('',(#1160,#1161,#1162,#1163));
#4276=EDGE_LOOP('',(#1164,#1165,#1166,#1167));
#4277=EDGE_LOOP('',(#1168,#1169,#1170,#1171));
#4278=EDGE_LOOP('',(#1172,#1173,#1174,#1175));
#4279=EDGE_LOOP('',(#1176,#1177,#1178,#1179));
#4280=EDGE_LOOP('',(#1180,#1181,#1182,#1183));
#4281=EDGE_LOOP('',(#1184,#1185,#1186,#1187));
#4282=EDGE_LOOP('',(#1188,#1189,#1190,#1191));
#4283=EDGE_LOOP('',(#1192,#1193,#1194,#1195));
#4284=EDGE_LOOP('',(#1196,#1197,#1198,#1199,#1200,#1201,#1202,#1203,#1204,
#1205,#1206,#1207,#1208,#1209,#1210));
#4285=EDGE_LOOP('',(#1211,#1212,#1213,#1214,#1215,#1216,#1217));
#4286=EDGE_LOOP('',(#1218,#1219,#1220,#1221));
#4287=EDGE_LOOP('',(#1222,#1223,#1224,#1225));
#4288=EDGE_LOOP('',(#1226,#1227,#1228,#1229));
#4289=EDGE_LOOP('',(#1230,#1231,#1232,#1233));
#4290=EDGE_LOOP('',(#1234,#1235,#1236,#1237));
#4291=EDGE_LOOP('',(#1238,#1239,#1240,#1241));
#4292=EDGE_LOOP('',(#1242,#1243,#1244,#1245));
#4293=EDGE_LOOP('',(#1246,#1247,#1248,#1249));
#4294=EDGE_LOOP('',(#1250,#1251,#1252,#1253));
#4295=EDGE_LOOP('',(#1254,#1255,#1256,#1257));
#4296=EDGE_LOOP('',(#1258,#1259,#1260,#1261));
#4297=EDGE_LOOP('',(#1262,#1263,#1264,#1265));
#4298=EDGE_LOOP('',(#1266,#1267,#1268,#1269));
#4299=EDGE_LOOP('',(#1270,#1271,#1272,#1273));
#4300=EDGE_LOOP('',(#1274,#1275,#1276,#1277));
#4301=EDGE_LOOP('',(#1278,#1279,#1280,#1281));
#4302=EDGE_LOOP('',(#1282,#1283,#1284,#1285));
#4303=EDGE_LOOP('',(#1286,#1287,#1288,#1289));
#4304=EDGE_LOOP('',(#1290,#1291,#1292,#1293));
#4305=EDGE_LOOP('',(#1294,#1295,#1296,#1297));
#4306=EDGE_LOOP('',(#1298,#1299,#1300,#1301));
#4307=EDGE_LOOP('',(#1302,#1303,#1304,#1305));
#4308=EDGE_LOOP('',(#1306,#1307,#1308,#1309));
#4309=EDGE_LOOP('',(#1310,#1311,#1312,#1313));
#4310=EDGE_LOOP('',(#1314,#1315,#1316,#1317));
#4311=EDGE_LOOP('',(#1318,#1319,#1320,#1321));
#4312=EDGE_LOOP('',(#1322,#1323,#1324,#1325));
#4313=EDGE_LOOP('',(#1326,#1327,#1328,#1329));
#4314=EDGE_LOOP('',(#1330,#1331,#1332,#1333));
#4315=EDGE_LOOP('',(#1334,#1335,#1336,#1337));
#4316=EDGE_LOOP('',(#1338,#1339,#1340,#1341,#1342,#1343,#1344,#1345,#1346,
#1347,#1348,#1349,#1350,#1351,#1352,#1353,#1354,#1355,#1356,#1357,#1358,
#1359,#1360));
#4317=EDGE_LOOP('',(#1361,#1362,#1363,#1364,#1365,#1366,#1367));
#4318=EDGE_LOOP('',(#1368,#1369,#1370,#1371));
#4319=EDGE_LOOP('',(#1372,#1373,#1374,#1375));
#4320=EDGE_LOOP('',(#1376,#1377,#1378,#1379));
#4321=EDGE_LOOP('',(#1380,#1381,#1382,#1383));
#4322=EDGE_LOOP('',(#1384,#1385,#1386,#1387));
#4323=EDGE_LOOP('',(#1388,#1389,#1390,#1391));
#4324=EDGE_LOOP('',(#1392,#1393,#1394,#1395));
#4325=EDGE_LOOP('',(#1396,#1397,#1398,#1399));
#4326=EDGE_LOOP('',(#1400,#1401,#1402,#1403));
#4327=EDGE_LOOP('',(#1404,#1405,#1406,#1407));
#4328=EDGE_LOOP('',(#1408,#1409,#1410,#1411));
#4329=EDGE_LOOP('',(#1412,#1413,#1414,#1415));
#4330=EDGE_LOOP('',(#1416,#1417,#1418,#1419));
#4331=EDGE_LOOP('',(#1420,#1421,#1422,#1423));
#4332=EDGE_LOOP('',(#1424,#1425,#1426,#1427));
#4333=EDGE_LOOP('',(#1428,#1429,#1430,#1431));
#4334=EDGE_LOOP('',(#1432,#1433,#1434,#1435));
#4335=EDGE_LOOP('',(#1436,#1437,#1438,#1439));
#4336=EDGE_LOOP('',(#1440,#1441,#1442,#1443));
#4337=EDGE_LOOP('',(#1444,#1445,#1446,#1447,#1448,#1449,#1450,#1451,#1452,
#1453,#1454,#1455));
#4338=EDGE_LOOP('',(#1456,#1457,#1458,#1459,#1460,#1461,#1462));
#4339=EDGE_LOOP('',(#1463,#1464,#1465,#1466));
#4340=EDGE_LOOP('',(#1467,#1468,#1469,#1470));
#4341=EDGE_LOOP('',(#1471,#1472,#1473,#1474));
#4342=EDGE_LOOP('',(#1475,#1476,#1477,#1478));
#4343=EDGE_LOOP('',(#1479,#1480,#1481,#1482));
#4344=EDGE_LOOP('',(#1483,#1484,#1485,#1486));
#4345=EDGE_LOOP('',(#1487,#1488,#1489,#1490));
#4346=EDGE_LOOP('',(#1491,#1492,#1493,#1494));
#4347=EDGE_LOOP('',(#1495,#1496,#1497,#1498));
#4348=EDGE_LOOP('',(#1499,#1500,#1501,#1502));
#4349=EDGE_LOOP('',(#1503,#1504,#1505,#1506,#1507,#1508,#1509,#1510,#1511,
#1512));
#4350=EDGE_LOOP('',(#1513,#1514,#1515,#1516,#1517,#1518,#1519));
#4351=EDGE_LOOP('',(#1520,#1521,#1522,#1523,#1524,#1525,#1526,#1527));
#4352=EDGE_LOOP('',(#1528,#1529,#1530,#1531,#1532,#1533,#1534));
#4353=EDGE_LOOP('',(#1535,#1536,#1537,#1538,#1539,#1540,#1541));
#4354=EDGE_LOOP('',(#1542,#1543,#1544,#1545,#1546,#1547,#1548));
#4355=EDGE_LOOP('',(#1549,#1550,#1551,#1552));
#4356=EDGE_LOOP('',(#1553,#1554,#1555,#1556));
#4357=EDGE_LOOP('',(#1557,#1558,#1559,#1560));
#4358=EDGE_LOOP('',(#1561,#1562,#1563,#1564));
#4359=EDGE_LOOP('',(#1565,#1566,#1567,#1568));
#4360=EDGE_LOOP('',(#1569,#1570,#1571,#1572));
#4361=EDGE_LOOP('',(#1573,#1574,#1575,#1576));
#4362=EDGE_LOOP('',(#1577,#1578,#1579,#1580));
#4363=EDGE_LOOP('',(#1581,#1582,#1583,#1584));
#4364=EDGE_LOOP('',(#1585,#1586,#1587,#1588));
#4365=EDGE_LOOP('',(#1589,#1590,#1591,#1592));
#4366=EDGE_LOOP('',(#1593,#1594,#1595,#1596));
#4367=EDGE_LOOP('',(#1597,#1598,#1599,#1600));
#4368=EDGE_LOOP('',(#1601,#1602,#1603,#1604));
#4369=EDGE_LOOP('',(#1605,#1606,#1607,#1608));
#4370=EDGE_LOOP('',(#1609,#1610,#1611,#1612,#1613,#1614,#1615,#1616,#1617,
#1618,#1619,#1620,#1621,#1622,#1623));
#4371=EDGE_LOOP('',(#1624,#1625,#1626,#1627));
#4372=EDGE_LOOP('',(#1628,#1629,#1630,#1631));
#4373=EDGE_LOOP('',(#1632,#1633,#1634,#1635));
#4374=EDGE_LOOP('',(#1636,#1637,#1638,#1639));
#4375=EDGE_LOOP('',(#1640,#1641,#1642,#1643));
#4376=EDGE_LOOP('',(#1644,#1645,#1646,#1647));
#4377=EDGE_LOOP('',(#1648,#1649,#1650,#1651));
#4378=EDGE_LOOP('',(#1652,#1653,#1654,#1655));
#4379=EDGE_LOOP('',(#1656,#1657,#1658,#1659));
#4380=EDGE_LOOP('',(#1660,#1661,#1662,#1663));
#4381=EDGE_LOOP('',(#1664,#1665,#1666,#1667));
#4382=EDGE_LOOP('',(#1668,#1669,#1670,#1671));
#4383=EDGE_LOOP('',(#1672,#1673,#1674,#1675));
#4384=EDGE_LOOP('',(#1676,#1677,#1678,#1679));
#4385=EDGE_LOOP('',(#1680,#1681,#1682,#1683));
#4386=EDGE_LOOP('',(#1684,#1685,#1686,#1687));
#4387=EDGE_LOOP('',(#1688,#1689,#1690,#1691,#1692,#1693,#1694,#1695,#1696));
#4388=EDGE_LOOP('',(#1697,#1698,#1699,#1700,#1701,#1702,#1703));
#4389=EDGE_LOOP('',(#1704,#1705,#1706,#1707));
#4390=EDGE_LOOP('',(#1708,#1709,#1710,#1711));
#4391=EDGE_LOOP('',(#1712,#1713,#1714,#1715));
#4392=EDGE_LOOP('',(#1716,#1717,#1718,#1719));
#4393=EDGE_LOOP('',(#1720,#1721,#1722,#1723));
#4394=EDGE_LOOP('',(#1724,#1725,#1726,#1727));
#4395=EDGE_LOOP('',(#1728,#1729,#1730,#1731));
#4396=EDGE_LOOP('',(#1732,#1733,#1734,#1735));
#4397=EDGE_LOOP('',(#1736,#1737,#1738,#1739));
#4398=EDGE_LOOP('',(#1740,#1741,#1742,#1743));
#4399=EDGE_LOOP('',(#1744,#1745,#1746,#1747));
#4400=EDGE_LOOP('',(#1748,#1749,#1750,#1751,#1752,#1753,#1754,#1755));
#4401=EDGE_LOOP('',(#1756,#1757,#1758));
#4402=EDGE_LOOP('',(#1759,#1760,#1761,#1762));
#4403=EDGE_LOOP('',(#1763,#1764,#1765,#1766));
#4404=EDGE_LOOP('',(#1767,#1768,#1769,#1770));
#4405=EDGE_LOOP('',(#1771,#1772,#1773,#1774));
#4406=EDGE_LOOP('',(#1775,#1776,#1777,#1778));
#4407=EDGE_LOOP('',(#1779,#1780,#1781,#1782));
#4408=EDGE_LOOP('',(#1783,#1784,#1785,#1786));
#4409=EDGE_LOOP('',(#1787,#1788,#1789,#1790));
#4410=EDGE_LOOP('',(#1791,#1792,#1793,#1794));
#4411=EDGE_LOOP('',(#1795,#1796,#1797,#1798));
#4412=EDGE_LOOP('',(#1799,#1800,#1801,#1802));
#4413=EDGE_LOOP('',(#1803,#1804,#1805,#1806));
#4414=EDGE_LOOP('',(#1807,#1808,#1809,#1810));
#4415=EDGE_LOOP('',(#1811,#1812,#1813,#1814));
#4416=EDGE_LOOP('',(#1815,#1816,#1817,#1818));
#4417=EDGE_LOOP('',(#1819,#1820,#1821,#1822,#1823,#1824,#1825,#1826,#1827,
#1828,#1829,#1830,#1831,#1832,#1833));
#4418=EDGE_LOOP('',(#1834,#1835,#1836,#1837,#1838,#1839,#1840));
#4419=EDGE_LOOP('',(#1841,#1842,#1843));
#4420=FACE_BOUND('',#4104,.T.);
#4421=FACE_BOUND('',#4105,.T.);
#4422=FACE_BOUND('',#4106,.T.);
#4423=FACE_BOUND('',#4107,.T.);
#4424=FACE_BOUND('',#4108,.T.);
#4425=FACE_BOUND('',#4109,.T.);
#4426=FACE_BOUND('',#4110,.T.);
#4427=FACE_BOUND('',#4111,.T.);
#4428=FACE_BOUND('',#4112,.T.);
#4429=FACE_BOUND('',#4113,.T.);
#4430=FACE_BOUND('',#4114,.T.);
#4431=FACE_BOUND('',#4115,.T.);
#4432=FACE_BOUND('',#4116,.T.);
#4433=FACE_BOUND('',#4117,.T.);
#4434=FACE_BOUND('',#4118,.T.);
#4435=FACE_BOUND('',#4119,.T.);
#4436=FACE_BOUND('',#4120,.T.);
#4437=FACE_BOUND('',#4121,.T.);
#4438=FACE_BOUND('',#4122,.T.);
#4439=FACE_BOUND('',#4123,.T.);
#4440=FACE_BOUND('',#4124,.T.);
#4441=FACE_BOUND('',#4125,.T.);
#4442=FACE_BOUND('',#4126,.T.);
#4443=FACE_BOUND('',#4127,.T.);
#4444=FACE_BOUND('',#4128,.T.);
#4445=FACE_BOUND('',#4129,.T.);
#4446=FACE_BOUND('',#4130,.T.);
#4447=FACE_BOUND('',#4131,.T.);
#4448=FACE_BOUND('',#4132,.T.);
#4449=FACE_BOUND('',#4133,.T.);
#4450=FACE_BOUND('',#4134,.T.);
#4451=FACE_BOUND('',#4135,.T.);
#4452=FACE_BOUND('',#4136,.T.);
#4453=FACE_BOUND('',#4137,.T.);
#4454=FACE_BOUND('',#4138,.T.);
#4455=FACE_BOUND('',#4139,.T.);
#4456=FACE_BOUND('',#4140,.T.);
#4457=FACE_BOUND('',#4141,.T.);
#4458=FACE_BOUND('',#4142,.T.);
#4459=FACE_BOUND('',#4143,.T.);
#4460=FACE_BOUND('',#4144,.T.);
#4461=FACE_BOUND('',#4145,.T.);
#4462=FACE_BOUND('',#4146,.T.);
#4463=FACE_BOUND('',#4147,.T.);
#4464=FACE_BOUND('',#4148,.T.);
#4465=FACE_BOUND('',#4149,.T.);
#4466=FACE_BOUND('',#4150,.T.);
#4467=FACE_BOUND('',#4151,.T.);
#4468=FACE_BOUND('',#4152,.T.);
#4469=FACE_BOUND('',#4153,.T.);
#4470=FACE_BOUND('',#4154,.T.);
#4471=FACE_BOUND('',#4155,.T.);
#4472=FACE_BOUND('',#4156,.T.);
#4473=FACE_BOUND('',#4157,.T.);
#4474=FACE_BOUND('',#4158,.T.);
#4475=FACE_BOUND('',#4159,.T.);
#4476=FACE_BOUND('',#4160,.T.);
#4477=FACE_BOUND('',#4161,.T.);
#4478=FACE_BOUND('',#4162,.T.);
#4479=FACE_BOUND('',#4163,.T.);
#4480=FACE_BOUND('',#4164,.T.);
#4481=FACE_BOUND('',#4165,.T.);
#4482=FACE_BOUND('',#4166,.T.);
#4483=FACE_BOUND('',#4167,.T.);
#4484=FACE_BOUND('',#4168,.T.);
#4485=FACE_BOUND('',#4169,.T.);
#4486=FACE_BOUND('',#4170,.T.);
#4487=FACE_BOUND('',#4171,.T.);
#4488=FACE_BOUND('',#4172,.T.);
#4489=FACE_BOUND('',#4173,.T.);
#4490=FACE_BOUND('',#4174,.T.);
#4491=FACE_BOUND('',#4175,.T.);
#4492=FACE_BOUND('',#4176,.T.);
#4493=FACE_BOUND('',#4177,.T.);
#4494=FACE_BOUND('',#4178,.T.);
#4495=FACE_BOUND('',#4179,.T.);
#4496=FACE_BOUND('',#4180,.T.);
#4497=FACE_BOUND('',#4181,.T.);
#4498=FACE_BOUND('',#4182,.T.);
#4499=FACE_BOUND('',#4183,.T.);
#4500=FACE_BOUND('',#4184,.T.);
#4501=FACE_BOUND('',#4185,.T.);
#4502=FACE_BOUND('',#4186,.T.);
#4503=FACE_BOUND('',#4187,.T.);
#4504=FACE_BOUND('',#4188,.T.);
#4505=FACE_BOUND('',#4189,.T.);
#4506=FACE_BOUND('',#4190,.T.);
#4507=FACE_BOUND('',#4191,.T.);
#4508=FACE_BOUND('',#4192,.T.);
#4509=FACE_BOUND('',#4193,.T.);
#4510=FACE_BOUND('',#4194,.T.);
#4511=FACE_BOUND('',#4195,.T.);
#4512=FACE_BOUND('',#4196,.T.);
#4513=FACE_BOUND('',#4197,.T.);
#4514=FACE_BOUND('',#4198,.T.);
#4515=FACE_BOUND('',#4199,.T.);
#4516=FACE_BOUND('',#4200,.T.);
#4517=FACE_BOUND('',#4201,.T.);
#4518=FACE_BOUND('',#4202,.T.);
#4519=FACE_BOUND('',#4203,.T.);
#4520=FACE_BOUND('',#4204,.T.);
#4521=FACE_BOUND('',#4205,.T.);
#4522=FACE_BOUND('',#4206,.T.);
#4523=FACE_BOUND('',#4207,.T.);
#4524=FACE_BOUND('',#4208,.T.);
#4525=FACE_BOUND('',#4209,.T.);
#4526=FACE_BOUND('',#4210,.T.);
#4527=FACE_BOUND('',#4211,.T.);
#4528=FACE_BOUND('',#4212,.T.);
#4529=FACE_BOUND('',#4213,.T.);
#4530=FACE_BOUND('',#4214,.T.);
#4531=FACE_BOUND('',#4215,.T.);
#4532=FACE_BOUND('',#4216,.T.);
#4533=FACE_BOUND('',#4217,.T.);
#4534=FACE_BOUND('',#4218,.T.);
#4535=FACE_BOUND('',#4219,.T.);
#4536=FACE_BOUND('',#4220,.T.);
#4537=FACE_BOUND('',#4221,.T.);
#4538=FACE_BOUND('',#4222,.T.);
#4539=FACE_BOUND('',#4223,.T.);
#4540=FACE_BOUND('',#4224,.T.);
#4541=FACE_BOUND('',#4225,.T.);
#4542=FACE_BOUND('',#4226,.T.);
#4543=FACE_BOUND('',#4227,.T.);
#4544=FACE_BOUND('',#4228,.T.);
#4545=FACE_BOUND('',#4229,.T.);
#4546=FACE_BOUND('',#4230,.T.);
#4547=FACE_BOUND('',#4231,.T.);
#4548=FACE_BOUND('',#4232,.T.);
#4549=FACE_BOUND('',#4233,.T.);
#4550=FACE_BOUND('',#4234,.T.);
#4551=FACE_BOUND('',#4235,.T.);
#4552=FACE_BOUND('',#4236,.T.);
#4553=FACE_BOUND('',#4237,.T.);
#4554=FACE_BOUND('',#4238,.T.);
#4555=FACE_BOUND('',#4239,.T.);
#4556=FACE_BOUND('',#4240,.T.);
#4557=FACE_BOUND('',#4241,.T.);
#4558=FACE_BOUND('',#4242,.T.);
#4559=FACE_BOUND('',#4243,.T.);
#4560=FACE_BOUND('',#4244,.T.);
#4561=FACE_BOUND('',#4245,.T.);
#4562=FACE_BOUND('',#4246,.T.);
#4563=FACE_BOUND('',#4247,.T.);
#4564=FACE_BOUND('',#4248,.T.);
#4565=FACE_BOUND('',#4249,.T.);
#4566=FACE_BOUND('',#4250,.T.);
#4567=FACE_BOUND('',#4251,.T.);
#4568=FACE_BOUND('',#4252,.T.);
#4569=FACE_BOUND('',#4253,.T.);
#4570=FACE_BOUND('',#4254,.T.);
#4571=FACE_BOUND('',#4255,.T.);
#4572=FACE_BOUND('',#4256,.T.);
#4573=FACE_BOUND('',#4257,.T.);
#4574=FACE_BOUND('',#4258,.T.);
#4575=FACE_BOUND('',#4259,.T.);
#4576=FACE_BOUND('',#4260,.T.);
#4577=FACE_BOUND('',#4261,.T.);
#4578=FACE_BOUND('',#4262,.T.);
#4579=FACE_BOUND('',#4263,.T.);
#4580=FACE_BOUND('',#4264,.T.);
#4581=FACE_BOUND('',#4265,.T.);
#4582=FACE_BOUND('',#4266,.T.);
#4583=FACE_BOUND('',#4267,.T.);
#4584=FACE_BOUND('',#4268,.T.);
#4585=FACE_BOUND('',#4269,.T.);
#4586=FACE_BOUND('',#4270,.T.);
#4587=FACE_BOUND('',#4271,.T.);
#4588=FACE_BOUND('',#4272,.T.);
#4589=FACE_BOUND('',#4273,.T.);
#4590=FACE_BOUND('',#4274,.T.);
#4591=FACE_BOUND('',#4275,.T.);
#4592=FACE_BOUND('',#4276,.T.);
#4593=FACE_BOUND('',#4277,.T.);
#4594=FACE_BOUND('',#4278,.T.);
#4595=FACE_BOUND('',#4279,.T.);
#4596=FACE_BOUND('',#4280,.T.);
#4597=FACE_BOUND('',#4281,.T.);
#4598=FACE_BOUND('',#4282,.T.);
#4599=FACE_BOUND('',#4283,.T.);
#4600=FACE_BOUND('',#4284,.T.);
#4601=FACE_BOUND('',#4285,.T.);
#4602=FACE_BOUND('',#4286,.T.);
#4603=FACE_BOUND('',#4287,.T.);
#4604=FACE_BOUND('',#4288,.T.);
#4605=FACE_BOUND('',#4289,.T.);
#4606=FACE_BOUND('',#4290,.T.);
#4607=FACE_BOUND('',#4291,.T.);
#4608=FACE_BOUND('',#4292,.T.);
#4609=FACE_BOUND('',#4293,.T.);
#4610=FACE_BOUND('',#4294,.T.);
#4611=FACE_BOUND('',#4295,.T.);
#4612=FACE_BOUND('',#4296,.T.);
#4613=FACE_BOUND('',#4297,.T.);
#4614=FACE_BOUND('',#4298,.T.);
#4615=FACE_BOUND('',#4299,.T.);
#4616=FACE_BOUND('',#4300,.T.);
#4617=FACE_BOUND('',#4301,.T.);
#4618=FACE_BOUND('',#4302,.T.);
#4619=FACE_BOUND('',#4303,.T.);
#4620=FACE_BOUND('',#4304,.T.);
#4621=FACE_BOUND('',#4305,.T.);
#4622=FACE_BOUND('',#4306,.T.);
#4623=FACE_BOUND('',#4307,.T.);
#4624=FACE_BOUND('',#4308,.T.);
#4625=FACE_BOUND('',#4309,.T.);
#4626=FACE_BOUND('',#4310,.T.);
#4627=FACE_BOUND('',#4311,.T.);
#4628=FACE_BOUND('',#4312,.T.);
#4629=FACE_BOUND('',#4313,.T.);
#4630=FACE_BOUND('',#4314,.T.);
#4631=FACE_BOUND('',#4315,.T.);
#4632=FACE_BOUND('',#4316,.T.);
#4633=FACE_BOUND('',#4317,.T.);
#4634=FACE_BOUND('',#4318,.T.);
#4635=FACE_BOUND('',#4319,.T.);
#4636=FACE_BOUND('',#4320,.T.);
#4637=FACE_BOUND('',#4321,.T.);
#4638=FACE_BOUND('',#4322,.T.);
#4639=FACE_BOUND('',#4323,.T.);
#4640=FACE_BOUND('',#4324,.T.);
#4641=FACE_BOUND('',#4325,.T.);
#4642=FACE_BOUND('',#4326,.T.);
#4643=FACE_BOUND('',#4327,.T.);
#4644=FACE_BOUND('',#4328,.T.);
#4645=FACE_BOUND('',#4329,.T.);
#4646=FACE_BOUND('',#4330,.T.);
#4647=FACE_BOUND('',#4331,.T.);
#4648=FACE_BOUND('',#4332,.T.);
#4649=FACE_BOUND('',#4333,.T.);
#4650=FACE_BOUND('',#4334,.T.);
#4651=FACE_BOUND('',#4335,.T.);
#4652=FACE_BOUND('',#4336,.T.);
#4653=FACE_BOUND('',#4337,.T.);
#4654=FACE_BOUND('',#4338,.T.);
#4655=FACE_BOUND('',#4339,.T.);
#4656=FACE_BOUND('',#4340,.T.);
#4657=FACE_BOUND('',#4341,.T.);
#4658=FACE_BOUND('',#4342,.T.);
#4659=FACE_BOUND('',#4343,.T.);
#4660=FACE_BOUND('',#4344,.T.);
#4661=FACE_BOUND('',#4345,.T.);
#4662=FACE_BOUND('',#4346,.T.);
#4663=FACE_BOUND('',#4347,.T.);
#4664=FACE_BOUND('',#4348,.T.);
#4665=FACE_BOUND('',#4349,.T.);
#4666=FACE_BOUND('',#4350,.T.);
#4667=FACE_BOUND('',#4351,.T.);
#4668=FACE_BOUND('',#4352,.T.);
#4669=FACE_BOUND('',#4353,.T.);
#4670=FACE_BOUND('',#4354,.T.);
#4671=FACE_BOUND('',#4355,.T.);
#4672=FACE_BOUND('',#4356,.T.);
#4673=FACE_BOUND('',#4357,.T.);
#4674=FACE_BOUND('',#4358,.T.);
#4675=FACE_BOUND('',#4359,.T.);
#4676=FACE_BOUND('',#4360,.T.);
#4677=FACE_BOUND('',#4361,.T.);
#4678=FACE_BOUND('',#4362,.T.);
#4679=FACE_BOUND('',#4363,.T.);
#4680=FACE_BOUND('',#4364,.T.);
#4681=FACE_BOUND('',#4365,.T.);
#4682=FACE_BOUND('',#4366,.T.);
#4683=FACE_BOUND('',#4367,.T.);
#4684=FACE_BOUND('',#4368,.T.);
#4685=FACE_BOUND('',#4369,.T.);
#4686=FACE_BOUND('',#4370,.T.);
#4687=FACE_BOUND('',#4371,.T.);
#4688=FACE_BOUND('',#4372,.T.);
#4689=FACE_BOUND('',#4373,.T.);
#4690=FACE_BOUND('',#4374,.T.);
#4691=FACE_BOUND('',#4375,.T.);
#4692=FACE_BOUND('',#4376,.T.);
#4693=FACE_BOUND('',#4377,.T.);
#4694=FACE_BOUND('',#4378,.T.);
#4695=FACE_BOUND('',#4379,.T.);
#4696=FACE_BOUND('',#4380,.T.);
#4697=FACE_BOUND('',#4381,.T.);
#4698=FACE_BOUND('',#4382,.T.);
#4699=FACE_BOUND('',#4383,.T.);
#4700=FACE_BOUND('',#4384,.T.);
#4701=FACE_BOUND('',#4385,.T.);
#4702=FACE_BOUND('',#4386,.T.);
#4703=FACE_BOUND('',#4387,.T.);
#4704=FACE_BOUND('',#4388,.T.);
#4705=FACE_BOUND('',#4389,.T.);
#4706=FACE_BOUND('',#4390,.T.);
#4707=FACE_BOUND('',#4391,.T.);
#4708=FACE_BOUND('',#4392,.T.);
#4709=FACE_BOUND('',#4393,.T.);
#4710=FACE_BOUND('',#4394,.T.);
#4711=FACE_BOUND('',#4395,.T.);
#4712=FACE_BOUND('',#4396,.T.);
#4713=FACE_BOUND('',#4397,.T.);
#4714=FACE_BOUND('',#4398,.T.);
#4715=FACE_BOUND('',#4399,.T.);
#4716=FACE_BOUND('',#4400,.T.);
#4717=FACE_BOUND('',#4401,.T.);
#4718=FACE_BOUND('',#4402,.T.);
#4719=FACE_BOUND('',#4403,.T.);
#4720=FACE_BOUND('',#4404,.T.);
#4721=FACE_BOUND('',#4405,.T.);
#4722=FACE_BOUND('',#4406,.T.);
#4723=FACE_BOUND('',#4407,.T.);
#4724=FACE_BOUND('',#4408,.T.);
#4725=FACE_BOUND('',#4409,.T.);
#4726=FACE_BOUND('',#4410,.T.);
#4727=FACE_BOUND('',#4411,.T.);
#4728=FACE_BOUND('',#4412,.T.);
#4729=FACE_BOUND('',#4413,.T.);
#4730=FACE_BOUND('',#4414,.T.);
#4731=FACE_BOUND('',#4415,.T.);
#4732=FACE_BOUND('',#4416,.T.);
#4733=FACE_BOUND('',#4417,.T.);
#4734=FACE_BOUND('',#4418,.T.);
#4735=FACE_BOUND('',#4419,.T.);
#4736=PLANE('',#5179);
#4737=PLANE('',#5203);
#4738=PLANE('',#5209);
#4739=PLANE('',#5210);
#4740=PLANE('',#5211);
#4741=PLANE('',#5212);
#4742=PLANE('',#5214);
#4743=PLANE('',#5215);
#4744=PLANE('',#5216);
#4745=PLANE('',#5217);
#4746=PLANE('',#5218);
#4747=PLANE('',#5219);
#4748=PLANE('',#5220);
#4749=PLANE('',#5221);
#4750=PLANE('',#5222);
#4751=PLANE('',#5223);
#4752=PLANE('',#5224);
#4753=PLANE('',#5225);
#4754=PLANE('',#5230);
#4755=PLANE('',#5231);
#4756=PLANE('',#5232);
#4757=PLANE('',#5233);
#4758=PLANE('',#5234);
#4759=PLANE('',#5241);
#4760=PLANE('',#5242);
#4761=PLANE('',#5245);
#4762=PLANE('',#5246);
#4763=PLANE('',#5247);
#4764=PLANE('',#5252);
#4765=PLANE('',#5255);
#4766=PLANE('',#5256);
#4767=PLANE('',#5257);
#4768=PLANE('',#5258);
#4769=PLANE('',#5259);
#4770=PLANE('',#5260);
#4771=PLANE('',#5261);
#4772=PLANE('',#5264);
#4773=PLANE('',#5265);
#4774=PLANE('',#5266);
#4775=PLANE('',#5267);
#4776=PLANE('',#5268);
#4777=PLANE('',#5269);
#4778=PLANE('',#5270);
#4779=PLANE('',#5271);
#4780=PLANE('',#5272);
#4781=PLANE('',#5275);
#4782=PLANE('',#5276);
#4783=PLANE('',#5277);
#4784=PLANE('',#5278);
#4785=PLANE('',#5279);
#4786=PLANE('',#5280);
#4787=PLANE('',#5281);
#4788=PLANE('',#5282);
#4789=PLANE('',#5283);
#4790=PLANE('',#5284);
#4791=PLANE('',#5285);
#4792=PLANE('',#5286);
#4793=PLANE('',#5287);
#4794=PLANE('',#5300);
#4795=PLANE('',#5304);
#4796=PLANE('',#5307);
#4797=PLANE('',#5310);
#4798=PLANE('',#5311);
#4799=PLANE('',#5312);
#4800=PLANE('',#5313);
#4801=PLANE('',#5314);
#4802=PLANE('',#5315);
#4803=PLANE('',#5319);
#4804=PLANE('',#5322);
#4805=PLANE('',#5323);
#4806=PLANE('',#5324);
#4807=PLANE('',#5325);
#4808=PLANE('',#5326);
#4809=PLANE('',#5329);
#4810=PLANE('',#5330);
#4811=PLANE('',#5331);
#4812=PLANE('',#5332);
#4813=PLANE('',#5333);
#4814=PLANE('',#5334);
#4815=PLANE('',#5335);
#4816=PLANE('',#5336);
#4817=PLANE('',#5337);
#4818=PLANE('',#5338);
#4819=PLANE('',#5339);
#4820=PLANE('',#5340);
#4821=PLANE('',#5341);
#4822=PLANE('',#5342);
#4823=PLANE('',#5343);
#4824=PLANE('',#5344);
#4825=PLANE('',#5345);
#4826=PLANE('',#5348);
#4827=PLANE('',#5351);
#4828=PLANE('',#5352);
#4829=PLANE('',#5353);
#4830=PLANE('',#5354);
#4831=PLANE('',#5355);
#4832=PLANE('',#5356);
#4833=PLANE('',#5357);
#4834=PLANE('',#5358);
#4835=PLANE('',#5359);
#4836=PLANE('',#5360);
#4837=PLANE('',#5361);
#4838=PLANE('',#5362);
#4839=PLANE('',#5363);
#4840=PLANE('',#5364);
#4841=PLANE('',#5365);
#4842=PLANE('',#5366);
#4843=PLANE('',#5367);
#4844=PLANE('',#5368);
#4845=PLANE('',#5369);
#4846=PLANE('',#5370);
#4847=PLANE('',#5371);
#4848=PLANE('',#5372);
#4849=PLANE('',#5373);
#4850=PLANE('',#5374);
#4851=PLANE('',#5375);
#4852=PLANE('',#5376);
#4853=PLANE('',#5377);
#4854=PLANE('',#5378);
#4855=PLANE('',#5379);
#4856=PLANE('',#5380);
#4857=PLANE('',#5381);
#4858=PLANE('',#5382);
#4859=PLANE('',#5383);
#4860=PLANE('',#5384);
#4861=PLANE('',#5385);
#4862=PLANE('',#5386);
#4863=PLANE('',#5387);
#4864=PLANE('',#5388);
#4865=PLANE('',#5389);
#4866=PLANE('',#5390);
#4867=PLANE('',#5391);
#4868=PLANE('',#5392);
#4869=PLANE('',#5393);
#4870=PLANE('',#5394);
#4871=PLANE('',#5395);
#4872=PLANE('',#5396);
#4873=PLANE('',#5397);
#4874=PLANE('',#5398);
#4875=PLANE('',#5399);
#4876=PLANE('',#5400);
#4877=PLANE('',#5401);
#4878=PLANE('',#5402);
#4879=PLANE('',#5403);
#4880=PLANE('',#5404);
#4881=PLANE('',#5405);
#4882=PLANE('',#5406);
#4883=PLANE('',#5407);
#4884=PLANE('',#5408);
#4885=PLANE('',#5409);
#4886=PLANE('',#5410);
#4887=PLANE('',#5411);
#4888=PLANE('',#5412);
#4889=PLANE('',#5413);
#4890=PLANE('',#5414);
#4891=PLANE('',#5415);
#4892=PLANE('',#5416);
#4893=ADVANCED_FACE('',(#4420,#4421,#4422,#4423,#4424,#4425,#4426,#4427,
#4428,#4429,#4430,#4431,#4432,#4433,#4434,#4435,#4436,#4437,#4438,#4439,
#4440,#4441,#4442,#4443),#4736,.T.);
#4894=ADVANCED_FACE('',(#4444,#4445,#4446,#4447,#4448,#4449,#4450,#4451,
#4452),#4737,.F.);
#4895=ADVANCED_FACE('',(#4453),#4738,.T.);
#4896=ADVANCED_FACE('',(#4454),#4739,.F.);
#4897=ADVANCED_FACE('',(#4455),#4740,.F.);
#4898=ADVANCED_FACE('',(#4456),#4741,.T.);
#4899=ADVANCED_FACE('',(#4457,#4458),#101,.F.);
#4900=ADVANCED_FACE('',(#4459),#4742,.T.);
#4901=ADVANCED_FACE('',(#4460),#4743,.F.);
#4902=ADVANCED_FACE('',(#4461),#4744,.F.);
#4903=ADVANCED_FACE('',(#4462),#4745,.T.);
#4904=ADVANCED_FACE('',(#4463),#4746,.T.);
#4905=ADVANCED_FACE('',(#4464),#4747,.F.);
#4906=ADVANCED_FACE('',(#4465),#4748,.F.);
#4907=ADVANCED_FACE('',(#4466),#4749,.T.);
#4908=ADVANCED_FACE('',(#4467),#4750,.T.);
#4909=ADVANCED_FACE('',(#4468),#4751,.F.);
#4910=ADVANCED_FACE('',(#4469),#4752,.F.);
#4911=ADVANCED_FACE('',(#4470),#4753,.T.);
#4912=ADVANCED_FACE('',(#4471,#4472),#102,.F.);
#4913=ADVANCED_FACE('',(#4473,#4474),#103,.F.);
#4914=ADVANCED_FACE('',(#4475,#4476),#104,.F.);
#4915=ADVANCED_FACE('',(#4477,#4478),#105,.F.);
#4916=ADVANCED_FACE('',(#4479),#4754,.T.);
#4917=ADVANCED_FACE('',(#4480),#4755,.T.);
#4918=ADVANCED_FACE('',(#4481),#4756,.T.);
#4919=ADVANCED_FACE('',(#4482),#4757,.T.);
#4920=ADVANCED_FACE('',(#4483),#4758,.T.);
#4921=ADVANCED_FACE('',(#4484),#106,.T.);
#4922=ADVANCED_FACE('',(#4485),#12,.T.);
#4923=ADVANCED_FACE('',(#4486),#13,.T.);
#4924=ADVANCED_FACE('',(#4487),#107,.T.);
#4925=ADVANCED_FACE('',(#4488),#4759,.T.);
#4926=ADVANCED_FACE('',(#4489),#4760,.T.);
#4927=ADVANCED_FACE('',(#4490),#14,.T.);
#4928=ADVANCED_FACE('',(#4491),#108,.F.);
#4929=ADVANCED_FACE('',(#4492),#15,.T.);
#4930=ADVANCED_FACE('',(#4493),#4761,.T.);
#4931=ADVANCED_FACE('',(#4494),#16,.T.);
#4932=ADVANCED_FACE('',(#4495),#17,.T.);
#4933=ADVANCED_FACE('',(#4496),#18,.T.);
#4934=ADVANCED_FACE('',(#4497),#4762,.T.);
#4935=ADVANCED_FACE('',(#4498),#4763,.T.);
#4936=ADVANCED_FACE('',(#4499),#19,.T.);
#4937=ADVANCED_FACE('',(#4500),#20,.T.);
#4938=ADVANCED_FACE('',(#4501),#109,.F.);
#4939=ADVANCED_FACE('',(#4502),#21,.T.);
#4940=ADVANCED_FACE('',(#4503),#110,.F.);
#4941=ADVANCED_FACE('',(#4504),#4764,.T.);
#4942=ADVANCED_FACE('',(#4505),#22,.T.);
#4943=ADVANCED_FACE('',(#4506),#111,.F.);
#4944=ADVANCED_FACE('',(#4507),#23,.T.);
#4945=ADVANCED_FACE('',(#4508,#4509),#4765,.T.);
#4946=ADVANCED_FACE('',(#4510),#24,.T.);
#4947=ADVANCED_FACE('',(#4511),#25,.T.);
#4948=ADVANCED_FACE('',(#4512),#26,.T.);
#4949=ADVANCED_FACE('',(#4513),#27,.T.);
#4950=ADVANCED_FACE('',(#4514),#28,.T.);
#4951=ADVANCED_FACE('',(#4515),#29,.T.);
#4952=ADVANCED_FACE('',(#4516),#30,.T.);
#4953=ADVANCED_FACE('',(#4517),#31,.T.);
#4954=ADVANCED_FACE('',(#4518),#32,.T.);
#4955=ADVANCED_FACE('',(#4519),#33,.T.);
#4956=ADVANCED_FACE('',(#4520),#34,.T.);
#4957=ADVANCED_FACE('',(#4521),#35,.T.);
#4958=ADVANCED_FACE('',(#4522),#36,.T.);
#4959=ADVANCED_FACE('',(#4523),#37,.T.);
#4960=ADVANCED_FACE('',(#4524),#38,.T.);
#4961=ADVANCED_FACE('',(#4525),#39,.T.);
#4962=ADVANCED_FACE('',(#4526),#40,.T.);
#4963=ADVANCED_FACE('',(#4527),#41,.T.);
#4964=ADVANCED_FACE('',(#4528,#4529),#4766,.T.);
#4965=ADVANCED_FACE('',(#4530),#4767,.T.);
#4966=ADVANCED_FACE('',(#4531),#4768,.T.);
#4967=ADVANCED_FACE('',(#4532),#4769,.T.);
#4968=ADVANCED_FACE('',(#4533),#4770,.T.);
#4969=ADVANCED_FACE('',(#4534),#4771,.T.);
#4970=ADVANCED_FACE('',(#4535),#42,.T.);
#4971=ADVANCED_FACE('',(#4536),#43,.T.);
#4972=ADVANCED_FACE('',(#4537),#112,.T.);
#4973=ADVANCED_FACE('',(#4538),#4772,.T.);
#4974=ADVANCED_FACE('',(#4539),#4773,.T.);
#4975=ADVANCED_FACE('',(#4540),#4774,.T.);
#4976=ADVANCED_FACE('',(#4541),#44,.T.);
#4977=ADVANCED_FACE('',(#4542),#45,.T.);
#4978=ADVANCED_FACE('',(#4543),#46,.T.);
#4979=ADVANCED_FACE('',(#4544),#4775,.T.);
#4980=ADVANCED_FACE('',(#4545),#47,.T.);
#4981=ADVANCED_FACE('',(#4546),#4776,.T.);
#4982=ADVANCED_FACE('',(#4547),#4777,.T.);
#4983=ADVANCED_FACE('',(#4548),#4778,.T.);
#4984=ADVANCED_FACE('',(#4549),#4779,.T.);
#4985=ADVANCED_FACE('',(#4550),#4780,.T.);
#4986=ADVANCED_FACE('',(#4551),#48,.T.);
#4987=ADVANCED_FACE('',(#4552),#49,.T.);
#4988=ADVANCED_FACE('',(#4553),#113,.T.);
#4989=ADVANCED_FACE('',(#4554),#4781,.T.);
#4990=ADVANCED_FACE('',(#4555),#4782,.T.);
#4991=ADVANCED_FACE('',(#4556),#4783,.T.);
#4992=ADVANCED_FACE('',(#4557),#50,.T.);
#4993=ADVANCED_FACE('',(#4558),#51,.T.);
#4994=ADVANCED_FACE('',(#4559),#4784,.T.);
#4995=ADVANCED_FACE('',(#4560),#4785,.T.);
#4996=ADVANCED_FACE('',(#4561),#4786,.T.);
#4997=ADVANCED_FACE('',(#4562),#4787,.T.);
#4998=ADVANCED_FACE('',(#4563),#4788,.T.);
#4999=ADVANCED_FACE('',(#4564),#4789,.T.);
#5000=ADVANCED_FACE('',(#4565),#4790,.T.);
#5001=ADVANCED_FACE('',(#4566),#4791,.T.);
#5002=ADVANCED_FACE('',(#4567),#4792,.T.);
#5003=ADVANCED_FACE('',(#4568),#4793,.T.);
#5004=ADVANCED_FACE('',(#4569),#114,.F.);
#5005=ADVANCED_FACE('',(#4570),#52,.T.);
#5006=ADVANCED_FACE('',(#4571),#115,.F.);
#5007=ADVANCED_FACE('',(#4572),#53,.T.);
#5008=ADVANCED_FACE('',(#4573),#116,.F.);
#5009=ADVANCED_FACE('',(#4574),#117,.F.);
#5010=ADVANCED_FACE('',(#4575),#118,.F.);
#5011=ADVANCED_FACE('',(#4576),#119,.F.);
#5012=ADVANCED_FACE('',(#4577),#4794,.T.);
#5013=ADVANCED_FACE('',(#4578),#120,.T.);
#5014=ADVANCED_FACE('',(#4579),#54,.T.);
#5015=ADVANCED_FACE('',(#4580),#55,.T.);
#5016=ADVANCED_FACE('',(#4581),#56,.T.);
#5017=ADVANCED_FACE('',(#4582),#4795,.T.);
#5018=ADVANCED_FACE('',(#4583),#57,.T.);
#5019=ADVANCED_FACE('',(#4584),#58,.T.);
#5020=ADVANCED_FACE('',(#4585),#121,.F.);
#5021=ADVANCED_FACE('',(#4586),#59,.T.);
#5022=ADVANCED_FACE('',(#4587),#60,.T.);
#5023=ADVANCED_FACE('',(#4588),#4796,.T.);
#5024=ADVANCED_FACE('',(#4589),#122,.F.);
#5025=ADVANCED_FACE('',(#4590),#61,.T.);
#5026=ADVANCED_FACE('',(#4591),#62,.T.);
#5027=ADVANCED_FACE('',(#4592),#63,.T.);
#5028=ADVANCED_FACE('',(#4593),#64,.T.);
#5029=ADVANCED_FACE('',(#4594),#4797,.T.);
#5030=ADVANCED_FACE('',(#4595),#4798,.T.);
#5031=ADVANCED_FACE('',(#4596),#4799,.T.);
#5032=ADVANCED_FACE('',(#4597),#4800,.T.);
#5033=ADVANCED_FACE('',(#4598),#4801,.T.);
#5034=ADVANCED_FACE('',(#4599),#65,.T.);
#5035=ADVANCED_FACE('',(#4600,#4601),#4802,.T.);
#5036=ADVANCED_FACE('',(#4602),#66,.T.);
#5037=ADVANCED_FACE('',(#4603),#67,.T.);
#5038=ADVANCED_FACE('',(#4604),#68,.T.);
#5039=ADVANCED_FACE('',(#4605),#123,.T.);
#5040=ADVANCED_FACE('',(#4606),#69,.T.);
#5041=ADVANCED_FACE('',(#4607),#4803,.T.);
#5042=ADVANCED_FACE('',(#4608),#124,.F.);
#5043=ADVANCED_FACE('',(#4609),#4804,.T.);
#5044=ADVANCED_FACE('',(#4610),#4805,.T.);
#5045=ADVANCED_FACE('',(#4611),#70,.T.);
#5046=ADVANCED_FACE('',(#4612),#4806,.T.);
#5047=ADVANCED_FACE('',(#4613),#4807,.T.);
#5048=ADVANCED_FACE('',(#4614),#71,.T.);
#5049=ADVANCED_FACE('',(#4615),#72,.T.);
#5050=ADVANCED_FACE('',(#4616),#73,.T.);
#5051=ADVANCED_FACE('',(#4617),#74,.T.);
#5052=ADVANCED_FACE('',(#4618),#4808,.T.);
#5053=ADVANCED_FACE('',(#4619),#75,.T.);
#5054=ADVANCED_FACE('',(#4620),#76,.T.);
#5055=ADVANCED_FACE('',(#4621),#77,.T.);
#5056=ADVANCED_FACE('',(#4622),#78,.T.);
#5057=ADVANCED_FACE('',(#4623),#125,.T.);
#5058=ADVANCED_FACE('',(#4624),#4809,.T.);
#5059=ADVANCED_FACE('',(#4625),#4810,.T.);
#5060=ADVANCED_FACE('',(#4626),#79,.T.);
#5061=ADVANCED_FACE('',(#4627),#80,.T.);
#5062=ADVANCED_FACE('',(#4628),#81,.T.);
#5063=ADVANCED_FACE('',(#4629),#82,.T.);
#5064=ADVANCED_FACE('',(#4630),#83,.T.);
#5065=ADVANCED_FACE('',(#4631),#4811,.T.);
#5066=ADVANCED_FACE('',(#4632,#4633),#4812,.T.);
#5067=ADVANCED_FACE('',(#4634),#4813,.T.);
#5068=ADVANCED_FACE('',(#4635),#4814,.T.);
#5069=ADVANCED_FACE('',(#4636),#4815,.T.);
#5070=ADVANCED_FACE('',(#4637),#84,.T.);
#5071=ADVANCED_FACE('',(#4638),#85,.T.);
#5072=ADVANCED_FACE('',(#4639),#86,.T.);
#5073=ADVANCED_FACE('',(#4640),#4816,.T.);
#5074=ADVANCED_FACE('',(#4641),#4817,.T.);
#5075=ADVANCED_FACE('',(#4642),#4818,.T.);
#5076=ADVANCED_FACE('',(#4643),#4819,.T.);
#5077=ADVANCED_FACE('',(#4644),#4820,.T.);
#5078=ADVANCED_FACE('',(#4645),#87,.T.);
#5079=ADVANCED_FACE('',(#4646),#88,.T.);
#5080=ADVANCED_FACE('',(#4647),#89,.T.);
#5081=ADVANCED_FACE('',(#4648),#4821,.T.);
#5082=ADVANCED_FACE('',(#4649),#4822,.T.);
#5083=ADVANCED_FACE('',(#4650),#4823,.T.);
#5084=ADVANCED_FACE('',(#4651),#4824,.T.);
#5085=ADVANCED_FACE('',(#4652),#90,.T.);
#5086=ADVANCED_FACE('',(#4653,#4654),#4825,.T.);
#5087=ADVANCED_FACE('',(#4655),#126,.T.);
#5088=ADVANCED_FACE('',(#4656),#4826,.T.);
#5089=ADVANCED_FACE('',(#4657),#127,.F.);
#5090=ADVANCED_FACE('',(#4658),#91,.T.);
#5091=ADVANCED_FACE('',(#4659),#4827,.T.);
#5092=ADVANCED_FACE('',(#4660),#4828,.T.);
#5093=ADVANCED_FACE('',(#4661),#4829,.T.);
#5094=ADVANCED_FACE('',(#4662),#4830,.T.);
#5095=ADVANCED_FACE('',(#4663),#4831,.T.);
#5096=ADVANCED_FACE('',(#4664),#92,.T.);
#5097=ADVANCED_FACE('',(#4665),#4832,.T.);
#5098=ADVANCED_FACE('',(#4666),#4833,.T.);
#5099=ADVANCED_FACE('',(#4667),#4834,.T.);
#5100=ADVANCED_FACE('',(#4668),#4835,.T.);
#5101=ADVANCED_FACE('',(#4669),#4836,.T.);
#5102=ADVANCED_FACE('',(#4670),#4837,.T.);
#5103=ADVANCED_FACE('',(#4671),#4838,.T.);
#5104=ADVANCED_FACE('',(#4672),#4839,.T.);
#5105=ADVANCED_FACE('',(#4673),#4840,.T.);
#5106=ADVANCED_FACE('',(#4674),#4841,.T.);
#5107=ADVANCED_FACE('',(#4675),#4842,.T.);
#5108=ADVANCED_FACE('',(#4676),#4843,.T.);
#5109=ADVANCED_FACE('',(#4677),#4844,.T.);
#5110=ADVANCED_FACE('',(#4678),#4845,.T.);
#5111=ADVANCED_FACE('',(#4679),#4846,.T.);
#5112=ADVANCED_FACE('',(#4680),#4847,.T.);
#5113=ADVANCED_FACE('',(#4681),#4848,.T.);
#5114=ADVANCED_FACE('',(#4682),#4849,.T.);
#5115=ADVANCED_FACE('',(#4683),#4850,.T.);
#5116=ADVANCED_FACE('',(#4684),#4851,.T.);
#5117=ADVANCED_FACE('',(#4685),#4852,.T.);
#5118=ADVANCED_FACE('',(#4686),#4853,.T.);
#5119=ADVANCED_FACE('',(#4687),#4854,.T.);
#5120=ADVANCED_FACE('',(#4688),#4855,.T.);
#5121=ADVANCED_FACE('',(#4689),#4856,.T.);
#5122=ADVANCED_FACE('',(#4690),#93,.T.);
#5123=ADVANCED_FACE('',(#4691),#94,.T.);
#5124=ADVANCED_FACE('',(#4692),#95,.T.);
#5125=ADVANCED_FACE('',(#4693),#4857,.T.);
#5126=ADVANCED_FACE('',(#4694),#4858,.T.);
#5127=ADVANCED_FACE('',(#4695),#96,.T.);
#5128=ADVANCED_FACE('',(#4696),#97,.T.);
#5129=ADVANCED_FACE('',(#4697),#98,.T.);
#5130=ADVANCED_FACE('',(#4698),#99,.T.);
#5131=ADVANCED_FACE('',(#4699),#4859,.T.);
#5132=ADVANCED_FACE('',(#4700),#4860,.T.);
#5133=ADVANCED_FACE('',(#4701),#4861,.T.);
#5134=ADVANCED_FACE('',(#4702),#100,.T.);
#5135=ADVANCED_FACE('',(#4703,#4704),#4862,.T.);
#5136=ADVANCED_FACE('',(#4705),#4863,.T.);
#5137=ADVANCED_FACE('',(#4706),#4864,.T.);
#5138=ADVANCED_FACE('',(#4707),#4865,.T.);
#5139=ADVANCED_FACE('',(#4708),#4866,.T.);
#5140=ADVANCED_FACE('',(#4709),#4867,.T.);
#5141=ADVANCED_FACE('',(#4710),#4868,.T.);
#5142=ADVANCED_FACE('',(#4711),#4869,.T.);
#5143=ADVANCED_FACE('',(#4712),#4870,.T.);
#5144=ADVANCED_FACE('',(#4713),#4871,.T.);
#5145=ADVANCED_FACE('',(#4714),#4872,.T.);
#5146=ADVANCED_FACE('',(#4715),#4873,.T.);
#5147=ADVANCED_FACE('',(#4716,#4717),#4874,.T.);
#5148=ADVANCED_FACE('',(#4718),#4875,.T.);
#5149=ADVANCED_FACE('',(#4719),#4876,.T.);
#5150=ADVANCED_FACE('',(#4720),#4877,.T.);
#5151=ADVANCED_FACE('',(#4721),#4878,.T.);
#5152=ADVANCED_FACE('',(#4722),#4879,.T.);
#5153=ADVANCED_FACE('',(#4723),#4880,.T.);
#5154=ADVANCED_FACE('',(#4724),#4881,.T.);
#5155=ADVANCED_FACE('',(#4725),#4882,.T.);
#5156=ADVANCED_FACE('',(#4726),#4883,.T.);
#5157=ADVANCED_FACE('',(#4727),#4884,.T.);
#5158=ADVANCED_FACE('',(#4728),#4885,.T.);
#5159=ADVANCED_FACE('',(#4729),#4886,.T.);
#5160=ADVANCED_FACE('',(#4730),#4887,.T.);
#5161=ADVANCED_FACE('',(#4731),#4888,.T.);
#5162=ADVANCED_FACE('',(#4732),#4889,.T.);
#5163=ADVANCED_FACE('',(#4733),#4890,.T.);
#5164=ADVANCED_FACE('',(#4734),#4891,.T.);
#5165=ADVANCED_FACE('',(#4735),#4892,.T.);
#5166=CLOSED_SHELL('',(#4893,#4894,#4895,#4896,#4897,#4898,#4899,#4900,
#4901,#4902,#4903,#4904,#4905,#4906,#4907,#4908,#4909,#4910,#4911,#4912,
#4913,#4914,#4915,#4916,#4917,#4918,#4919,#4920,#4921,#4922,#4923,#4924,
#4925,#4926,#4927,#4928,#4929,#4930,#4931,#4932,#4933,#4934,#4935,#4936,
#4937,#4938,#4939,#4940,#4941,#4942,#4943,#4944,#4945,#4946,#4947,#4948,
#4949,#4950,#4951,#4952,#4953,#4954,#4955,#4956,#4957,#4958,#4959,#4960,
#4961,#4962,#4963,#4964,#4965,#4966,#4967,#4968,#4969,#4970,#4971,#4972,
#4973,#4974,#4975,#4976,#4977,#4978,#4979,#4980,#4981,#4982,#4983,#4984,
#4985,#4986,#4987,#4988,#4989,#4990,#4991,#4992,#4993,#4994,#4995,#4996,
#4997,#4998,#4999,#5000,#5001,#5002,#5003,#5004,#5005,#5006,#5007,#5008,
#5009,#5010,#5011,#5012,#5013,#5014,#5015,#5016,#5017,#5018,#5019,#5020,
#5021,#5022,#5023,#5024,#5025,#5026,#5027,#5028,#5029,#5030,#5031,#5032,
#5033,#5034,#5035,#5036,#5037,#5038,#5039,#5040,#5041,#5042,#5043,#5044,
#5045,#5046,#5047,#5048,#5049,#5050,#5051,#5052,#5053,#5054,#5055,#5056,
#5057,#5058,#5059,#5060,#5061,#5062,#5063,#5064,#5065,#5066,#5067,#5068,
#5069,#5070,#5071,#5072,#5073,#5074,#5075,#5076,#5077,#5078,#5079,#5080,
#5081,#5082,#5083,#5084,#5085,#5086,#5087,#5088,#5089,#5090,#5091,#5092,
#5093,#5094,#5095,#5096,#5097,#5098,#5099,#5100,#5101,#5102,#5103,#5104,
#5105,#5106,#5107,#5108,#5109,#5110,#5111,#5112,#5113,#5114,#5115,#5116,
#5117,#5118,#5119,#5120,#5121,#5122,#5123,#5124,#5125,#5126,#5127,#5128,
#5129,#5130,#5131,#5132,#5133,#5134,#5135,#5136,#5137,#5138,#5139,#5140,
#5141,#5142,#5143,#5144,#5145,#5146,#5147,#5148,#5149,#5150,#5151,#5152,
#5153,#5154,#5155,#5156,#5157,#5158,#5159,#5160,#5161,#5162,#5163,#5164,
#5165));
#5167=STYLED_ITEM('',(#5168),#5175);
#5168=PRESENTATION_STYLE_ASSIGNMENT((#5169));
#5169=SURFACE_STYLE_USAGE(.BOTH.,#5170);
#5170=SURFACE_SIDE_STYLE('',(#5171));
#5171=SURFACE_STYLE_FILL_AREA(#5172);
#5172=FILL_AREA_STYLE('',(#5173));
#5173=FILL_AREA_STYLE_COLOUR('',#5174);
#5174=COLOUR_RGB('',0.615686274509804,0.811764705882353,0.929411764705882);
#5175=MANIFOLD_SOLID_BREP('Part 1',#5166);
#5176=SHAPE_DEFINITION_REPRESENTATION(#8904,#5177);
#5177=SHAPE_REPRESENTATION('Part 1',(#5178),#8899);
#5178=AXIS2_PLACEMENT_3D('',#6405,#5417,#5418);
#5179=AXIS2_PLACEMENT_3D('',#6406,#5419,#5420);
#5180=AXIS2_PLACEMENT_3D('',#6436,#5427,#5428);
#5181=AXIS2_PLACEMENT_3D('',#6462,#5431,#5432);
#5182=AXIS2_PLACEMENT_3D('',#6512,#5437,#5438);
#5183=AXIS2_PLACEMENT_3D('',#6514,#5439,#5440);
#5184=AXIS2_PLACEMENT_3D('',#6516,#5441,#5442);
#5185=AXIS2_PLACEMENT_3D('',#6518,#5443,#5444);
#5186=AXIS2_PLACEMENT_3D('',#6520,#5445,#5446);
#5187=AXIS2_PLACEMENT_3D('',#6526,#5447,#5448);
#5188=AXIS2_PLACEMENT_3D('',#6564,#5461,#5462);
#5189=AXIS2_PLACEMENT_3D('',#6604,#5472,#5473);
#5190=AXIS2_PLACEMENT_3D('',#6699,#5497,#5498);
#5191=AXIS2_PLACEMENT_3D('',#6701,#5499,#5500);
#5192=AXIS2_PLACEMENT_3D('',#6703,#5501,#5502);
#5193=AXIS2_PLACEMENT_3D('',#6705,#5503,#5504);
#5194=AXIS2_PLACEMENT_3D('',#6707,#5505,#5506);
#5195=AXIS2_PLACEMENT_3D('',#6709,#5507,#5508);
#5196=AXIS2_PLACEMENT_3D('',#6716,#5509,#5510);
#5197=AXIS2_PLACEMENT_3D('',#6724,#5512,#5513);
#5198=AXIS2_PLACEMENT_3D('',#6730,#5514,#5515);
#5199=AXIS2_PLACEMENT_3D('',#6761,#5519,#5520);
#5200=AXIS2_PLACEMENT_3D('',#6794,#5526,#5527);
#5201=AXIS2_PLACEMENT_3D('',#6838,#5539,#5540);
#5202=AXIS2_PLACEMENT_3D('',#6858,#5546,#5547);
#5203=AXIS2_PLACEMENT_3D('',#6935,#5586,#5587);
#5204=AXIS2_PLACEMENT_3D('',#6936,#5588,#5589);
#5205=AXIS2_PLACEMENT_3D('',#6938,#5590,#5591);
#5206=AXIS2_PLACEMENT_3D('',#6940,#5592,#5593);
#5207=AXIS2_PLACEMENT_3D('',#6942,#5594,#5595);
#5208=AXIS2_PLACEMENT_3D('',#6960,#5604,#5605);
#5209=AXIS2_PLACEMENT_3D('',#6978,#5614,#5615);
#5210=AXIS2_PLACEMENT_3D('',#6981,#5618,#5619);
#5211=AXIS2_PLACEMENT_3D('',#6983,#5621,#5622);
#5212=AXIS2_PLACEMENT_3D('',#6985,#5624,#5625);
#5213=AXIS2_PLACEMENT_3D('',#6986,#5626,#5627);
#5214=AXIS2_PLACEMENT_3D('',#6987,#5628,#5629);
#5215=AXIS2_PLACEMENT_3D('',#6990,#5632,#5633);
#5216=AXIS2_PLACEMENT_3D('',#6992,#5635,#5636);
#5217=AXIS2_PLACEMENT_3D('',#6994,#5638,#5639);
#5218=AXIS2_PLACEMENT_3D('',#6995,#5640,#5641);
#5219=AXIS2_PLACEMENT_3D('',#6998,#5644,#5645);
#5220=AXIS2_PLACEMENT_3D('',#7000,#5647,#5648);
#5221=AXIS2_PLACEMENT_3D('',#7002,#5650,#5651);
#5222=AXIS2_PLACEMENT_3D('',#7003,#5652,#5653);
#5223=AXIS2_PLACEMENT_3D('',#7006,#5656,#5657);
#5224=AXIS2_PLACEMENT_3D('',#7008,#5659,#5660);
#5225=AXIS2_PLACEMENT_3D('',#7010,#5662,#5663);
#5226=AXIS2_PLACEMENT_3D('',#7011,#5664,#5665);
#5227=AXIS2_PLACEMENT_3D('',#7012,#5666,#5667);
#5228=AXIS2_PLACEMENT_3D('',#7013,#5668,#5669);
#5229=AXIS2_PLACEMENT_3D('',#7014,#5670,#5671);
#5230=AXIS2_PLACEMENT_3D('',#7015,#5672,#5673);
#5231=AXIS2_PLACEMENT_3D('',#7021,#5677,#5678);
#5232=AXIS2_PLACEMENT_3D('',#7025,#5681,#5682);
#5233=AXIS2_PLACEMENT_3D('',#7029,#5685,#5686);
#5234=AXIS2_PLACEMENT_3D('',#7031,#5688,#5689);
#5235=AXIS2_PLACEMENT_3D('',#7032,#5690,#5691);
#5236=AXIS2_PLACEMENT_3D('',#7033,#5692,#5693);
#5237=AXIS2_PLACEMENT_3D('',#7038,#5695,#5696);
#5238=AXIS2_PLACEMENT_3D('',#7075,#5700,#5701);
#5239=AXIS2_PLACEMENT_3D('',#7076,#5702,#5703);
#5240=AXIS2_PLACEMENT_3D('',#7080,#5705,#5706);
#5241=AXIS2_PLACEMENT_3D('',#7081,#5707,#5708);
#5242=AXIS2_PLACEMENT_3D('',#7087,#5712,#5713);
#5243=AXIS2_PLACEMENT_3D('',#7108,#5719,#5720);
#5244=AXIS2_PLACEMENT_3D('',#7111,#5722,#5723);
#5245=AXIS2_PLACEMENT_3D('',#7125,#5725,#5726);
#5246=AXIS2_PLACEMENT_3D('',#7168,#5732,#5733);
#5247=AXIS2_PLACEMENT_3D('',#7172,#5736,#5737);
#5248=AXIS2_PLACEMENT_3D('',#7202,#5742,#5743);
#5249=AXIS2_PLACEMENT_3D('',#7205,#5745,#5746);
#5250=AXIS2_PLACEMENT_3D('',#7219,#5748,#5749);
#5251=AXIS2_PLACEMENT_3D('',#7222,#5751,#5752);
#5252=AXIS2_PLACEMENT_3D('',#7223,#5753,#5754);
#5253=AXIS2_PLACEMENT_3D('',#7240,#5758,#5759);
#5254=AXIS2_PLACEMENT_3D('',#7241,#5760,#5761);
#5255=AXIS2_PLACEMENT_3D('',#7256,#5762,#5763);
#5256=AXIS2_PLACEMENT_3D('',#7523,#5782,#5783);
#5257=AXIS2_PLACEMENT_3D('',#7524,#5784,#5785);
#5258=AXIS2_PLACEMENT_3D('',#7530,#5789,#5790);
#5259=AXIS2_PLACEMENT_3D('',#7534,#5793,#5794);
#5260=AXIS2_PLACEMENT_3D('',#7538,#5797,#5798);
#5261=AXIS2_PLACEMENT_3D('',#7542,#5801,#5802);
#5262=AXIS2_PLACEMENT_3D('',#7572,#5807,#5808);
#5263=AXIS2_PLACEMENT_3D('',#7575,#5810,#5811);
#5264=AXIS2_PLACEMENT_3D('',#7576,#5812,#5813);
#5265=AXIS2_PLACEMENT_3D('',#7580,#5816,#5817);
#5266=AXIS2_PLACEMENT_3D('',#7584,#5820,#5821);
#5267=AXIS2_PLACEMENT_3D('',#7625,#5826,#5827);
#5268=AXIS2_PLACEMENT_3D('',#7641,#5830,#5831);
#5269=AXIS2_PLACEMENT_3D('',#7645,#5834,#5835);
#5270=AXIS2_PLACEMENT_3D('',#7649,#5838,#5839);
#5271=AXIS2_PLACEMENT_3D('',#7653,#5842,#5843);
#5272=AXIS2_PLACEMENT_3D('',#7657,#5846,#5847);
#5273=AXIS2_PLACEMENT_3D('',#7687,#5852,#5853);
#5274=AXIS2_PLACEMENT_3D('',#7690,#5855,#5856);
#5275=AXIS2_PLACEMENT_3D('',#7691,#5857,#5858);
#5276=AXIS2_PLACEMENT_3D('',#7695,#5861,#5862);
#5277=AXIS2_PLACEMENT_3D('',#7699,#5865,#5866);
#5278=AXIS2_PLACEMENT_3D('',#7727,#5870,#5871);
#5279=AXIS2_PLACEMENT_3D('',#7728,#5872,#5873);
#5280=AXIS2_PLACEMENT_3D('',#7734,#5877,#5878);
#5281=AXIS2_PLACEMENT_3D('',#7738,#5881,#5882);
#5282=AXIS2_PLACEMENT_3D('',#7742,#5885,#5886);
#5283=AXIS2_PLACEMENT_3D('',#7746,#5889,#5890);
#5284=AXIS2_PLACEMENT_3D('',#7750,#5893,#5894);
#5285=AXIS2_PLACEMENT_3D('',#7754,#5897,#5898);
#5286=AXIS2_PLACEMENT_3D('',#7758,#5901,#5902);
#5287=AXIS2_PLACEMENT_3D('',#7760,#5904,#5905);
#5288=AXIS2_PLACEMENT_3D('',#7761,#5906,#5907);
#5289=AXIS2_PLACEMENT_3D('',#7764,#5909,#5910);
#5290=AXIS2_PLACEMENT_3D('',#7780,#5913,#5914);
#5291=AXIS2_PLACEMENT_3D('',#7783,#5916,#5917);
#5292=AXIS2_PLACEMENT_3D('',#7797,#5919,#5920);
#5293=AXIS2_PLACEMENT_3D('',#7800,#5922,#5923);
#5294=AXIS2_PLACEMENT_3D('',#7801,#5924,#5925);
#5295=AXIS2_PLACEMENT_3D('',#7804,#5927,#5928);
#5296=AXIS2_PLACEMENT_3D('',#7805,#5929,#5930);
#5297=AXIS2_PLACEMENT_3D('',#7808,#5932,#5933);
#5298=AXIS2_PLACEMENT_3D('',#7809,#5934,#5935);
#5299=AXIS2_PLACEMENT_3D('',#7810,#5936,#5937);
#5300=AXIS2_PLACEMENT_3D('',#7811,#5938,#5939);
#5301=AXIS2_PLACEMENT_3D('',#7812,#5940,#5941);
#5302=AXIS2_PLACEMENT_3D('',#7813,#5942,#5943);
#5303=AXIS2_PLACEMENT_3D('',#7818,#5945,#5946);
#5304=AXIS2_PLACEMENT_3D('',#7872,#5951,#5952);
#5305=AXIS2_PLACEMENT_3D('',#7910,#5959,#5960);
#5306=AXIS2_PLACEMENT_3D('',#7913,#5962,#5963);
#5307=AXIS2_PLACEMENT_3D('',#7940,#5966,#5967);
#5308=AXIS2_PLACEMENT_3D('',#7944,#5970,#5971);
#5309=AXIS2_PLACEMENT_3D('',#7947,#5973,#5974);
#5310=AXIS2_PLACEMENT_3D('',#8000,#5979,#5980);
#5311=AXIS2_PLACEMENT_3D('',#8004,#5983,#5984);
#5312=AXIS2_PLACEMENT_3D('',#8008,#5987,#5988);
#5313=AXIS2_PLACEMENT_3D('',#8012,#5991,#5992);
#5314=AXIS2_PLACEMENT_3D('',#8016,#5995,#5996);
#5315=AXIS2_PLACEMENT_3D('',#8032,#5998,#5999);
#5316=AXIS2_PLACEMENT_3D('',#8087,#6004,#6005);
#5317=AXIS2_PLACEMENT_3D('',#8088,#6006,#6007);
#5318=AXIS2_PLACEMENT_3D('',#8092,#6009,#6010);
#5319=AXIS2_PLACEMENT_3D('',#8110,#6012,#6013);
#5320=AXIS2_PLACEMENT_3D('',#8116,#6017,#6018);
#5321=AXIS2_PLACEMENT_3D('',#8119,#6020,#6021);
#5322=AXIS2_PLACEMENT_3D('',#8122,#6023,#6024);
#5323=AXIS2_PLACEMENT_3D('',#8126,#6027,#6028);
#5324=AXIS2_PLACEMENT_3D('',#8143,#6032,#6033);
#5325=AXIS2_PLACEMENT_3D('',#8147,#6036,#6037);
#5326=AXIS2_PLACEMENT_3D('',#8203,#6044,#6045);
#5327=AXIS2_PLACEMENT_3D('',#8259,#6052,#6053);
#5328=AXIS2_PLACEMENT_3D('',#8262,#6055,#6056);
#5329=AXIS2_PLACEMENT_3D('',#8263,#6057,#6058);
#5330=AXIS2_PLACEMENT_3D('',#8267,#6061,#6062);
#5331=AXIS2_PLACEMENT_3D('',#8334,#6069,#6070);
#5332=AXIS2_PLACEMENT_3D('',#8337,#6073,#6074);
#5333=AXIS2_PLACEMENT_3D('',#8338,#6075,#6076);
#5334=AXIS2_PLACEMENT_3D('',#8347,#6081,#6082);
#5335=AXIS2_PLACEMENT_3D('',#8353,#6086,#6087);
#5336=AXIS2_PLACEMENT_3D('',#8410,#6094,#6095);
#5337=AXIS2_PLACEMENT_3D('',#8416,#6099,#6100);
#5338=AXIS2_PLACEMENT_3D('',#8420,#6103,#6104);
#5339=AXIS2_PLACEMENT_3D('',#8424,#6107,#6108);
#5340=AXIS2_PLACEMENT_3D('',#8428,#6111,#6112);
#5341=AXIS2_PLACEMENT_3D('',#8471,#6118,#6119);
#5342=AXIS2_PLACEMENT_3D('',#8475,#6122,#6123);
#5343=AXIS2_PLACEMENT_3D('',#8479,#6126,#6127);
#5344=AXIS2_PLACEMENT_3D('',#8483,#6130,#6131);
#5345=AXIS2_PLACEMENT_3D('',#8499,#6133,#6134);
#5346=AXIS2_PLACEMENT_3D('',#8500,#6135,#6136);
#5347=AXIS2_PLACEMENT_3D('',#8503,#6138,#6139);
#5348=AXIS2_PLACEMENT_3D('',#8506,#6141,#6142);
#5349=AXIS2_PLACEMENT_3D('',#8510,#6145,#6146);
#5350=AXIS2_PLACEMENT_3D('',#8513,#6148,#6149);
#5351=AXIS2_PLACEMENT_3D('',#8527,#6151,#6152);
#5352=AXIS2_PLACEMENT_3D('',#8531,#6155,#6156);
#5353=AXIS2_PLACEMENT_3D('',#8535,#6159,#6160);
#5354=AXIS2_PLACEMENT_3D('',#8539,#6163,#6164);
#5355=AXIS2_PLACEMENT_3D('',#8543,#6167,#6168);
#5356=AXIS2_PLACEMENT_3D('',#8558,#6171,#6172);
#5357=AXIS2_PLACEMENT_3D('',#8559,#6173,#6174);
#5358=AXIS2_PLACEMENT_3D('',#8560,#6175,#6176);
#5359=AXIS2_PLACEMENT_3D('',#8561,#6177,#6178);
#5360=AXIS2_PLACEMENT_3D('',#8562,#6179,#6180);
#5361=AXIS2_PLACEMENT_3D('',#8563,#6181,#6182);
#5362=AXIS2_PLACEMENT_3D('',#8564,#6183,#6184);
#5363=AXIS2_PLACEMENT_3D('',#8570,#6188,#6189);
#5364=AXIS2_PLACEMENT_3D('',#8574,#6192,#6193);
#5365=AXIS2_PLACEMENT_3D('',#8578,#6196,#6197);
#5366=AXIS2_PLACEMENT_3D('',#8582,#6200,#6201);
#5367=AXIS2_PLACEMENT_3D('',#8586,#6204,#6205);
#5368=AXIS2_PLACEMENT_3D('',#8590,#6208,#6209);
#5369=AXIS2_PLACEMENT_3D('',#8594,#6212,#6213);
#5370=AXIS2_PLACEMENT_3D('',#8598,#6216,#6217);
#5371=AXIS2_PLACEMENT_3D('',#8602,#6220,#6221);
#5372=AXIS2_PLACEMENT_3D('',#8606,#6224,#6225);
#5373=AXIS2_PLACEMENT_3D('',#8610,#6228,#6229);
#5374=AXIS2_PLACEMENT_3D('',#8614,#6232,#6233);
#5375=AXIS2_PLACEMENT_3D('',#8618,#6236,#6237);
#5376=AXIS2_PLACEMENT_3D('',#8622,#6240,#6241);
#5377=AXIS2_PLACEMENT_3D('',#8624,#6243,#6244);
#5378=AXIS2_PLACEMENT_3D('',#8625,#6245,#6246);
#5379=AXIS2_PLACEMENT_3D('',#8634,#6251,#6252);
#5380=AXIS2_PLACEMENT_3D('',#8640,#6256,#6257);
#5381=AXIS2_PLACEMENT_3D('',#8697,#6264,#6265);
#5382=AXIS2_PLACEMENT_3D('',#8703,#6269,#6270);
#5383=AXIS2_PLACEMENT_3D('',#8759,#6277,#6278);
#5384=AXIS2_PLACEMENT_3D('',#8763,#6281,#6282);
#5385=AXIS2_PLACEMENT_3D('',#8767,#6285,#6286);
#5386=AXIS2_PLACEMENT_3D('',#8783,#6288,#6289);
#5387=AXIS2_PLACEMENT_3D('',#8784,#6290,#6291);
#5388=AXIS2_PLACEMENT_3D('',#8793,#6296,#6297);
#5389=AXIS2_PLACEMENT_3D('',#8799,#6301,#6302);
#5390=AXIS2_PLACEMENT_3D('',#8805,#6306,#6307);
#5391=AXIS2_PLACEMENT_3D('',#8809,#6310,#6311);
#5392=AXIS2_PLACEMENT_3D('',#8813,#6314,#6315);
#5393=AXIS2_PLACEMENT_3D('',#8817,#6318,#6319);
#5394=AXIS2_PLACEMENT_3D('',#8821,#6322,#6323);
#5395=AXIS2_PLACEMENT_3D('',#8825,#6326,#6327);
#5396=AXIS2_PLACEMENT_3D('',#8829,#6330,#6331);
#5397=AXIS2_PLACEMENT_3D('',#8831,#6333,#6334);
#5398=AXIS2_PLACEMENT_3D('',#8834,#6337,#6338);
#5399=AXIS2_PLACEMENT_3D('',#8835,#6339,#6340);
#5400=AXIS2_PLACEMENT_3D('',#8841,#6344,#6345);
#5401=AXIS2_PLACEMENT_3D('',#8845,#6348,#6349);
#5402=AXIS2_PLACEMENT_3D('',#8849,#6352,#6353);
#5403=AXIS2_PLACEMENT_3D('',#8853,#6356,#6357);
#5404=AXIS2_PLACEMENT_3D('',#8857,#6360,#6361);
#5405=AXIS2_PLACEMENT_3D('',#8861,#6364,#6365);
#5406=AXIS2_PLACEMENT_3D('',#8865,#6368,#6369);
#5407=AXIS2_PLACEMENT_3D('',#8869,#6372,#6373);
#5408=AXIS2_PLACEMENT_3D('',#8873,#6376,#6377);
#5409=AXIS2_PLACEMENT_3D('',#8877,#6380,#6381);
#5410=AXIS2_PLACEMENT_3D('',#8881,#6384,#6385);
#5411=AXIS2_PLACEMENT_3D('',#8885,#6388,#6389);
#5412=AXIS2_PLACEMENT_3D('',#8889,#6392,#6393);
#5413=AXIS2_PLACEMENT_3D('',#8893,#6396,#6397);
#5414=AXIS2_PLACEMENT_3D('',#8895,#6399,#6400);
#5415=AXIS2_PLACEMENT_3D('',#8896,#6401,#6402);
#5416=AXIS2_PLACEMENT_3D('',#8897,#6403,#6404);
#5417=DIRECTION('',(0.,0.,1.));
#5418=DIRECTION('',(1.,0.,0.));
#5419=DIRECTION('',(0.,0.,1.));
#5420=DIRECTION('',(1.,0.,0.));
#5421=DIRECTION('',(0.00348025734530797,0.999993943886067,0.));
#5422=DIRECTION('',(-0.9848761963443,0.17325956791584,0.));
#5423=DIRECTION('',(0.,1.,0.));
#5424=DIRECTION('',(0.985259395323897,-0.171067015891402,0.));
#5425=DIRECTION('',(-0.00188205438319066,-0.999998228934081,0.));
#5426=DIRECTION('',(0.,1.,0.));
#5427=DIRECTION('',(0.,0.,1.));
#5428=DIRECTION('',(1.,0.,0.));
#5429=DIRECTION('',(-0.0145263121679607,-0.999894487560962,0.));
#5430=DIRECTION('',(0.977306531520936,-0.211829987127692,0.));
#5431=DIRECTION('',(0.,0.,1.));
#5432=DIRECTION('',(1.,0.,0.));
#5433=DIRECTION('',(-0.00339364561617958,0.999994241568136,0.));
#5434=DIRECTION('',(-0.987444437621395,0.157966713615774,0.));
#5435=DIRECTION('',(-0.996815278536126,0.0797452222828816,0.));
#5436=DIRECTION('',(-0.998709769371662,0.0507818526798867,0.));
#5437=DIRECTION('',(0.,0.,1.));
#5438=DIRECTION('',(1.,0.,0.));
#5439=DIRECTION('',(0.,0.,1.));
#5440=DIRECTION('',(1.,0.,0.));
#5441=DIRECTION('',(0.,0.,1.));
#5442=DIRECTION('',(1.,0.,0.));
#5443=DIRECTION('',(0.,0.,1.));
#5444=DIRECTION('',(1.,0.,0.));
#5445=DIRECTION('',(0.,0.,1.));
#5446=DIRECTION('',(1.,0.,0.));
#5447=DIRECTION('',(0.,0.,1.));
#5448=DIRECTION('',(1.,0.,0.));
#5449=DIRECTION('',(-0.984770494380399,0.173859349469002,0.));
#5450=DIRECTION('',(0.,1.,0.));
#5451=DIRECTION('',(-0.98535638496622,0.170507462025281,0.));
#5452=DIRECTION('',(0.,1.,0.));
#5453=DIRECTION('',(0.98535638496622,-0.17050746202528,0.));
#5454=DIRECTION('',(0.,1.,0.));
#5455=DIRECTION('',(0.984770494380399,-0.173859349469004,0.));
#5456=DIRECTION('',(0.,-1.,0.));
#5457=DIRECTION('',(0.983188736076488,-0.182592193842775,0.));
#5458=DIRECTION('',(0.986357331108439,-0.164618393166246,0.));
#5459=DIRECTION('',(0.,-1.,0.));
#5460=DIRECTION('',(-0.985966115074026,0.166945559766745,0.));
#5461=DIRECTION('',(0.,0.,1.));
#5462=DIRECTION('',(1.,0.,0.));
#5463=DIRECTION('',(0.984923879459613,-0.172988299229242,0.));
#5464=DIRECTION('',(0.,-1.,0.));
#5465=DIRECTION('',(-0.985211754819675,0.171341174751247,0.));
#5466=DIRECTION('',(0.,1.,0.));
#5467=DIRECTION('',(0.00363633959452965,-0.999993388495321,0.));
#5468=DIRECTION('',(-0.982872186934321,0.184288535050187,0.));
#5469=DIRECTION('',(-0.986566999590605,0.163357140397327,0.));
#5470=DIRECTION('',(0.,1.,0.));
#5471=DIRECTION('',(0.986232956182644,-0.165361894459526,0.));
#5472=DIRECTION('',(0.,0.,1.));
#5473=DIRECTION('',(1.,0.,0.));
#5474=DIRECTION('',(-0.98474201685827,0.17402057416842,0.));
#5475=DIRECTION('',(0.,1.,0.));
#5476=DIRECTION('',(0.985260906546829,-0.171058311784379,0.));
#5477=DIRECTION('',(-0.985260906546829,0.171058311784379,0.));
#5478=DIRECTION('',(0.,1.,0.));
#5479=DIRECTION('',(0.985211754819675,-0.171341174751247,0.));
#5480=DIRECTION('',(0.,-1.,0.));
#5481=DIRECTION('',(-1.82602471155453E-16,1.,0.));
#5482=DIRECTION('',(-1.,0.,0.));
#5483=DIRECTION('',(-2.28253088944317E-16,1.,0.));
#5484=DIRECTION('',(-1.,-4.33680868994202E-16,0.));
#5485=DIRECTION('',(-1.,-1.23908819712629E-16,0.));
#5486=DIRECTION('',(2.78794844353415E-16,-1.,0.));
#5487=DIRECTION('',(-1.,-1.23908819712629E-16,0.));
#5488=DIRECTION('',(2.47817639425258E-16,-1.,0.));
#5489=DIRECTION('',(-1.,-2.47817639425258E-16,0.));
#5490=DIRECTION('',(3.09772049281573E-16,-1.,0.));
#5491=DIRECTION('',(-1.,-1.23908819712629E-16,0.));
#5492=DIRECTION('',(2.47817639425258E-16,-1.,0.));
#5493=DIRECTION('',(1.,0.,0.));
#5494=DIRECTION('',(9.92688684393023E-17,-1.,0.));
#5495=DIRECTION('',(1.,0.,0.));
#5496=DIRECTION('',(9.92688684393023E-17,-1.,0.));
#5497=DIRECTION('',(0.,0.,1.));
#5498=DIRECTION('',(1.,0.,0.));
#5499=DIRECTION('',(0.,0.,1.));
#5500=DIRECTION('',(1.,0.,0.));
#5501=DIRECTION('',(0.,0.,1.));
#5502=DIRECTION('',(1.,0.,0.));
#5503=DIRECTION('',(0.,0.,1.));
#5504=DIRECTION('',(1.,0.,0.));
#5505=DIRECTION('',(0.,0.,1.));
#5506=DIRECTION('',(1.,0.,0.));
#5507=DIRECTION('',(0.,0.,1.));
#5508=DIRECTION('',(1.,0.,0.));
#5509=DIRECTION('',(0.,0.,1.));
#5510=DIRECTION('',(1.,0.,0.));
#5511=DIRECTION('',(0.997418034356914,-0.0718140984737004,0.));
#5512=DIRECTION('',(0.,0.,1.));
#5513=DIRECTION('',(1.,0.,0.));
#5514=DIRECTION('',(0.,0.,1.));
#5515=DIRECTION('',(1.,0.,0.));
#5516=DIRECTION('',(-0.991629186243502,0.129118383625455,0.));
#5517=DIRECTION('',(0.,1.,0.));
#5518=DIRECTION('',(-0.77782417973515,-0.628481937225997,0.));
#5519=DIRECTION('',(0.,0.,1.));
#5520=DIRECTION('',(1.,0.,0.));
#5521=DIRECTION('',(0.982204219253504,-0.187816058101045,0.));
#5522=DIRECTION('',(0.,-1.,0.));
#5523=DIRECTION('',(-0.985308020399641,0.170786723535937,0.));
#5524=DIRECTION('',(0.,1.,0.));
#5525=DIRECTION('',(0.990646587441736,-0.136452697994736,0.));
#5526=DIRECTION('',(0.,0.,1.));
#5527=DIRECTION('',(1.,0.,0.));
#5528=DIRECTION('',(0.991949779603849,-0.126631886757942,0.));
#5529=DIRECTION('',(0.951778591549749,0.306785776507933,0.));
#5530=DIRECTION('',(0.,1.,0.));
#5531=DIRECTION('',(-0.985085636952164,0.172064778123096,0.));
#5532=DIRECTION('',(0.,1.,0.));
#5533=DIRECTION('',(0.985259395323897,-0.171067015891401,0.));
#5534=DIRECTION('',(-0.00199070607539909,-0.999998018542698,0.));
#5535=DIRECTION('',(-0.944882629569249,-0.327409249011543,0.));
#5536=DIRECTION('',(-1.,0.,0.));
#5537=DIRECTION('',(0.,1.,0.));
#5538=DIRECTION('',(-0.991707875751595,0.128512603165057,0.));
#5539=DIRECTION('',(0.,0.,1.));
#5540=DIRECTION('',(1.,0.,0.));
#5541=DIRECTION('',(-0.984823852695211,0.173556847063322,0.));
#5542=DIRECTION('',(0.,1.,0.));
#5543=DIRECTION('',(0.985211754819675,-0.171341174751247,0.));
#5544=DIRECTION('',(0.00362316462434001,-0.999993436317511,0.));
#5545=DIRECTION('',(-0.981216633032319,0.19290909532917,0.));
#5546=DIRECTION('',(0.,0.,1.));
#5547=DIRECTION('',(1.,0.,0.));
#5548=DIRECTION('',(0.,-1.,0.));
#5549=DIRECTION('',(-0.985829602944932,-0.16774979570014,0.));
#5550=DIRECTION('',(0.888794572988111,-0.458305800778129,0.));
#5551=DIRECTION('',(0.,-1.,0.));
#5552=DIRECTION('',(-0.985259395323897,0.171067015891402,0.));
#5553=DIRECTION('',(0.,1.,0.));
#5554=DIRECTION('',(0.985284148365902,-0.17092438965484,0.));
#5555=DIRECTION('',(0.976796055725364,-0.21417157962571,0.));
#5556=DIRECTION('',(-0.88540338741265,0.464823452031205,0.));
#5557=DIRECTION('',(0.,1.,0.));
#5558=DIRECTION('',(0.984621676935974,0.174700181189919,0.));
#5559=DIRECTION('',(-0.991560888694482,0.129641829713289,0.));
#5560=DIRECTION('',(-0.984957024646314,0.172799478008126,0.));
#5561=DIRECTION('',(0.,1.,0.));
#5562=DIRECTION('',(0.985259395323897,-0.171067015891402,0.));
#5563=DIRECTION('',(0.988577909658866,0.150710704777418,0.));
#5564=DIRECTION('',(0.,1.,0.));
#5565=DIRECTION('',(-0.894427190999916,0.447213595499958,0.));
#5566=DIRECTION('',(0.,1.,0.));
#5567=DIRECTION('',(0.882003908344378,-0.471242088172568,0.));
#5568=DIRECTION('',(0.,-1.,0.));
#5569=DIRECTION('',(-0.982365013159359,-0.186973209098023,0.));
#5570=DIRECTION('',(0.,1.,0.));
#5571=DIRECTION('',(0.,-1.,0.));
#5572=DIRECTION('',(-0.985829602944931,-0.16774979570014,0.));
#5573=DIRECTION('',(0.888794572988111,-0.458305800778129,0.));
#5574=DIRECTION('',(0.,-1.,0.));
#5575=DIRECTION('',(-0.985259395323897,0.171067015891402,0.));
#5576=DIRECTION('',(0.,1.,0.));
#5577=DIRECTION('',(0.985284148365902,-0.17092438965484,0.));
#5578=DIRECTION('',(0.976796055725364,-0.21417157962571,0.));
#5579=DIRECTION('',(-0.88540338741265,0.464823452031205,0.));
#5580=DIRECTION('',(0.,1.,0.));
#5581=DIRECTION('',(0.984621676935974,0.17470018118992,0.));
#5582=DIRECTION('',(-0.991560888694482,0.12964182971329,0.));
#5583=DIRECTION('',(-0.984957024646314,0.172799478008125,0.));
#5584=DIRECTION('',(0.,1.,0.));
#5585=DIRECTION('',(0.985259395323897,-0.171067015891402,0.));
#5586=DIRECTION('',(0.,0.,1.));
#5587=DIRECTION('',(1.,0.,0.));
#5588=DIRECTION('',(0.,0.,-1.));
#5589=DIRECTION('',(-1.,0.,0.));
#5590=DIRECTION('',(0.,0.,-1.));
#5591=DIRECTION('',(-1.,0.,0.));
#5592=DIRECTION('',(0.,0.,-1.));
#5593=DIRECTION('',(-1.,0.,0.));
#5594=DIRECTION('',(0.,0.,-1.));
#5595=DIRECTION('',(-1.,0.,0.));
#5596=DIRECTION('',(2.78794844353415E-16,-1.,0.));
#5597=DIRECTION('',(-1.,-1.23908819712629E-16,0.));
#5598=DIRECTION('',(2.47817639425258E-16,-1.,0.));
#5599=DIRECTION('',(-1.,-1.23908819712629E-16,0.));
#5600=DIRECTION('',(1.,0.,0.));
#5601=DIRECTION('',(9.92688684393023E-17,-1.,0.));
#5602=DIRECTION('',(1.,0.,0.));
#5603=DIRECTION('',(9.92688684393023E-17,-1.,0.));
#5604=DIRECTION('',(0.,0.,1.));
#5605=DIRECTION('',(1.,0.,0.));
#5606=DIRECTION('',(3.09772049281573E-16,-1.,0.));
#5607=DIRECTION('',(-1.,-2.47817639425258E-16,0.));
#5608=DIRECTION('',(2.47817639425258E-16,-1.,0.));
#5609=DIRECTION('',(-1.,-1.23908819712629E-16,0.));
#5610=DIRECTION('',(-1.,0.,0.));
#5611=DIRECTION('',(-1.82602471155453E-16,1.,0.));
#5612=DIRECTION('',(-1.,-4.33680868994202E-16,0.));
#5613=DIRECTION('',(-2.28253088944317E-16,1.,0.));
#5614=DIRECTION('',(0.,1.,0.));
#5615=DIRECTION('',(0.,0.,1.));
#5616=DIRECTION('',(0.,0.,-1.));
#5617=DIRECTION('',(0.,0.,-1.));
#5618=DIRECTION('',(1.,9.92688684393023E-17,0.));
#5619=DIRECTION('',(-9.92688684393023E-17,1.,0.));
#5620=DIRECTION('',(0.,0.,-1.));
#5621=DIRECTION('',(0.,1.,0.));
#5622=DIRECTION('',(0.,0.,1.));
#5623=DIRECTION('',(0.,0.,-1.));
#5624=DIRECTION('',(1.,9.92688684393023E-17,0.));
#5625=DIRECTION('',(-9.92688684393023E-17,1.,0.));
#5626=DIRECTION('',(0.,0.,1.));
#5627=DIRECTION('',(1.,0.,0.));
#5628=DIRECTION('',(-1.,-3.09772049281573E-16,0.));
#5629=DIRECTION('',(3.09772049281573E-16,-1.,0.));
#5630=DIRECTION('',(0.,0.,1.));
#5631=DIRECTION('',(0.,0.,1.));
#5632=DIRECTION('',(-2.47817639425258E-16,1.,0.));
#5633=DIRECTION('',(-1.,-2.47817639425258E-16,0.));
#5634=DIRECTION('',(0.,0.,1.));
#5635=DIRECTION('',(-1.,-2.47817639425258E-16,0.));
#5636=DIRECTION('',(2.47817639425258E-16,-1.,0.));
#5637=DIRECTION('',(0.,0.,1.));
#5638=DIRECTION('',(-1.23908819712629E-16,1.,0.));
#5639=DIRECTION('',(-1.,-1.23908819712629E-16,0.));
#5640=DIRECTION('',(-1.,-2.78794844353415E-16,0.));
#5641=DIRECTION('',(2.78794844353415E-16,-1.,0.));
#5642=DIRECTION('',(0.,0.,1.));
#5643=DIRECTION('',(0.,0.,1.));
#5644=DIRECTION('',(-1.23908819712629E-16,1.,0.));
#5645=DIRECTION('',(-1.,-1.23908819712629E-16,0.));
#5646=DIRECTION('',(0.,0.,1.));
#5647=DIRECTION('',(-1.,-2.47817639425258E-16,0.));
#5648=DIRECTION('',(2.47817639425258E-16,-1.,0.));
#5649=DIRECTION('',(0.,0.,1.));
#5650=DIRECTION('',(-1.23908819712629E-16,1.,0.));
#5651=DIRECTION('',(-1.,-1.23908819712629E-16,0.));
#5652=DIRECTION('',(0.,1.,0.));
#5653=DIRECTION('',(0.,0.,1.));
#5654=DIRECTION('',(0.,0.,1.));
#5655=DIRECTION('',(0.,0.,1.));
#5656=DIRECTION('',(1.,1.82602471155453E-16,0.));
#5657=DIRECTION('',(-1.82602471155453E-16,1.,0.));
#5658=DIRECTION('',(0.,0.,1.));
#5659=DIRECTION('',(-4.33680868994202E-16,1.,0.));
#5660=DIRECTION('',(-1.,-4.33680868994202E-16,0.));
#5661=DIRECTION('',(0.,0.,1.));
#5662=DIRECTION('',(1.,2.28253088944317E-16,0.));
#5663=DIRECTION('',(-2.28253088944317E-16,1.,0.));
#5664=DIRECTION('',(0.,0.,-1.));
#5665=DIRECTION('',(-1.,0.,0.));
#5666=DIRECTION('',(0.,0.,-1.));
#5667=DIRECTION('',(-1.,0.,0.));
#5668=DIRECTION('',(0.,0.,-1.));
#5669=DIRECTION('',(-1.,0.,0.));
#5670=DIRECTION('',(0.,0.,-1.));
#5671=DIRECTION('',(-1.,0.,0.));
#5672=DIRECTION('',(1.,0.,0.));
#5673=DIRECTION('',(0.,0.,-1.));
#5674=DIRECTION('',(0.,0.,1.));
#5675=DIRECTION('',(0.,1.,0.));
#5676=DIRECTION('',(0.,0.,1.));
#5677=DIRECTION('',(0.171058311784379,0.985260906546828,0.));
#5678=DIRECTION('',(-0.985260906546828,0.171058311784379,0.));
#5679=DIRECTION('',(0.,0.,1.));
#5680=DIRECTION('',(-0.985260906546829,0.171058311784379,0.));
#5681=DIRECTION('',(-1.,0.,0.));
#5682=DIRECTION('',(0.,0.,1.));
#5683=DIRECTION('',(0.,0.,1.));
#5684=DIRECTION('',(0.,-1.,0.));
#5685=DIRECTION('',(-0.171341174751247,-0.985211754819675,0.));
#5686=DIRECTION('',(0.985211754819675,-0.171341174751247,0.));
#5687=DIRECTION('',(0.985211754819675,-0.171341174751247,0.));
#5688=DIRECTION('',(0.,0.,1.));
#5689=DIRECTION('',(1.,0.,0.));
#5690=DIRECTION('',(0.,0.,1.));
#5691=DIRECTION('',(0.942832041870347,0.333268271551001,0.));
#5692=DIRECTION('',(0.,0.,1.));
#5693=DIRECTION('',(1.,0.,0.));
#5694=DIRECTION('',(0.,0.,1.));
#5695=DIRECTION('',(0.,0.,1.));
#5696=DIRECTION('',(1.,0.,0.));
#5697=DIRECTION('',(0.,0.,1.));
#5698=DIRECTION('',(0.,0.,1.));
#5699=DIRECTION('',(0.,0.,1.));
#5700=DIRECTION('',(0.,0.,1.));
#5701=DIRECTION('',(-0.00991909570297001,-0.999950804560122,0.));
#5702=DIRECTION('',(0.,0.,1.));
#5703=DIRECTION('',(1.,0.,0.));
#5704=DIRECTION('',(0.,0.,1.));
#5705=DIRECTION('',(0.,0.,1.));
#5706=DIRECTION('',(1.,0.,0.));
#5707=DIRECTION('',(-0.214407294842587,-0.976744343171889,0.));
#5708=DIRECTION('',(0.976744343171889,-0.214407294842587,0.));
#5709=DIRECTION('',(0.976744343171889,-0.214407294842587,0.));
#5710=DIRECTION('',(0.,0.,1.));
#5711=DIRECTION('',(0.976744343171889,-0.214407294842587,0.));
#5712=DIRECTION('',(-1.,0.,0.));
#5713=DIRECTION('',(0.,0.,1.));
#5714=DIRECTION('',(0.,-1.,0.));
#5715=DIRECTION('',(0.,0.,1.));
#5716=DIRECTION('',(0.,-1.,0.));
#5717=DIRECTION('',(0.,0.,1.));
#5718=DIRECTION('',(0.,0.,1.));
#5719=DIRECTION('',(0.,0.,1.));
#5720=DIRECTION('',(-0.980071804369714,-0.198643545778596,0.));
#5721=DIRECTION('',(0.,0.,1.));
#5722=DIRECTION('',(0.,0.,1.));
#5723=DIRECTION('',(1.,0.,0.));
#5724=DIRECTION('',(0.,0.,1.));
#5725=DIRECTION('',(-0.628481937225997,0.77782417973515,0.));
#5726=DIRECTION('',(-0.77782417973515,-0.628481937225997,0.));
#5727=DIRECTION('',(0.,0.,1.));
#5728=DIRECTION('',(-0.77782417973515,-0.628481937225997,0.));
#5729=DIRECTION('',(0.,0.,1.));
#5730=DIRECTION('',(0.,0.,1.));
#5731=DIRECTION('',(0.,0.,1.));
#5732=DIRECTION('',(1.,0.,0.));
#5733=DIRECTION('',(0.,0.,-1.));
#5734=DIRECTION('',(0.,0.,1.));
#5735=DIRECTION('',(0.,1.,0.));
#5736=DIRECTION('',(0.129118383625455,0.991629186243502,0.));
#5737=DIRECTION('',(-0.991629186243502,0.129118383625455,0.));
#5738=DIRECTION('',(0.,0.,1.));
#5739=DIRECTION('',(-0.991629186243502,0.129118383625455,0.));
#5740=DIRECTION('',(0.,0.,1.));
#5741=DIRECTION('',(0.,0.,1.));
#5742=DIRECTION('',(0.,0.,1.));
#5743=DIRECTION('',(0.969015877964582,0.246998437753218,0.));
#5744=DIRECTION('',(0.,0.,1.));
#5745=DIRECTION('',(0.,0.,1.));
#5746=DIRECTION('',(1.,0.,0.));
#5747=DIRECTION('',(0.,0.,1.));
#5748=DIRECTION('',(0.,0.,1.));
#5749=DIRECTION('',(0.303925594066473,0.952695771624574,0.));
#5750=DIRECTION('',(0.,0.,1.));
#5751=DIRECTION('',(0.,0.,1.));
#5752=DIRECTION('',(1.,0.,0.));
#5753=DIRECTION('',(-0.0718140984737004,-0.997418034356914,0.));
#5754=DIRECTION('',(0.997418034356914,-0.0718140984737004,0.));
#5755=DIRECTION('',(0.,0.,1.));
#5756=DIRECTION('',(0.997418034356914,-0.0718140984737004,0.));
#5757=DIRECTION('',(0.,0.,1.));
#5758=DIRECTION('',(0.,0.,1.));
#5759=DIRECTION('',(-0.656918790672225,0.753961340163898,0.));
#5760=DIRECTION('',(0.,0.,1.));
#5761=DIRECTION('',(1.,0.,0.));
#5762=DIRECTION('',(0.,0.,1.));
#5763=DIRECTION('',(1.,0.,0.));
#5764=DIRECTION('',(0.,0.,1.));
#5765=DIRECTION('',(0.,0.,1.));
#5766=DIRECTION('',(0.,0.,1.));
#5767=DIRECTION('',(0.,0.,1.));
#5768=DIRECTION('',(0.,0.,1.));
#5769=DIRECTION('',(0.,0.,1.));
#5770=DIRECTION('',(0.,0.,1.));
#5771=DIRECTION('',(0.,0.,1.));
#5772=DIRECTION('',(0.,0.,1.));
#5773=DIRECTION('',(0.,0.,1.));
#5774=DIRECTION('',(0.,0.,1.));
#5775=DIRECTION('',(0.,0.,1.));
#5776=DIRECTION('',(0.,0.,1.));
#5777=DIRECTION('',(0.,0.,1.));
#5778=DIRECTION('',(0.,0.,1.));
#5779=DIRECTION('',(0.,0.,1.));
#5780=DIRECTION('',(0.,0.,1.));
#5781=DIRECTION('',(0.,0.,1.));
#5782=DIRECTION('',(0.,0.,1.));
#5783=DIRECTION('',(1.,0.,0.));
#5784=DIRECTION('',(0.184288535050187,0.982872186934322,0.));
#5785=DIRECTION('',(-0.982872186934321,0.184288535050187,0.));
#5786=DIRECTION('',(0.,0.,1.));
#5787=DIRECTION('',(-0.982872186934321,0.184288535050187,0.));
#5788=DIRECTION('',(0.,0.,1.));
#5789=DIRECTION('',(-0.999993388495321,-0.00363633959452965,0.));
#5790=DIRECTION('',(0.00363633959452965,-0.999993388495321,0.));
#5791=DIRECTION('',(0.,0.,1.));
#5792=DIRECTION('',(0.00363633959452965,-0.999993388495321,0.));
#5793=DIRECTION('',(-0.171058311784379,-0.985260906546828,0.));
#5794=DIRECTION('',(0.985260906546828,-0.171058311784379,0.));
#5795=DIRECTION('',(0.,0.,1.));
#5796=DIRECTION('',(0.985260906546829,-0.171058311784379,0.));
#5797=DIRECTION('',(1.,0.,0.));
#5798=DIRECTION('',(0.,0.,-1.));
#5799=DIRECTION('',(0.,0.,1.));
#5800=DIRECTION('',(0.,1.,0.));
#5801=DIRECTION('',(0.17402057416842,0.98474201685827,0.));
#5802=DIRECTION('',(-0.98474201685827,0.17402057416842,0.));
#5803=DIRECTION('',(0.,0.,1.));
#5804=DIRECTION('',(-0.98474201685827,0.17402057416842,0.));
#5805=DIRECTION('',(0.,0.,1.));
#5806=DIRECTION('',(0.,0.,1.));
#5807=DIRECTION('',(0.,0.,1.));
#5808=DIRECTION('',(-0.0278305350567408,-0.999612655641402,0.));
#5809=DIRECTION('',(0.,0.,1.));
#5810=DIRECTION('',(0.,0.,1.));
#5811=DIRECTION('',(1.,0.,0.));
#5812=DIRECTION('',(-0.165361894459526,-0.986232956182644,0.));
#5813=DIRECTION('',(0.986232956182644,-0.165361894459526,0.));
#5814=DIRECTION('',(0.,0.,1.));
#5815=DIRECTION('',(0.986232956182644,-0.165361894459526,0.));
#5816=DIRECTION('',(1.,0.,0.));
#5817=DIRECTION('',(0.,0.,-1.));
#5818=DIRECTION('',(0.,0.,1.));
#5819=DIRECTION('',(0.,1.,0.));
#5820=DIRECTION('',(0.163357140397327,0.986566999590605,0.));
#5821=DIRECTION('',(-0.986566999590605,0.163357140397327,0.));
#5822=DIRECTION('',(0.,0.,1.));
#5823=DIRECTION('',(-0.986566999590605,0.163357140397327,0.));
#5824=DIRECTION('',(0.,0.,1.));
#5825=DIRECTION('',(0.,0.,1.));
#5826=DIRECTION('',(0.,0.,1.));
#5827=DIRECTION('',(1.,0.,0.));
#5828=DIRECTION('',(0.,0.,1.));
#5829=DIRECTION('',(0.,0.,1.));
#5830=DIRECTION('',(-0.182592193842775,-0.983188736076488,0.));
#5831=DIRECTION('',(0.983188736076488,-0.182592193842775,0.));
#5832=DIRECTION('',(0.,0.,1.));
#5833=DIRECTION('',(0.983188736076488,-0.182592193842775,0.));
#5834=DIRECTION('',(1.,0.,0.));
#5835=DIRECTION('',(0.,0.,-1.));
#5836=DIRECTION('',(0.,0.,1.));
#5837=DIRECTION('',(0.,1.,0.));
#5838=DIRECTION('',(0.171341174751247,0.985211754819675,0.));
#5839=DIRECTION('',(-0.985211754819675,0.171341174751247,0.));
#5840=DIRECTION('',(0.,0.,1.));
#5841=DIRECTION('',(-0.985211754819675,0.171341174751247,0.));
#5842=DIRECTION('',(-1.,0.,0.));
#5843=DIRECTION('',(0.,0.,1.));
#5844=DIRECTION('',(0.,0.,1.));
#5845=DIRECTION('',(0.,-1.,0.));
#5846=DIRECTION('',(-0.172988299229242,-0.984923879459613,0.));
#5847=DIRECTION('',(0.984923879459613,-0.172988299229242,0.));
#5848=DIRECTION('',(0.,0.,1.));
#5849=DIRECTION('',(0.984923879459613,-0.172988299229242,0.));
#5850=DIRECTION('',(0.,0.,1.));
#5851=DIRECTION('',(0.,0.,1.));
#5852=DIRECTION('',(0.,0.,1.));
#5853=DIRECTION('',(0.01285396362333,0.999917384396916,0.));
#5854=DIRECTION('',(0.,0.,1.));
#5855=DIRECTION('',(0.,0.,1.));
#5856=DIRECTION('',(1.,0.,0.));
#5857=DIRECTION('',(0.166945559766745,0.985966115074026,0.));
#5858=DIRECTION('',(-0.985966115074026,0.166945559766745,0.));
#5859=DIRECTION('',(0.,0.,1.));
#5860=DIRECTION('',(-0.985966115074026,0.166945559766745,0.));
#5861=DIRECTION('',(-1.,0.,0.));
#5862=DIRECTION('',(0.,0.,1.));
#5863=DIRECTION('',(0.,0.,1.));
#5864=DIRECTION('',(0.,-1.,0.));
#5865=DIRECTION('',(-0.164618393166246,-0.986357331108439,0.));
#5866=DIRECTION('',(0.986357331108439,-0.164618393166246,0.));
#5867=DIRECTION('',(0.,0.,1.));
#5868=DIRECTION('',(0.986357331108439,-0.164618393166246,0.));
#5869=DIRECTION('',(0.,0.,1.));
#5870=DIRECTION('',(0.,0.,1.));
#5871=DIRECTION('',(1.,0.,0.));
#5872=DIRECTION('',(1.,0.,0.));
#5873=DIRECTION('',(0.,0.,-1.));
#5874=DIRECTION('',(0.,0.,1.));
#5875=DIRECTION('',(0.,1.,0.));
#5876=DIRECTION('',(0.,0.,1.));
#5877=DIRECTION('',(0.173859349469002,0.984770494380399,0.));
#5878=DIRECTION('',(-0.984770494380399,0.173859349469002,0.));
#5879=DIRECTION('',(0.,0.,1.));
#5880=DIRECTION('',(-0.984770494380399,0.173859349469002,0.));
#5881=DIRECTION('',(-1.,0.,0.));
#5882=DIRECTION('',(0.,0.,1.));
#5883=DIRECTION('',(0.,0.,1.));
#5884=DIRECTION('',(0.,-1.,0.));
#5885=DIRECTION('',(-0.173859349469004,-0.984770494380398,0.));
#5886=DIRECTION('',(0.984770494380399,-0.173859349469004,0.));
#5887=DIRECTION('',(0.,0.,1.));
#5888=DIRECTION('',(0.984770494380399,-0.173859349469004,0.));
#5889=DIRECTION('',(1.,0.,0.));
#5890=DIRECTION('',(0.,0.,-1.));
#5891=DIRECTION('',(0.,0.,1.));
#5892=DIRECTION('',(0.,1.,0.));
#5893=DIRECTION('',(-0.17050746202528,-0.98535638496622,0.));
#5894=DIRECTION('',(0.98535638496622,-0.17050746202528,0.));
#5895=DIRECTION('',(0.,0.,1.));
#5896=DIRECTION('',(0.98535638496622,-0.17050746202528,0.));
#5897=DIRECTION('',(1.,0.,0.));
#5898=DIRECTION('',(0.,0.,-1.));
#5899=DIRECTION('',(0.,0.,1.));
#5900=DIRECTION('',(0.,1.,0.));
#5901=DIRECTION('',(0.170507462025281,0.98535638496622,0.));
#5902=DIRECTION('',(-0.98535638496622,0.170507462025281,0.));
#5903=DIRECTION('',(-0.98535638496622,0.170507462025281,0.));
#5904=DIRECTION('',(0.,0.,1.));
#5905=DIRECTION('',(1.,0.,0.));
#5906=DIRECTION('',(0.,0.,1.));
#5907=DIRECTION('',(0.372791734478088,0.92791504067173,0.));
#5908=DIRECTION('',(0.,0.,1.));
#5909=DIRECTION('',(0.,0.,1.));
#5910=DIRECTION('',(1.,0.,0.));
#5911=DIRECTION('',(0.,0.,1.));
#5912=DIRECTION('',(0.,0.,1.));
#5913=DIRECTION('',(0.,0.,1.));
#5914=DIRECTION('',(-0.945141088905117,0.326662397687963,0.));
#5915=DIRECTION('',(0.,0.,1.));
#5916=DIRECTION('',(0.,0.,1.));
#5917=DIRECTION('',(1.,0.,0.));
#5918=DIRECTION('',(0.,0.,1.));
#5919=DIRECTION('',(0.,0.,1.));
#5920=DIRECTION('',(-0.357030543203387,-0.934092710184538,0.));
#5921=DIRECTION('',(0.,0.,1.));
#5922=DIRECTION('',(0.,0.,1.));
#5923=DIRECTION('',(1.,0.,0.));
#5924=DIRECTION('',(0.,0.,1.));
#5925=DIRECTION('',(0.422645424529605,-0.906295120324605,0.));
#5926=DIRECTION('',(0.,0.,1.));
#5927=DIRECTION('',(0.,0.,1.));
#5928=DIRECTION('',(1.,0.,0.));
#5929=DIRECTION('',(0.,0.,1.));
#5930=DIRECTION('',(0.942764322999227,-0.333459789599599,0.));
#5931=DIRECTION('',(0.,0.,1.));
#5932=DIRECTION('',(0.,0.,1.));
#5933=DIRECTION('',(1.,0.,0.));
#5934=DIRECTION('',(0.,0.,1.));
#5935=DIRECTION('',(0.928909144068848,0.37030771267323,0.));
#5936=DIRECTION('',(0.,0.,1.));
#5937=DIRECTION('',(1.,0.,0.));
#5938=DIRECTION('',(0.,0.,1.));
#5939=DIRECTION('',(1.,0.,0.));
#5940=DIRECTION('',(0.,0.,1.));
#5941=DIRECTION('',(0.0352036517105192,0.999380159351908,0.));
#5942=DIRECTION('',(0.,0.,1.));
#5943=DIRECTION('',(1.,0.,0.));
#5944=DIRECTION('',(0.,0.,1.));
#5945=DIRECTION('',(0.,0.,1.));
#5946=DIRECTION('',(1.,0.,0.));
#5947=DIRECTION('',(0.,0.,1.));
#5948=DIRECTION('',(0.,0.,1.));
#5949=DIRECTION('',(0.,0.,1.));
#5950=DIRECTION('',(0.,0.,1.));
#5951=DIRECTION('',(-0.176500327455879,-0.984300581330707,0.));
#5952=DIRECTION('',(0.984300581330707,-0.176500327455879,0.));
#5953=DIRECTION('',(0.984300581330707,-0.176500327455879,0.));
#5954=DIRECTION('',(0.,0.,1.));
#5955=DIRECTION('',(0.984300581330707,-0.176500327455879,0.));
#5956=DIRECTION('',(0.,0.,1.));
#5957=DIRECTION('',(0.,0.,1.));
#5958=DIRECTION('',(0.,0.,1.));
#5959=DIRECTION('',(0.,0.,1.));
#5960=DIRECTION('',(0.966757691031672,0.25569428392342,0.));
#5961=DIRECTION('',(0.,0.,1.));
#5962=DIRECTION('',(0.,0.,1.));
#5963=DIRECTION('',(1.,0.,0.));
#5964=DIRECTION('',(0.,0.,1.));
#5965=DIRECTION('',(0.,0.,1.));
#5966=DIRECTION('',(-0.126631886757942,-0.991949779603848,0.));
#5967=DIRECTION('',(0.991949779603849,-0.126631886757943,0.));
#5968=DIRECTION('',(0.,0.,1.));
#5969=DIRECTION('',(0.991949779603849,-0.126631886757942,0.));
#5970=DIRECTION('',(0.,0.,1.));
#5971=DIRECTION('',(0.0270264477328975,0.99963471884631,0.));
#5972=DIRECTION('',(0.,0.,1.));
#5973=DIRECTION('',(0.,0.,1.));
#5974=DIRECTION('',(1.,0.,0.));
#5975=DIRECTION('',(0.,0.,1.));
#5976=DIRECTION('',(0.,0.,1.));
#5977=DIRECTION('',(0.,0.,1.));
#5978=DIRECTION('',(0.,0.,1.));
#5979=DIRECTION('',(-0.136452697994736,-0.990646587441736,0.));
#5980=DIRECTION('',(0.990646587441736,-0.136452697994736,0.));
#5981=DIRECTION('',(0.,0.,1.));
#5982=DIRECTION('',(0.990646587441736,-0.136452697994736,0.));
#5983=DIRECTION('',(1.,0.,0.));
#5984=DIRECTION('',(0.,0.,-1.));
#5985=DIRECTION('',(0.,0.,1.));
#5986=DIRECTION('',(0.,1.,0.));
#5987=DIRECTION('',(0.170786723535937,0.985308020399641,0.));
#5988=DIRECTION('',(-0.985308020399641,0.170786723535937,0.));
#5989=DIRECTION('',(0.,0.,1.));
#5990=DIRECTION('',(-0.985308020399641,0.170786723535937,0.));
#5991=DIRECTION('',(-1.,0.,0.));
#5992=DIRECTION('',(0.,0.,1.));
#5993=DIRECTION('',(0.,0.,1.));
#5994=DIRECTION('',(0.,-1.,0.));
#5995=DIRECTION('',(-0.187816058101045,-0.982204219253504,0.));
#5996=DIRECTION('',(0.982204219253504,-0.187816058101045,0.));
#5997=DIRECTION('',(0.982204219253504,-0.187816058101045,0.));
#5998=DIRECTION('',(0.,0.,1.));
#5999=DIRECTION('',(1.,0.,0.));
#6000=DIRECTION('',(0.,0.,1.));
#6001=DIRECTION('',(0.,0.,1.));
#6002=DIRECTION('',(0.,0.,1.));
#6003=DIRECTION('',(0.,0.,1.));
#6004=DIRECTION('',(0.,0.,1.));
#6005=DIRECTION('',(0.364737086510333,0.931110550753214,0.));
#6006=DIRECTION('',(0.,0.,1.));
#6007=DIRECTION('',(1.,0.,0.));
#6008=DIRECTION('',(0.,0.,1.));
#6009=DIRECTION('',(0.,0.,1.));
#6010=DIRECTION('',(1.,0.,0.));
#6011=DIRECTION('',(0.,0.,1.));
#6012=DIRECTION('',(0.999952257554552,-0.00977152043213236,0.));
#6013=DIRECTION('',(0.00977152043213237,0.999952257554552,0.));
#6014=DIRECTION('',(0.00977152043213237,0.999952257554552,0.));
#6015=DIRECTION('',(0.,0.,1.));
#6016=DIRECTION('',(0.00977152043213237,0.999952257554552,0.));
#6017=DIRECTION('',(0.,0.,1.));
#6018=DIRECTION('',(-0.121578044923557,0.992581875208572,0.));
#6019=DIRECTION('',(0.,0.,1.));
#6020=DIRECTION('',(0.,0.,1.));
#6021=DIRECTION('',(1.,0.,0.));
#6022=DIRECTION('',(0.,0.,1.));
#6023=DIRECTION('',(1.,0.,0.));
#6024=DIRECTION('',(0.,0.,-1.));
#6025=DIRECTION('',(0.,0.,1.));
#6026=DIRECTION('',(0.,1.,0.));
#6027=DIRECTION('',(0.0507818526798867,0.998709769371662,0.));
#6028=DIRECTION('',(-0.998709769371662,0.0507818526798867,0.));
#6029=DIRECTION('',(0.,0.,1.));
#6030=DIRECTION('',(-0.998709769371662,0.0507818526798867,0.));
#6031=DIRECTION('',(0.,0.,1.));
#6032=DIRECTION('',(0.0797452222828816,0.996815278536126,0.));
#6033=DIRECTION('',(-0.996815278536126,0.0797452222828816,0.));
#6034=DIRECTION('',(0.,0.,1.));
#6035=DIRECTION('',(-0.996815278536126,0.0797452222828816,0.));
#6036=DIRECTION('',(0.157966713615774,0.987444437621394,0.));
#6037=DIRECTION('',(-0.987444437621395,0.157966713615774,0.));
#6038=DIRECTION('',(0.,0.,1.));
#6039=DIRECTION('',(-0.987444437621395,0.157966713615774,0.));
#6040=DIRECTION('',(0.,0.,1.));
#6041=DIRECTION('',(0.,0.,1.));
#6042=DIRECTION('',(0.,0.,1.));
#6043=DIRECTION('',(0.,0.,1.));
#6044=DIRECTION('',(0.999994241568136,0.00339364561617958,0.));
#6045=DIRECTION('',(-0.00339364561617958,0.999994241568136,0.));
#6046=DIRECTION('',(0.,0.,1.));
#6047=DIRECTION('',(-0.00339364561617958,0.999994241568136,0.));
#6048=DIRECTION('',(0.,0.,1.));
#6049=DIRECTION('',(0.,0.,1.));
#6050=DIRECTION('',(0.,0.,1.));
#6051=DIRECTION('',(0.,0.,1.));
#6052=DIRECTION('',(0.,0.,1.));
#6053=DIRECTION('',(-0.043343890304825,-0.999060211985866,0.));
#6054=DIRECTION('',(0.,0.,1.));
#6055=DIRECTION('',(0.,0.,1.));
#6056=DIRECTION('',(1.,0.,0.));
#6057=DIRECTION('',(-0.211829987127692,-0.977306531520936,0.));
#6058=DIRECTION('',(0.977306531520936,-0.211829987127692,0.));
#6059=DIRECTION('',(0.,0.,1.));
#6060=DIRECTION('',(0.977306531520936,-0.211829987127692,0.));
#6061=DIRECTION('',(-0.999894487560962,0.0145263121679607,0.));
#6062=DIRECTION('',(-0.0145263121679607,-0.999894487560962,0.));
#6063=DIRECTION('',(0.,0.,1.));
#6064=DIRECTION('',(-0.0145263121679607,-0.999894487560962,0.));
#6065=DIRECTION('',(0.,0.,1.));
#6066=DIRECTION('',(0.,0.,1.));
#6067=DIRECTION('',(0.,0.,1.));
#6068=DIRECTION('',(0.,0.,1.));
#6069=DIRECTION('',(-0.184795668440299,-0.982776963977943,0.));
#6070=DIRECTION('',(0.982776963977943,-0.184795668440299,0.));
#6071=DIRECTION('',(0.982776963977943,-0.184795668440299,0.));
#6072=DIRECTION('',(0.982776963977943,-0.184795668440299,0.));
#6073=DIRECTION('',(0.,0.,1.));
#6074=DIRECTION('',(1.,0.,0.));
#6075=DIRECTION('',(-0.999961189164,0.00881023074153597,0.));
#6076=DIRECTION('',(-0.00881023074153597,-0.999961189164,0.));
#6077=DIRECTION('',(-0.00881023074153597,-0.999961189164,0.));
#6078=DIRECTION('',(0.,0.,1.));
#6079=DIRECTION('',(-0.00881023074153597,-0.999961189164,0.));
#6080=DIRECTION('',(0.,0.,1.));
#6081=DIRECTION('',(0.171645526077092,0.985158775719791,0.));
#6082=DIRECTION('',(-0.985158775719791,0.171645526077092,0.));
#6083=DIRECTION('',(-0.985158775719791,0.171645526077092,0.));
#6084=DIRECTION('',(0.,0.,1.));
#6085=DIRECTION('',(-0.985158775719791,0.171645526077092,0.));
#6086=DIRECTION('',(0.999992622560783,-0.00384120085490485,0.));
#6087=DIRECTION('',(0.00384120085490485,0.999992622560783,0.));
#6088=DIRECTION('',(0.00384120085490485,0.999992622560783,0.));
#6089=DIRECTION('',(0.,0.,1.));
#6090=DIRECTION('',(0.00384120085490485,0.999992622560783,0.));
#6091=DIRECTION('',(0.,0.,1.));
#6092=DIRECTION('',(0.,0.,1.));
#6093=DIRECTION('',(0.,0.,1.));
#6094=DIRECTION('',(1.,0.,0.));
#6095=DIRECTION('',(0.,0.,-1.));
#6096=DIRECTION('',(0.,0.,1.));
#6097=DIRECTION('',(0.,1.,0.));
#6098=DIRECTION('',(0.,0.,1.));
#6099=DIRECTION('',(0.306785776507933,-0.951778591549749,0.));
#6100=DIRECTION('',(0.951778591549749,0.306785776507933,0.));
#6101=DIRECTION('',(0.,0.,1.));
#6102=DIRECTION('',(0.951778591549749,0.306785776507933,0.));
#6103=DIRECTION('',(1.,0.,0.));
#6104=DIRECTION('',(0.,0.,-1.));
#6105=DIRECTION('',(0.,0.,1.));
#6106=DIRECTION('',(0.,1.,0.));
#6107=DIRECTION('',(0.,1.,0.));
#6108=DIRECTION('',(0.,0.,1.));
#6109=DIRECTION('',(0.,0.,1.));
#6110=DIRECTION('',(-1.,0.,0.));
#6111=DIRECTION('',(-0.327409249011543,0.944882629569249,0.));
#6112=DIRECTION('',(-0.944882629569249,-0.327409249011543,0.));
#6113=DIRECTION('',(0.,0.,1.));
#6114=DIRECTION('',(-0.944882629569249,-0.327409249011543,0.));
#6115=DIRECTION('',(0.,0.,1.));
#6116=DIRECTION('',(0.,0.,1.));
#6117=DIRECTION('',(0.,0.,1.));
#6118=DIRECTION('',(-0.999998018542698,0.00199070607539909,0.));
#6119=DIRECTION('',(-0.00199070607539909,-0.999998018542698,0.));
#6120=DIRECTION('',(0.,0.,1.));
#6121=DIRECTION('',(-0.00199070607539909,-0.999998018542698,0.));
#6122=DIRECTION('',(-0.171067015891401,-0.985259395323897,0.));
#6123=DIRECTION('',(0.985259395323897,-0.171067015891401,0.));
#6124=DIRECTION('',(0.,0.,1.));
#6125=DIRECTION('',(0.985259395323897,-0.171067015891401,0.));
#6126=DIRECTION('',(1.,0.,0.));
#6127=DIRECTION('',(0.,0.,-1.));
#6128=DIRECTION('',(0.,0.,1.));
#6129=DIRECTION('',(0.,1.,0.));
#6130=DIRECTION('',(0.172064778123096,0.985085636952163,0.));
#6131=DIRECTION('',(-0.985085636952164,0.172064778123096,0.));
#6132=DIRECTION('',(-0.985085636952164,0.172064778123096,0.));
#6133=DIRECTION('',(0.,0.,1.));
#6134=DIRECTION('',(1.,0.,0.));
#6135=DIRECTION('',(0.,0.,1.));
#6136=DIRECTION('',(0.99488813771848,-0.100983134369337,0.));
#6137=DIRECTION('',(0.,0.,1.));
#6138=DIRECTION('',(0.,0.,1.));
#6139=DIRECTION('',(1.,0.,0.));
#6140=DIRECTION('',(0.,0.,1.));
#6141=DIRECTION('',(0.128512603165057,0.991707875751595,0.));
#6142=DIRECTION('',(-0.991707875751595,0.128512603165057,0.));
#6143=DIRECTION('',(0.,0.,1.));
#6144=DIRECTION('',(-0.991707875751595,0.128512603165057,0.));
#6145=DIRECTION('',(0.,0.,1.));
#6146=DIRECTION('',(0.990748451615754,-0.135711110897326,0.));
#6147=DIRECTION('',(0.,0.,1.));
#6148=DIRECTION('',(0.,0.,1.));
#6149=DIRECTION('',(1.,0.,0.));
#6150=DIRECTION('',(0.,0.,1.));
#6151=DIRECTION('',(0.19290909532917,0.981216633032319,0.));
#6152=DIRECTION('',(-0.981216633032319,0.19290909532917,0.));
#6153=DIRECTION('',(0.,0.,1.));
#6154=DIRECTION('',(-0.981216633032319,0.19290909532917,0.));
#6155=DIRECTION('',(-0.999993436317512,-0.00362316462434001,0.));
#6156=DIRECTION('',(0.00362316462434001,-0.999993436317511,0.));
#6157=DIRECTION('',(0.,0.,1.));
#6158=DIRECTION('',(0.00362316462434001,-0.999993436317511,0.));
#6159=DIRECTION('',(-0.171341174751247,-0.985211754819675,0.));
#6160=DIRECTION('',(0.985211754819675,-0.171341174751247,0.));
#6161=DIRECTION('',(0.,0.,1.));
#6162=DIRECTION('',(0.985211754819675,-0.171341174751247,0.));
#6163=DIRECTION('',(1.,0.,0.));
#6164=DIRECTION('',(0.,0.,-1.));
#6165=DIRECTION('',(0.,0.,1.));
#6166=DIRECTION('',(0.,1.,0.));
#6167=DIRECTION('',(0.173556847063322,0.984823852695211,0.));
#6168=DIRECTION('',(-0.984823852695211,0.173556847063322,0.));
#6169=DIRECTION('',(0.,0.,1.));
#6170=DIRECTION('',(-0.984823852695211,0.173556847063322,0.));
#6171=DIRECTION('',(0.,0.,1.));
#6172=DIRECTION('',(1.,0.,0.));
#6173=DIRECTION('',(0.,0.,1.));
#6174=DIRECTION('',(1.,0.,0.));
#6175=DIRECTION('',(0.,0.,1.));
#6176=DIRECTION('',(1.,0.,0.));
#6177=DIRECTION('',(0.,0.,1.));
#6178=DIRECTION('',(1.,0.,0.));
#6179=DIRECTION('',(0.,0.,1.));
#6180=DIRECTION('',(1.,0.,0.));
#6181=DIRECTION('',(0.,0.,1.));
#6182=DIRECTION('',(1.,0.,0.));
#6183=DIRECTION('',(-0.16774979570014,0.985829602944931,0.));
#6184=DIRECTION('',(-0.985829602944932,-0.16774979570014,0.));
#6185=DIRECTION('',(0.,0.,1.));
#6186=DIRECTION('',(-0.985829602944932,-0.16774979570014,0.));
#6187=DIRECTION('',(0.,0.,1.));
#6188=DIRECTION('',(-1.,0.,0.));
#6189=DIRECTION('',(0.,0.,1.));
#6190=DIRECTION('',(0.,0.,1.));
#6191=DIRECTION('',(0.,-1.,0.));
#6192=DIRECTION('',(-0.171067015891402,-0.985259395323897,0.));
#6193=DIRECTION('',(0.985259395323897,-0.171067015891402,0.));
#6194=DIRECTION('',(0.,0.,1.));
#6195=DIRECTION('',(0.985259395323897,-0.171067015891402,0.));
#6196=DIRECTION('',(1.,0.,0.));
#6197=DIRECTION('',(0.,0.,-1.));
#6198=DIRECTION('',(0.,0.,1.));
#6199=DIRECTION('',(0.,1.,0.));
#6200=DIRECTION('',(0.172799478008126,0.984957024646314,0.));
#6201=DIRECTION('',(-0.984957024646314,0.172799478008126,0.));
#6202=DIRECTION('',(0.,0.,1.));
#6203=DIRECTION('',(-0.984957024646314,0.172799478008126,0.));
#6204=DIRECTION('',(0.129641829713289,0.991560888694482,0.));
#6205=DIRECTION('',(-0.991560888694482,0.129641829713289,0.));
#6206=DIRECTION('',(0.,0.,1.));
#6207=DIRECTION('',(-0.991560888694482,0.129641829713289,0.));
#6208=DIRECTION('',(0.174700181189919,-0.984621676935974,0.));
#6209=DIRECTION('',(0.984621676935974,0.174700181189919,0.));
#6210=DIRECTION('',(0.,0.,1.));
#6211=DIRECTION('',(0.984621676935974,0.174700181189919,0.));
#6212=DIRECTION('',(1.,0.,0.));
#6213=DIRECTION('',(0.,0.,-1.));
#6214=DIRECTION('',(0.,0.,1.));
#6215=DIRECTION('',(0.,1.,0.));
#6216=DIRECTION('',(0.464823452031205,0.88540338741265,0.));
#6217=DIRECTION('',(-0.88540338741265,0.464823452031205,0.));
#6218=DIRECTION('',(0.,0.,1.));
#6219=DIRECTION('',(-0.88540338741265,0.464823452031205,0.));
#6220=DIRECTION('',(-0.21417157962571,-0.976796055725364,0.));
#6221=DIRECTION('',(0.976796055725364,-0.21417157962571,0.));
#6222=DIRECTION('',(0.,0.,1.));
#6223=DIRECTION('',(0.976796055725364,-0.21417157962571,0.));
#6224=DIRECTION('',(-0.17092438965484,-0.985284148365902,0.));
#6225=DIRECTION('',(0.985284148365902,-0.17092438965484,0.));
#6226=DIRECTION('',(0.,0.,1.));
#6227=DIRECTION('',(0.985284148365902,-0.17092438965484,0.));
#6228=DIRECTION('',(1.,0.,0.));
#6229=DIRECTION('',(0.,0.,-1.));
#6230=DIRECTION('',(0.,0.,1.));
#6231=DIRECTION('',(0.,1.,0.));
#6232=DIRECTION('',(0.171067015891402,0.985259395323897,0.));
#6233=DIRECTION('',(-0.985259395323897,0.171067015891402,0.));
#6234=DIRECTION('',(0.,0.,1.));
#6235=DIRECTION('',(-0.985259395323897,0.171067015891402,0.));
#6236=DIRECTION('',(-1.,0.,0.));
#6237=DIRECTION('',(0.,0.,1.));
#6238=DIRECTION('',(0.,0.,1.));
#6239=DIRECTION('',(0.,-1.,0.));
#6240=DIRECTION('',(-0.458305800778129,-0.888794572988111,0.));
#6241=DIRECTION('',(0.888794572988111,-0.458305800778129,0.));
#6242=DIRECTION('',(0.888794572988111,-0.458305800778129,0.));
#6243=DIRECTION('',(0.,0.,1.));
#6244=DIRECTION('',(1.,0.,0.));
#6245=DIRECTION('',(-0.999957808141546,0.0091859641167831,0.));
#6246=DIRECTION('',(-0.0091859641167831,-0.999957808141546,0.));
#6247=DIRECTION('',(-0.0091859641167831,-0.999957808141546,0.));
#6248=DIRECTION('',(0.,0.,1.));
#6249=DIRECTION('',(-0.0091859641167831,-0.999957808141546,0.));
#6250=DIRECTION('',(0.,0.,1.));
#6251=DIRECTION('',(0.17244726055188,0.985018752272337,0.));
#6252=DIRECTION('',(-0.985018752272337,0.17244726055188,0.));
#6253=DIRECTION('',(-0.985018752272337,0.17244726055188,0.));
#6254=DIRECTION('',(0.,0.,1.));
#6255=DIRECTION('',(-0.985018752272337,0.17244726055188,0.));
#6256=DIRECTION('',(0.999993943886067,-0.00348025734531169,0.));
#6257=DIRECTION('',(0.00348025734531169,0.999993943886067,0.));
#6258=DIRECTION('',(0.00348025734531169,0.999993943886067,0.));
#6259=DIRECTION('',(0.,0.,1.));
#6260=DIRECTION('',(0.00348025734531169,0.999993943886067,0.));
#6261=DIRECTION('',(0.,0.,1.));
#6262=DIRECTION('',(0.,0.,1.));
#6263=DIRECTION('',(0.,0.,1.));
#6264=DIRECTION('',(0.17325956791584,0.9848761963443,0.));
#6265=DIRECTION('',(-0.9848761963443,0.17325956791584,0.));
#6266=DIRECTION('',(0.,0.,1.));
#6267=DIRECTION('',(-0.9848761963443,0.17325956791584,0.));
#6268=DIRECTION('',(0.,0.,1.));
#6269=DIRECTION('',(0.999993943886067,-0.00348025734530797,0.));
#6270=DIRECTION('',(0.00348025734530797,0.999993943886067,0.));
#6271=DIRECTION('',(0.,0.,1.));
#6272=DIRECTION('',(0.00348025734530797,0.999993943886067,0.));
#6273=DIRECTION('',(0.,0.,1.));
#6274=DIRECTION('',(0.,0.,1.));
#6275=DIRECTION('',(0.,0.,1.));
#6276=DIRECTION('',(0.,0.,1.));
#6277=DIRECTION('',(-0.999998228934081,0.00188205438319066,0.));
#6278=DIRECTION('',(-0.00188205438319066,-0.999998228934081,0.));
#6279=DIRECTION('',(0.,0.,1.));
#6280=DIRECTION('',(-0.00188205438319066,-0.999998228934081,0.));
#6281=DIRECTION('',(-0.171067015891402,-0.985259395323897,0.));
#6282=DIRECTION('',(0.985259395323897,-0.171067015891402,0.));
#6283=DIRECTION('',(0.,0.,1.));
#6284=DIRECTION('',(0.985259395323897,-0.171067015891402,0.));
#6285=DIRECTION('',(1.,0.,0.));
#6286=DIRECTION('',(0.,0.,-1.));
#6287=DIRECTION('',(0.,1.,0.));
#6288=DIRECTION('',(0.,0.,1.));
#6289=DIRECTION('',(1.,0.,0.));
#6290=DIRECTION('',(-1.,0.,0.));
#6291=DIRECTION('',(0.,0.,1.));
#6292=DIRECTION('',(0.,-1.,0.));
#6293=DIRECTION('',(0.,0.,1.));
#6294=DIRECTION('',(0.,-1.,0.));
#6295=DIRECTION('',(0.,0.,1.));
#6296=DIRECTION('',(0.444673823217464,0.895692576136011,0.));
#6297=DIRECTION('',(-0.895692576136011,0.444673823217464,0.));
#6298=DIRECTION('',(-0.895692576136011,0.444673823217464,0.));
#6299=DIRECTION('',(0.,0.,1.));
#6300=DIRECTION('',(-0.895692576136011,0.444673823217464,0.));
#6301=DIRECTION('',(1.,0.,0.));
#6302=DIRECTION('',(0.,0.,-1.));
#6303=DIRECTION('',(0.,0.,1.));
#6304=DIRECTION('',(0.,1.,0.));
#6305=DIRECTION('',(0.,0.,1.));
#6306=DIRECTION('',(0.150710704777418,-0.988577909658866,0.));
#6307=DIRECTION('',(0.988577909658866,0.150710704777418,0.));
#6308=DIRECTION('',(0.,0.,1.));
#6309=DIRECTION('',(0.988577909658866,0.150710704777418,0.));
#6310=DIRECTION('',(1.,0.,0.));
#6311=DIRECTION('',(0.,0.,-1.));
#6312=DIRECTION('',(0.,0.,1.));
#6313=DIRECTION('',(0.,1.,0.));
#6314=DIRECTION('',(-0.186973209098023,0.982365013159359,0.));
#6315=DIRECTION('',(-0.982365013159359,-0.186973209098023,0.));
#6316=DIRECTION('',(0.,0.,1.));
#6317=DIRECTION('',(-0.982365013159359,-0.186973209098023,0.));
#6318=DIRECTION('',(-1.,0.,0.));
#6319=DIRECTION('',(0.,0.,1.));
#6320=DIRECTION('',(0.,0.,1.));
#6321=DIRECTION('',(0.,-1.,0.));
#6322=DIRECTION('',(-0.471242088172568,-0.882003908344378,0.));
#6323=DIRECTION('',(0.882003908344378,-0.471242088172568,0.));
#6324=DIRECTION('',(0.,0.,1.));
#6325=DIRECTION('',(0.882003908344378,-0.471242088172568,0.));
#6326=DIRECTION('',(1.,0.,0.));
#6327=DIRECTION('',(0.,0.,-1.));
#6328=DIRECTION('',(0.,0.,1.));
#6329=DIRECTION('',(0.,1.,0.));
#6330=DIRECTION('',(0.447213595499958,0.894427190999916,0.));
#6331=DIRECTION('',(-0.894427190999916,0.447213595499958,0.));
#6332=DIRECTION('',(-0.894427190999916,0.447213595499958,0.));
#6333=DIRECTION('',(0.149424973470273,-0.988773066635316,0.));
#6334=DIRECTION('',(0.988773066635316,0.149424973470273,0.));
#6335=DIRECTION('',(0.988773066635317,0.149424973470273,0.));
#6336=DIRECTION('',(0.988773066635317,0.149424973470273,0.));
#6337=DIRECTION('',(0.,0.,1.));
#6338=DIRECTION('',(1.,0.,0.));
#6339=DIRECTION('',(-0.16774979570014,0.985829602944931,0.));
#6340=DIRECTION('',(-0.985829602944931,-0.16774979570014,0.));
#6341=DIRECTION('',(0.,0.,1.));
#6342=DIRECTION('',(-0.985829602944931,-0.16774979570014,0.));
#6343=DIRECTION('',(0.,0.,1.));
#6344=DIRECTION('',(-1.,0.,0.));
#6345=DIRECTION('',(0.,0.,1.));
#6346=DIRECTION('',(0.,0.,1.));
#6347=DIRECTION('',(0.,-1.,0.));
#6348=DIRECTION('',(-0.171067015891402,-0.985259395323897,0.));
#6349=DIRECTION('',(0.985259395323897,-0.171067015891402,0.));
#6350=DIRECTION('',(0.,0.,1.));
#6351=DIRECTION('',(0.985259395323897,-0.171067015891402,0.));
#6352=DIRECTION('',(1.,0.,0.));
#6353=DIRECTION('',(0.,0.,-1.));
#6354=DIRECTION('',(0.,0.,1.));
#6355=DIRECTION('',(0.,1.,0.));
#6356=DIRECTION('',(0.172799478008125,0.984957024646314,0.));
#6357=DIRECTION('',(-0.984957024646314,0.172799478008125,0.));
#6358=DIRECTION('',(0.,0.,1.));
#6359=DIRECTION('',(-0.984957024646314,0.172799478008125,0.));
#6360=DIRECTION('',(0.12964182971329,0.991560888694482,0.));
#6361=DIRECTION('',(-0.991560888694482,0.12964182971329,0.));
#6362=DIRECTION('',(0.,0.,1.));
#6363=DIRECTION('',(-0.991560888694482,0.12964182971329,0.));
#6364=DIRECTION('',(0.17470018118992,-0.984621676935974,0.));
#6365=DIRECTION('',(0.984621676935974,0.17470018118992,0.));
#6366=DIRECTION('',(0.,0.,1.));
#6367=DIRECTION('',(0.984621676935974,0.17470018118992,0.));
#6368=DIRECTION('',(1.,0.,0.));
#6369=DIRECTION('',(0.,0.,-1.));
#6370=DIRECTION('',(0.,0.,1.));
#6371=DIRECTION('',(0.,1.,0.));
#6372=DIRECTION('',(0.464823452031205,0.88540338741265,0.));
#6373=DIRECTION('',(-0.88540338741265,0.464823452031205,0.));
#6374=DIRECTION('',(0.,0.,1.));
#6375=DIRECTION('',(-0.88540338741265,0.464823452031205,0.));
#6376=DIRECTION('',(-0.21417157962571,-0.976796055725364,0.));
#6377=DIRECTION('',(0.976796055725364,-0.21417157962571,0.));
#6378=DIRECTION('',(0.,0.,1.));
#6379=DIRECTION('',(0.976796055725364,-0.21417157962571,0.));
#6380=DIRECTION('',(-0.17092438965484,-0.985284148365902,0.));
#6381=DIRECTION('',(0.985284148365902,-0.17092438965484,0.));
#6382=DIRECTION('',(0.,0.,1.));
#6383=DIRECTION('',(0.985284148365902,-0.17092438965484,0.));
#6384=DIRECTION('',(1.,0.,0.));
#6385=DIRECTION('',(0.,0.,-1.));
#6386=DIRECTION('',(0.,0.,1.));
#6387=DIRECTION('',(0.,1.,0.));
#6388=DIRECTION('',(0.171067015891402,0.985259395323897,0.));
#6389=DIRECTION('',(-0.985259395323897,0.171067015891402,0.));
#6390=DIRECTION('',(0.,0.,1.));
#6391=DIRECTION('',(-0.985259395323897,0.171067015891402,0.));
#6392=DIRECTION('',(-1.,0.,0.));
#6393=DIRECTION('',(0.,0.,1.));
#6394=DIRECTION('',(0.,0.,1.));
#6395=DIRECTION('',(0.,-1.,0.));
#6396=DIRECTION('',(-0.458305800778129,-0.888794572988111,0.));
#6397=DIRECTION('',(0.888794572988111,-0.458305800778129,0.));
#6398=DIRECTION('',(0.888794572988111,-0.458305800778129,0.));
#6399=DIRECTION('',(0.,0.,1.));
#6400=DIRECTION('',(1.,0.,0.));
#6401=DIRECTION('',(0.,0.,1.));
#6402=DIRECTION('',(1.,0.,0.));
#6403=DIRECTION('',(0.,0.,1.));
#6404=DIRECTION('',(1.,0.,0.));
#6405=CARTESIAN_POINT('',(0.,0.,0.));
#6406=CARTESIAN_POINT('',(0.,0.,0.002));
#6407=CARTESIAN_POINT('',(-0.0217122612847222,0.00211599229166666,0.002));
#6408=CARTESIAN_POINT('',(-0.0217138888888889,0.00164832736111111,0.002));
#6409=CARTESIAN_POINT('',(-0.0217106336805555,0.00258365722222222,0.002));
#6410=CARTESIAN_POINT('',(-0.0225803168402778,0.00273665201388889,0.002));
#6411=CARTESIAN_POINT('',(-0.02345,0.00288964680555556,0.002));
#6412=CARTESIAN_POINT('',(-0.02345,0.00338606607638889,0.002));
#6413=CARTESIAN_POINT('',(-0.02345,0.00388248534722222,0.002));
#6414=CARTESIAN_POINT('',(-0.0209814670138889,0.00345388291666667,0.002));
#6415=CARTESIAN_POINT('',(-0.0185129340277778,0.00302528048611111,0.002));
#6416=CARTESIAN_POINT('',(-0.0185145616319445,0.00216048013888889,0.002));
#6417=CARTESIAN_POINT('',(-0.0185161892361111,0.00129567979166667,0.002));
#6418=CARTESIAN_POINT('',(-0.0185161892361111,0.00129567979166667,0.002));
#6419=CARTESIAN_POINT('',(-0.0185161892361111,0.000494898541666668,0.002));
#6420=CARTESIAN_POINT('',(-0.0189605251736111,3.7541770833335E-5,0.002));
#6421=CARTESIAN_POINT('',(-0.0189605251736111,3.7541770833335E-5,0.002));
#6422=CARTESIAN_POINT('',(-0.0189605251736111,3.7541770833335E-5,0.002));
#6423=CARTESIAN_POINT('',(-0.0194048611111111,-0.000419815,0.002));
#6424=CARTESIAN_POINT('',(-0.020119921875,-0.000362306319444443,0.002));
#6425=CARTESIAN_POINT('',(-0.020119921875,-0.000362306319444443,0.002));
#6426=CARTESIAN_POINT('',(-0.020119921875,-0.000362306319444443,0.002));
#6427=CARTESIAN_POINT('',(-0.0208458333333334,-0.000308052847222221,0.002));
#6428=CARTESIAN_POINT('',(-0.0212798611111111,0.000242619895833334,0.002));
#6429=CARTESIAN_POINT('',(-0.0212798611111111,0.000242619895833334,0.002));
#6430=CARTESIAN_POINT('',(-0.0212798611111111,0.000242619895833334,0.002));
#6431=CARTESIAN_POINT('',(-0.0217138888888889,0.00079329263888889,0.002));
#6432=CARTESIAN_POINT('',(-0.0217138888888889,0.00164832736111111,0.002));
#6433=CARTESIAN_POINT('',(0.01345,0.0236264322916666,0.002));
#6434=CARTESIAN_POINT('',(0.01345,0.02306328125,0.002));
#6435=CARTESIAN_POINT('',(0.01345,0.0241904699092521,0.002));
#6436=CARTESIAN_POINT('',(0.013777808896168,0.0230449594117822,0.002));
#6437=CARTESIAN_POINT('',(0.0138484375,0.02423515625,0.002));
#6438=CARTESIAN_POINT('',(0.0138484375,0.02423515625,0.002));
#6439=CARTESIAN_POINT('',(0.01335234375,0.02473125,0.002));
#6440=CARTESIAN_POINT('',(0.01336796875,0.0253575520833333,0.002));
#6441=CARTESIAN_POINT('',(0.01336796875,0.0253575520833333,0.002));
#6442=CARTESIAN_POINT('',(0.01336796875,0.0253575520833333,0.002));
#6443=CARTESIAN_POINT('',(0.0133770833333333,0.0259356770833334,0.002));
#6444=CARTESIAN_POINT('',(0.013744921875,0.0263158854166666,0.002));
#6445=CARTESIAN_POINT('',(0.013744921875,0.0263158854166666,0.002));
#6446=CARTESIAN_POINT('',(0.013744921875,0.0263158854166666,0.002));
#6447=CARTESIAN_POINT('',(0.0141127604166667,0.02669609375,0.002));
#6448=CARTESIAN_POINT('',(0.0146544270833333,0.02667265625,0.002));
#6449=CARTESIAN_POINT('',(0.0146544270833333,0.02667265625,0.002));
#6450=CARTESIAN_POINT('',(0.0146544270833333,0.02667265625,0.002));
#6451=CARTESIAN_POINT('',(0.0153744791666666,0.0266440104166667,0.002));
#6452=CARTESIAN_POINT('',(0.0157592447916667,0.0260678385416666,0.002));
#6453=CARTESIAN_POINT('',(0.0157592447916667,0.0260678385416666,0.002));
#6454=CARTESIAN_POINT('',(0.0157592447916667,0.0260678385416666,0.002));
#6455=CARTESIAN_POINT('',(0.0161440104166666,0.0254916666666667,0.002));
#6456=CARTESIAN_POINT('',(0.0161440104166666,0.02452421875,0.002));
#6457=CARTESIAN_POINT('',(0.0161440104166666,0.02452421875,0.002));
#6458=CARTESIAN_POINT('',(0.0161401041666667,0.0242553385416667,0.002));
#6459=CARTESIAN_POINT('',(0.0161361979166667,0.0239864583333333,0.002));
#6460=CARTESIAN_POINT('',(0.016268359375,0.0239578125,0.002));
#6461=CARTESIAN_POINT('',(0.0164005347660398,0.0239292426814005,0.002));
#6462=CARTESIAN_POINT('',(0.0165732189046291,0.0248713811592363,0.002));
#6463=CARTESIAN_POINT('',(0.01665703125,0.0239174479166667,0.002));
#6464=CARTESIAN_POINT('',(0.01665703125,0.0239174479166667,0.002));
#6465=CARTESIAN_POINT('',(0.0168471354166666,0.02393828125,0.002));
#6466=CARTESIAN_POINT('',(0.0169552083333333,0.0240619791666666,0.002));
#6467=CARTESIAN_POINT('',(0.0169552083333333,0.0240619791666666,0.002));
#6468=CARTESIAN_POINT('',(0.0169552083333333,0.0240619791666666,0.002));
#6469=CARTESIAN_POINT('',(0.01706328125,0.0241856770833333,0.002));
#6470=CARTESIAN_POINT('',(0.0170671875,0.0243888020833334,0.002));
#6471=CARTESIAN_POINT('',(0.0170671875,0.0243888020833334,0.002));
#6472=CARTESIAN_POINT('',(0.0170671875,0.0243888020833334,0.002));
#6473=CARTESIAN_POINT('',(0.017075,0.0246583333333334,0.002));
#6474=CARTESIAN_POINT('',(0.0169350260416666,0.0248451822916666,0.002));
#6475=CARTESIAN_POINT('',(0.0169350260416666,0.0248451822916666,0.002));
#6476=CARTESIAN_POINT('',(0.0169350260416666,0.0248451822916666,0.002));
#6477=CARTESIAN_POINT('',(0.0167950520833334,0.02503203125,0.002));
#6478=CARTESIAN_POINT('',(0.0165307291666667,0.0250854166666667,0.002));
#6479=CARTESIAN_POINT('',(0.0165307291666667,0.0250854166666667,0.002));
#6480=CARTESIAN_POINT('',(0.0165287760416666,0.0256609375,0.002));
#6481=CARTESIAN_POINT('',(0.0165268229166666,0.0262364583333334,0.002));
#6482=CARTESIAN_POINT('',(0.0165268229166666,0.0262364583333334,0.002));
#6483=CARTESIAN_POINT('',(0.01715703125,0.0262078125,0.002));
#6484=CARTESIAN_POINT('',(0.017549609375,0.0256563802083334,0.002));
#6485=CARTESIAN_POINT('',(0.017549609375,0.0256563802083334,0.002));
#6486=CARTESIAN_POINT('',(0.017549609375,0.0256563802083334,0.002));
#6487=CARTESIAN_POINT('',(0.0179421875,0.0251049479166667,0.002));
#6488=CARTESIAN_POINT('',(0.017934375,0.0242963541666667,0.002));
#6489=CARTESIAN_POINT('',(0.017934375,0.0242963541666667,0.002));
#6490=CARTESIAN_POINT('',(0.017934375,0.0242963541666667,0.002));
#6491=CARTESIAN_POINT('',(0.0179174479166666,0.02354765625,0.002));
#6492=CARTESIAN_POINT('',(0.0174884114583334,0.0231244791666667,0.002));
#6493=CARTESIAN_POINT('',(0.0174884114583334,0.0231244791666667,0.002));
#6494=CARTESIAN_POINT('',(0.0174884114583334,0.0231244791666667,0.002));
#6495=CARTESIAN_POINT('',(0.017059375,0.0227013020833334,0.002));
#6496=CARTESIAN_POINT('',(0.01638359375,0.0227703125,0.002));
#6497=CARTESIAN_POINT('',(0.01638359375,0.0227703125,0.002));
#6498=CARTESIAN_POINT('',(0.0153295572916666,0.0229389322916667,0.002));
#6499=CARTESIAN_POINT('',(0.0142755208333333,0.0231075520833334,0.002));
#6500=CARTESIAN_POINT('',(0.0141453125,0.02311796875,0.002));
#6501=CARTESIAN_POINT('',(0.0140151041666667,0.0231283854166667,0.002));
#6502=CARTESIAN_POINT('',(0.0140151041666667,0.0231283854166667,0.002));
#6503=CARTESIAN_POINT('',(0.01372734375,0.0231361979166666,0.002));
#6504=CARTESIAN_POINT('',(0.0135268229166667,0.023059375,0.002));
#6505=CARTESIAN_POINT('',(0.0135268229166667,0.023059375,0.002));
#6506=CARTESIAN_POINT('',(0.0134884114583333,0.023061328125,0.002));
#6507=CARTESIAN_POINT('',(0.01853203125,0.016612109375,0.002));
#6508=CARTESIAN_POINT('',(0.0186947916666667,0.01680546875,0.002));
#6509=CARTESIAN_POINT('',(0.0189721354166667,0.01681328125,0.002));
#6510=CARTESIAN_POINT('',(0.01853203125,0.016612109375,0.002));
#6511=CARTESIAN_POINT('',(0.0189721354166667,0.01681328125,0.002));
#6512=CARTESIAN_POINT('',(0.0190075041124468,0.0162410259904806,0.002));
#6513=CARTESIAN_POINT('',(0.0194233153141849,0.0166342503768014,0.002));
#6514=CARTESIAN_POINT('',(0.0189750239083313,0.0161957907125168,0.002));
#6515=CARTESIAN_POINT('',(0.019601839787399,0.0161829328419842,0.002));
#6516=CARTESIAN_POINT('',(0.0189690057688595,0.0161512580250362,0.002));
#6517=CARTESIAN_POINT('',(0.0194434847243213,0.0157312548579004,0.002));
#6518=CARTESIAN_POINT('',(0.0190125913100113,0.0160999923305794,0.002));
#6519=CARTESIAN_POINT('',(0.0190124954622971,0.0155324267783852,0.002));
#6520=CARTESIAN_POINT('',(0.0189867921032214,0.0161208961072976,0.002));
#6521=CARTESIAN_POINT('',(0.018573046875,0.0157006510416666,0.002));
#6522=CARTESIAN_POINT('',(0.018573046875,0.0157006510416666,0.002));
#6523=CARTESIAN_POINT('',(0.0183861979166666,0.0158770833333334,0.002));
#6524=CARTESIAN_POINT('',(0.0183770833333333,0.0161622395833334,0.002));
#6525=CARTESIAN_POINT('',(0.0183770833333333,0.0161622395833334,0.002));
#6526=CARTESIAN_POINT('',(0.0190205107168697,0.0161926173030706,0.002));
#6527=CARTESIAN_POINT('',(0.00913033854166667,0.0265893229166667,0.002));
#6528=CARTESIAN_POINT('',(0.00962447916666667,0.0265020833333333,0.002));
#6529=CARTESIAN_POINT('',(0.00863619791666667,0.0266765625,0.002));
#6530=CARTESIAN_POINT('',(0.00863619791666667,0.02755546875,0.002));
#6531=CARTESIAN_POINT('',(0.00863619791666667,0.028434375,0.002));
#6532=CARTESIAN_POINT('',(0.00616809895833333,0.0288614583333334,0.002));
#6533=CARTESIAN_POINT('',(0.0037,0.0292885416666667,0.002));
#6534=CARTESIAN_POINT('',(0.0037,0.0298848958333333,0.002));
#6535=CARTESIAN_POINT('',(0.0037,0.03048125,0.002));
#6536=CARTESIAN_POINT('',(0.00616809895833333,0.0300541666666667,0.002));
#6537=CARTESIAN_POINT('',(0.00863619791666666,0.0296270833333333,0.002));
#6538=CARTESIAN_POINT('',(0.00863619791666666,0.0304955729166667,0.002));
#6539=CARTESIAN_POINT('',(0.00863619791666666,0.0313640625,0.002));
#6540=CARTESIAN_POINT('',(0.00913033854166666,0.0312768229166666,0.002));
#6541=CARTESIAN_POINT('',(0.00962447916666667,0.0311895833333334,0.002));
#6542=CARTESIAN_POINT('',(0.00962447916666667,0.0288458333333333,0.002));
#6543=CARTESIAN_POINT('',(0.00392786458333333,0.0242123697916666,0.002));
#6544=CARTESIAN_POINT('',(0.0037,0.0242546875,0.002));
#6545=CARTESIAN_POINT('',(0.00415572916666666,0.0241700520833334,0.002));
#6546=CARTESIAN_POINT('',(0.00415572916666666,0.0241700520833334,0.002));
#6547=CARTESIAN_POINT('',(0.00360625,0.0246583333333334,0.002));
#6548=CARTESIAN_POINT('',(0.00361796875,0.0253822916666667,0.002));
#6549=CARTESIAN_POINT('',(0.00361796875,0.0253822916666667,0.002));
#6550=CARTESIAN_POINT('',(0.00361796875,0.0253822916666667,0.002));
#6551=CARTESIAN_POINT('',(0.00362708333333334,0.0260177083333334,0.002));
#6552=CARTESIAN_POINT('',(0.00407434895833333,0.0263432291666667,0.002));
#6553=CARTESIAN_POINT('',(0.00407434895833333,0.0263432291666667,0.002));
#6554=CARTESIAN_POINT('',(0.00407434895833333,0.0263432291666667,0.002));
#6555=CARTESIAN_POINT('',(0.00452161458333333,0.02666875,0.002));
#6556=CARTESIAN_POINT('',(0.0052546875,0.02659453125,0.002));
#6557=CARTESIAN_POINT('',(0.0052546875,0.02659453125,0.002));
#6558=CARTESIAN_POINT('',(0.006678515625,0.0263569010416666,0.002));
#6559=CARTESIAN_POINT('',(0.00810234375,0.0261192708333334,0.002));
#6560=CARTESIAN_POINT('',(0.00810234375,0.0255450520833333,0.002));
#6561=CARTESIAN_POINT('',(0.00810234375,0.0249708333333333,0.002));
#6562=CARTESIAN_POINT('',(0.00667200520833333,0.0252130208333333,0.002));
#6563=CARTESIAN_POINT('',(0.00524165504784322,0.0254551226596579,0.002));
#6564=CARTESIAN_POINT('',(0.00509804913088468,0.0243962162416433,0.002));
#6565=CARTESIAN_POINT('',(0.00499036458333333,0.0254591145833334,0.002));
#6566=CARTESIAN_POINT('',(0.00499036458333333,0.0254591145833334,0.002));
#6567=CARTESIAN_POINT('',(0.0045828125,0.02541875,0.002));
#6568=CARTESIAN_POINT('',(0.00457109375,0.02500859375,0.002));
#6569=CARTESIAN_POINT('',(0.00457109375,0.02500859375,0.002));
#6570=CARTESIAN_POINT('',(0.00457109375,0.02500859375,0.002));
#6571=CARTESIAN_POINT('',(0.00455416666666667,0.0244747395833333,0.002));
#6572=CARTESIAN_POINT('',(0.00498125,0.0241244791666666,0.002));
#6573=CARTESIAN_POINT('',(0.00498125,0.0241244791666666,0.002));
#6574=CARTESIAN_POINT('',(0.006541796875,0.023850390625,0.002));
#6575=CARTESIAN_POINT('',(0.00810234375,0.0235763020833334,0.002));
#6576=CARTESIAN_POINT('',(0.00810234375,0.0229981770833334,0.002));
#6577=CARTESIAN_POINT('',(0.00810234375,0.0224200520833333,0.002));
#6578=CARTESIAN_POINT('',(0.005901171875,0.0228028645833333,0.002));
#6579=CARTESIAN_POINT('',(0.0037,0.0231856770833333,0.002));
#6580=CARTESIAN_POINT('',(0.0037,0.0237201822916666,0.002));
#6581=CARTESIAN_POINT('',(0.008104296875,0.021053515625,0.002));
#6582=CARTESIAN_POINT('',(0.00810234375,0.021590625,0.002));
#6583=CARTESIAN_POINT('',(0.00810625,0.02051640625,0.002));
#6584=CARTESIAN_POINT('',(0.00784583333333333,0.020565234375,0.002));
#6585=CARTESIAN_POINT('',(0.00758541666666667,0.0206140625,0.002));
#6586=CARTESIAN_POINT('',(0.00758541666666667,0.0206140625,0.002));
#6587=CARTESIAN_POINT('',(0.0082,0.0200854166666667,0.002));
#6588=CARTESIAN_POINT('',(0.008184375,0.0193315104166666,0.002));
#6589=CARTESIAN_POINT('',(0.008184375,0.0193315104166666,0.002));
#6590=CARTESIAN_POINT('',(0.008184375,0.0193315104166666,0.002));
#6591=CARTESIAN_POINT('',(0.00817135416666667,0.0187091145833333,0.002));
#6592=CARTESIAN_POINT('',(0.00772799479166667,0.0184122395833334,0.002));
#6593=CARTESIAN_POINT('',(0.00772799479166667,0.0184122395833334,0.002));
#6594=CARTESIAN_POINT('',(0.00772799479166667,0.0184122395833334,0.002));
#6595=CARTESIAN_POINT('',(0.00728463541666667,0.0181153645833334,0.002));
#6596=CARTESIAN_POINT('',(0.00649947916666667,0.0181973958333334,0.002));
#6597=CARTESIAN_POINT('',(0.00649947916666667,0.0181973958333334,0.002));
#6598=CARTESIAN_POINT('',(0.00509973958333333,0.0184291666666666,0.002));
#6599=CARTESIAN_POINT('',(0.0037,0.0186609375,0.002));
#6600=CARTESIAN_POINT('',(0.0037,0.0192345052083334,0.002));
#6601=CARTESIAN_POINT('',(0.0037,0.0198080729166666,0.002));
#6602=CARTESIAN_POINT('',(0.00510559895833333,0.0195723958333333,0.002));
#6603=CARTESIAN_POINT('',(0.00651121685500103,0.0193368507621475,0.002));
#6604=CARTESIAN_POINT('',(0.00669985755132565,0.0206517955166192,0.002));
#6605=CARTESIAN_POINT('',(0.00680026041666667,0.0193276041666667,0.002));
#6606=CARTESIAN_POINT('',(0.00680026041666667,0.0193276041666667,0.002));
#6607=CARTESIAN_POINT('',(0.007215625,0.0193809895833334,0.002));
#6608=CARTESIAN_POINT('',(0.00722734375,0.0198484375,0.002));
#6609=CARTESIAN_POINT('',(0.00722734375,0.0198484375,0.002));
#6610=CARTESIAN_POINT('',(0.00722734375,0.0198484375,0.002));
#6611=CARTESIAN_POINT('',(0.00724427083333333,0.0203002604166666,0.002));
#6612=CARTESIAN_POINT('',(0.006809375,0.0206583333333334,0.002));
#6613=CARTESIAN_POINT('',(0.006809375,0.0206583333333334,0.002));
#6614=CARTESIAN_POINT('',(0.0052546875,0.0209330729166666,0.002));
#6615=CARTESIAN_POINT('',(0.0037,0.0212078125,0.002));
#6616=CARTESIAN_POINT('',(0.0037,0.0217813802083334,0.002));
#6617=CARTESIAN_POINT('',(0.0037,0.0223549479166667,0.002));
#6618=CARTESIAN_POINT('',(0.005901171875,0.0219727864583333,0.002));
#6619=CARTESIAN_POINT('',(0.0173158854166666,0.014619921875,0.002));
#6620=CARTESIAN_POINT('',(0.0179591145833334,0.01398515625,0.002));
#6621=CARTESIAN_POINT('',(0.017934375,0.0130658854166667,0.002));
#6622=CARTESIAN_POINT('',(0.0173158854166666,0.014619921875,0.002));
#6623=CARTESIAN_POINT('',(0.017934375,0.0130658854166667,0.002));
#6624=CARTESIAN_POINT('',(0.017934375,0.0130658854166667,0.002));
#6625=CARTESIAN_POINT('',(0.0179265625,0.0124838541666667,0.002));
#6626=CARTESIAN_POINT('',(0.017635546875,0.0120626302083333,0.002));
#6627=CARTESIAN_POINT('',(0.017635546875,0.0120626302083333,0.002));
#6628=CARTESIAN_POINT('',(0.017635546875,0.0120626302083333,0.002));
#6629=CARTESIAN_POINT('',(0.01734453125,0.01164140625,0.002));
#6630=CARTESIAN_POINT('',(0.0168334635416666,0.011444140625,0.002));
#6631=CARTESIAN_POINT('',(0.0168334635416666,0.011444140625,0.002));
#6632=CARTESIAN_POINT('',(0.0168334635416666,0.011444140625,0.002));
#6633=CARTESIAN_POINT('',(0.0163223958333334,0.011246875,0.002));
#6634=CARTESIAN_POINT('',(0.0157,0.0113041666666667,0.002));
#6635=CARTESIAN_POINT('',(0.0157,0.0113041666666667,0.002));
#6636=CARTESIAN_POINT('',(0.0157,0.0113041666666667,0.002));
#6637=CARTESIAN_POINT('',(0.0146505208333333,0.0113979166666667,0.002));
#6638=CARTESIAN_POINT('',(0.0140014322916667,0.0120346354166667,0.002));
#6639=CARTESIAN_POINT('',(0.0140014322916667,0.0120346354166667,0.002));
#6640=CARTESIAN_POINT('',(0.0140014322916667,0.0120346354166667,0.002));
#6641=CARTESIAN_POINT('',(0.01335234375,0.0126713541666667,0.002));
#6642=CARTESIAN_POINT('',(0.01336796875,0.0136075520833333,0.002));
#6643=CARTESIAN_POINT('',(0.01336796875,0.0136075520833333,0.002));
#6644=CARTESIAN_POINT('',(0.01336796875,0.0136075520833333,0.002));
#6645=CARTESIAN_POINT('',(0.0133770833333333,0.01418046875,0.002));
#6646=CARTESIAN_POINT('',(0.0136635416666667,0.0145997395833333,0.002));
#6647=CARTESIAN_POINT('',(0.0136635416666667,0.0145997395833333,0.002));
#6648=CARTESIAN_POINT('',(0.0136635416666667,0.0145997395833333,0.002));
#6649=CARTESIAN_POINT('',(0.01395,0.0150190104166667,0.002));
#6650=CARTESIAN_POINT('',(0.0144591145833333,0.0152182291666666,0.002));
#6651=CARTESIAN_POINT('',(0.0144591145833333,0.0152182291666666,0.002));
#6652=CARTESIAN_POINT('',(0.0144591145833333,0.0152182291666666,0.002));
#6653=CARTESIAN_POINT('',(0.0149682291666667,0.0154174479166666,0.002));
#6654=CARTESIAN_POINT('',(0.0155828125,0.0153614583333333,0.002));
#6655=CARTESIAN_POINT('',(0.0155828125,0.0153614583333333,0.002));
#6656=CARTESIAN_POINT('',(0.0155828125,0.0153614583333333,0.002));
#6657=CARTESIAN_POINT('',(0.01667265625,0.0152546875,0.002));
#6658=CARTESIAN_POINT('',(0.0173158854166666,0.014619921875,0.002));
#6659=CARTESIAN_POINT('',(0.015651171875,0.016174609375,0.002));
#6660=CARTESIAN_POINT('',(0.01785234375,0.0157924479166666,0.002));
#6661=CARTESIAN_POINT('',(0.01345,0.0165567708333334,0.002));
#6662=CARTESIAN_POINT('',(0.01345,0.0171348958333334,0.002));
#6663=CARTESIAN_POINT('',(0.01345,0.0177130208333333,0.002));
#6664=CARTESIAN_POINT('',(0.015651171875,0.0173302083333334,0.002));
#6665=CARTESIAN_POINT('',(0.01785234375,0.0169473958333334,0.002));
#6666=CARTESIAN_POINT('',(0.01785234375,0.016369921875,0.002));
#6667=CARTESIAN_POINT('',(0.01725976,-0.01145,0.002));
#6668=CARTESIAN_POINT('',(0.01725976,-0.03045,0.002));
#6669=CARTESIAN_POINT('',(0.01725976,0.00755,0.002));
#6670=CARTESIAN_POINT('',(0.01125976,-0.03045,0.002));
#6671=CARTESIAN_POINT('',(0.00525976,-0.03045,0.002));
#6672=CARTESIAN_POINT('',(0.00525976,-0.01145,0.002));
#6673=CARTESIAN_POINT('',(0.00525976,0.00755,0.002));
#6674=CARTESIAN_POINT('',(0.01125976,0.00755,0.002));
#6675=CARTESIAN_POINT('',(-0.01045,0.00556456,0.002));
#6676=CARTESIAN_POINT('',(-0.00345,0.00556456,0.002));
#6677=CARTESIAN_POINT('',(-0.01745,0.00556456,0.002));
#6678=CARTESIAN_POINT('',(-0.00345,-0.00143544,0.002));
#6679=CARTESIAN_POINT('',(-0.00345,-0.00843544,0.002));
#6680=CARTESIAN_POINT('',(-0.01045,-0.00843544,0.002));
#6681=CARTESIAN_POINT('',(-0.01745,-0.00843544,0.002));
#6682=CARTESIAN_POINT('',(-0.01745,-0.00143544,0.002));
#6683=CARTESIAN_POINT('',(-0.01045,0.02607966,0.002));
#6684=CARTESIAN_POINT('',(-0.00345,0.02607966,0.002));
#6685=CARTESIAN_POINT('',(-0.01745,0.02607966,0.002));
#6686=CARTESIAN_POINT('',(-0.00345,0.01907966,0.002));
#6687=CARTESIAN_POINT('',(-0.00345,0.01207966,0.002));
#6688=CARTESIAN_POINT('',(-0.01045,0.01207966,0.002));
#6689=CARTESIAN_POINT('',(-0.01745,0.01207966,0.002));
#6690=CARTESIAN_POINT('',(-0.01745,0.01907966,0.002));
#6691=CARTESIAN_POINT('',(-3.46944695195361E-18,0.03495,0.002));
#6692=CARTESIAN_POINT('',(-0.02445,0.03495,0.002));
#6693=CARTESIAN_POINT('',(0.02445,0.03495,0.002));
#6694=CARTESIAN_POINT('',(-0.02445,6.93889390390723E-18,0.002));
#6695=CARTESIAN_POINT('',(-0.02445,-0.03495,0.002));
#6696=CARTESIAN_POINT('',(3.46944695195361E-18,-0.03495,0.002));
#6697=CARTESIAN_POINT('',(0.02445,-0.03495,0.002));
#6698=CARTESIAN_POINT('',(0.02445,0.,0.002));
#6699=CARTESIAN_POINT('',(-0.01045,-0.02024072,0.002));
#6700=CARTESIAN_POINT('',(-0.00645,-0.02024072,0.002));
#6701=CARTESIAN_POINT('',(0.02245,0.03295,0.002));
#6702=CARTESIAN_POINT('',(0.0239,0.03295,0.002));
#6703=CARTESIAN_POINT('',(-0.02245,-0.03295,0.002));
#6704=CARTESIAN_POINT('',(-0.021,-0.03295,0.002));
#6705=CARTESIAN_POINT('',(0.02245,-0.03295,0.002));
#6706=CARTESIAN_POINT('',(0.0239,-0.03295,0.002));
#6707=CARTESIAN_POINT('',(-0.02245,0.03295,0.002));
#6708=CARTESIAN_POINT('',(-0.021,0.03295,0.002));
#6709=CARTESIAN_POINT('',(0.00596072744302427,0.0156160853511075,0.002));
#6710=CARTESIAN_POINT('',(0.00381979166666667,0.0146654947916667,0.002));
#6711=CARTESIAN_POINT('',(0.00361796875,0.0156700520833334,0.002));
#6712=CARTESIAN_POINT('',(0.00361796875,0.0156700520833334,0.002));
#6713=CARTESIAN_POINT('',(0.00362317708333333,0.0162481770833333,0.002));
#6714=CARTESIAN_POINT('',(0.00390182291666666,0.0166934895833333,0.002));
#6715=CARTESIAN_POINT('',(0.00390182291666666,0.0166934895833333,0.002));
#6716=CARTESIAN_POINT('',(0.0053584716581276,0.0157900554660999,0.002));
#6717=CARTESIAN_POINT('',(0.004666796875,0.0173588541666666,0.002));
#6718=CARTESIAN_POINT('',(0.004666796875,0.0173588541666666,0.002));
#6719=CARTESIAN_POINT('',(0.005153125,0.01757890625,0.002));
#6720=CARTESIAN_POINT('',(0.0057390625,0.0175294270833334,0.002));
#6721=CARTESIAN_POINT('',(0.0057390625,0.0175294270833334,0.002));
#6722=CARTESIAN_POINT('',(0.00582044270833333,0.0175235677083334,0.002));
#6723=CARTESIAN_POINT('',(0.00590179819118176,0.0175174271910441,0.002));
#6724=CARTESIAN_POINT('',(0.00565239675932985,0.0146815964778825,0.002));
#6725=CARTESIAN_POINT('',(0.007080859375,0.017143359375,0.002));
#6726=CARTESIAN_POINT('',(0.007080859375,0.017143359375,0.002));
#6727=CARTESIAN_POINT('',(0.00761796875,0.0168302083333333,0.002));
#6728=CARTESIAN_POINT('',(0.007908984375,0.0163380208333334,0.002));
#6729=CARTESIAN_POINT('',(0.007908984375,0.0163380208333334,0.002));
#6730=CARTESIAN_POINT('',(0.00618918915055179,0.0153261330175264,0.002));
#6731=CARTESIAN_POINT('',(0.008184375,0.015246875,0.002));
#6732=CARTESIAN_POINT('',(0.008184375,0.015246875,0.002));
#6733=CARTESIAN_POINT('',(0.00816744791666667,0.0143966145833333,0.002));
#6734=CARTESIAN_POINT('',(0.007559375,0.0139591145833333,0.002));
#6735=CARTESIAN_POINT('',(0.007559375,0.0139591145833333,0.002));
#6736=CARTESIAN_POINT('',(0.007559375,0.0139591145833333,0.002));
#6737=CARTESIAN_POINT('',(0.00695130208333334,0.0135216145833333,0.002));
#6738=CARTESIAN_POINT('',(0.00601901041666667,0.0136283854166667,0.002));
#6739=CARTESIAN_POINT('',(0.00601901041666667,0.0136283854166667,0.002));
#6740=CARTESIAN_POINT('',(0.00576901041666667,0.0136609375,0.002));
#6741=CARTESIAN_POINT('',(0.00551901041666667,0.0136934895833333,0.002));
#6742=CARTESIAN_POINT('',(0.00551901041666667,0.015041796875,0.002));
#6743=CARTESIAN_POINT('',(0.00551901041666667,0.0163901041666666,0.002));
#6744=CARTESIAN_POINT('',(0.00551901041666667,0.0163901041666666,0.002));
#6745=CARTESIAN_POINT('',(0.00509192708333333,0.01640703125,0.002));
#6746=CARTESIAN_POINT('',(0.00483541666666667,0.0161830729166666,0.002));
#6747=CARTESIAN_POINT('',(0.00483541666666667,0.0161830729166666,0.002));
#6748=CARTESIAN_POINT('',(0.00483541666666667,0.0161830729166666,0.002));
#6749=CARTESIAN_POINT('',(0.00457890625,0.0159591145833334,0.002));
#6750=CARTESIAN_POINT('',(0.00457109375,0.0155723958333333,0.002));
#6751=CARTESIAN_POINT('',(0.00457109375,0.0155723958333333,0.002));
#6752=CARTESIAN_POINT('',(0.00457109375,0.0155723958333333,0.002));
#6753=CARTESIAN_POINT('',(0.00455416666666667,0.01494609375,0.002));
#6754=CARTESIAN_POINT('',(0.00505546875,0.0144747395833333,0.002));
#6755=CARTESIAN_POINT('',(0.00505546875,0.0144747395833333,0.002));
#6756=CARTESIAN_POINT('',(0.00472994791666667,0.01421171875,0.002));
#6757=CARTESIAN_POINT('',(0.00440442708333334,0.0139486979166667,0.002));
#6758=CARTESIAN_POINT('',(0.00440442708333334,0.0139486979166667,0.002));
#6759=CARTESIAN_POINT('',(0.00402942708333334,0.0141973958333333,0.002));
#6760=CARTESIAN_POINT('',(0.00381979166666667,0.0146654947916667,0.002));
#6761=CARTESIAN_POINT('',(0.0163226799557021,0.0202389204996425,0.002));
#6762=CARTESIAN_POINT('',(0.017701953125,0.0210802083333334,0.002));
#6763=CARTESIAN_POINT('',(0.01793828125,0.0201778645833334,0.002));
#6764=CARTESIAN_POINT('',(0.01793828125,0.0201778645833334,0.002));
#6765=CARTESIAN_POINT('',(0.0179213541666666,0.0195645833333334,0.002));
#6766=CARTESIAN_POINT('',(0.01744609375,0.0191856770833334,0.002));
#6767=CARTESIAN_POINT('',(0.01744609375,0.0191856770833334,0.002));
#6768=CARTESIAN_POINT('',(0.018573046875,0.0189701822916666,0.002));
#6769=CARTESIAN_POINT('',(0.0197,0.0187546875,0.002));
#6770=CARTESIAN_POINT('',(0.0197,0.018178515625,0.002));
#6771=CARTESIAN_POINT('',(0.0197,0.01760234375,0.002));
#6772=CARTESIAN_POINT('',(0.016575,0.0181440104166667,0.002));
#6773=CARTESIAN_POINT('',(0.01345,0.0186856770833334,0.002));
#6774=CARTESIAN_POINT('',(0.01345,0.019198046875,0.002));
#6775=CARTESIAN_POINT('',(0.01345,0.0197104166666667,0.002));
#6776=CARTESIAN_POINT('',(0.013686328125,0.0196778645833334,0.002));
#6777=CARTESIAN_POINT('',(0.01392265625,0.0196453125,0.002));
#6778=CARTESIAN_POINT('',(0.01392265625,0.0196453125,0.002));
#6779=CARTESIAN_POINT('',(0.0133484375,0.0201375,0.002));
#6780=CARTESIAN_POINT('',(0.0133640625,0.0207924479166667,0.002));
#6781=CARTESIAN_POINT('',(0.0133640625,0.0207924479166667,0.002));
#6782=CARTESIAN_POINT('',(0.0133640625,0.0207924479166667,0.002));
#6783=CARTESIAN_POINT('',(0.01336796875,0.02120390625,0.002));
#6784=CARTESIAN_POINT('',(0.0135802083333333,0.0215131510416667,0.002));
#6785=CARTESIAN_POINT('',(0.0135802083333333,0.0215131510416667,0.002));
#6786=CARTESIAN_POINT('',(0.0135802083333333,0.0215131510416667,0.002));
#6787=CARTESIAN_POINT('',(0.0137924479166667,0.0218223958333334,0.002));
#6788=CARTESIAN_POINT('',(0.0141889322916667,0.021991015625,0.002));
#6789=CARTESIAN_POINT('',(0.0141889322916667,0.021991015625,0.002));
#6790=CARTESIAN_POINT('',(0.0141889322916667,0.021991015625,0.002));
#6791=CARTESIAN_POINT('',(0.0145854166666667,0.0221596354166666,0.002));
#6792=CARTESIAN_POINT('',(0.0150736979166666,0.0221765625,0.002));
#6793=CARTESIAN_POINT('',(0.0150736979166666,0.0221765625,0.002));
#6794=CARTESIAN_POINT('',(0.0152356275970406,0.0188374044203787,0.002));
#6795=CARTESIAN_POINT('',(0.0155697966481081,0.0221635912499684,0.002));
#6796=CARTESIAN_POINT('',(0.0156615885416666,0.0221518229166667,0.002));
#6797=CARTESIAN_POINT('',(0.0157533854166667,0.0221401041666666,0.002));
#6798=CARTESIAN_POINT('',(0.0157533854166667,0.0221401041666666,0.002));
#6799=CARTESIAN_POINT('',(0.0164291666666667,0.0220424479166667,0.002));
#6800=CARTESIAN_POINT('',(0.0169415364583334,0.0217638020833333,0.002));
#6801=CARTESIAN_POINT('',(0.0169415364583334,0.0217638020833333,0.002));
#6802=CARTESIAN_POINT('',(0.0169415364583334,0.0217638020833333,0.002));
#6803=CARTESIAN_POINT('',(0.01745390625,0.02148515625,0.002));
#6804=CARTESIAN_POINT('',(0.017701953125,0.0210802083333334,0.002));
#6805=CARTESIAN_POINT('',(0.0145346354166667,0.028975390625,0.002));
#6806=CARTESIAN_POINT('',(0.01345,0.02862578125,0.002));
#6807=CARTESIAN_POINT('',(0.0156192708333333,0.029325,0.002));
#6808=CARTESIAN_POINT('',(0.0156192708333333,0.029809375,0.002));
#6809=CARTESIAN_POINT('',(0.0156192708333333,0.03029375,0.002));
#6810=CARTESIAN_POINT('',(0.0145346354166667,0.030483203125,0.002));
#6811=CARTESIAN_POINT('',(0.01345,0.03067265625,0.002));
#6812=CARTESIAN_POINT('',(0.01345,0.031268359375,0.002));
#6813=CARTESIAN_POINT('',(0.01345,0.0318640625,0.002));
#6814=CARTESIAN_POINT('',(0.0164122395833334,0.0313497395833333,0.002));
#6815=CARTESIAN_POINT('',(0.0193744791666666,0.0308354166666666,0.002));
#6816=CARTESIAN_POINT('',(0.0193725260416667,0.029854296875,0.002));
#6817=CARTESIAN_POINT('',(0.0193705729166667,0.0288731770833334,0.002));
#6818=CARTESIAN_POINT('',(0.0193705729166667,0.0288731770833334,0.002));
#6819=CARTESIAN_POINT('',(0.0193705729166667,0.0278888020833334,0.002));
#6820=CARTESIAN_POINT('',(0.0189063802083334,0.027358203125,0.002));
#6821=CARTESIAN_POINT('',(0.0189063802083334,0.027358203125,0.002));
#6822=CARTESIAN_POINT('',(0.0189063802083334,0.027358203125,0.002));
#6823=CARTESIAN_POINT('',(0.0184421875,0.0268276041666667,0.002));
#6824=CARTESIAN_POINT('',(0.0176166666666666,0.0268875,0.002));
#6825=CARTESIAN_POINT('',(0.0176166666666666,0.0268875,0.002));
#6826=CARTESIAN_POINT('',(0.0176166666666666,0.0268875,0.002));
#6827=CARTESIAN_POINT('',(0.0163966145833334,0.0269734375,0.002));
#6828=CARTESIAN_POINT('',(0.0159200520833334,0.0281895833333334,0.002));
#6829=CARTESIAN_POINT('',(0.0159200520833334,0.0281895833333334,0.002));
#6830=CARTESIAN_POINT('',(0.014717578125,0.0277729166666667,0.002));
#6831=CARTESIAN_POINT('',(0.0135151041666667,0.02735625,0.002));
#6832=CARTESIAN_POINT('',(0.0134825520833333,0.02735625,0.002));
#6833=CARTESIAN_POINT('',(0.01345,0.02735625,0.002));
#6834=CARTESIAN_POINT('',(0.01345,0.027991015625,0.002));
#6835=CARTESIAN_POINT('',(0.0075671875,0.0102618489583333,0.002));
#6836=CARTESIAN_POINT('',(0.00813428095939016,0.0101883609297656,0.002));
#6837=CARTESIAN_POINT('',(0.00699947916666667,0.0103354166666667,0.002));
#6838=CARTESIAN_POINT('',(0.00467903156406276,0.0107886369026181,0.002));
#6839=CARTESIAN_POINT('',(0.00704114583333334,0.0107221354166667,0.002));
#6840=CARTESIAN_POINT('',(0.00704114583333334,0.0107221354166667,0.002));
#6841=CARTESIAN_POINT('',(0.00705677083333334,0.01133671875,0.002));
#6842=CARTESIAN_POINT('',(0.00658151041666667,0.0116947916666667,0.002));
#6843=CARTESIAN_POINT('',(0.00658151041666667,0.0116947916666667,0.002));
#6844=CARTESIAN_POINT('',(0.00514075520833333,0.0119486979166667,0.002));
#6845=CARTESIAN_POINT('',(0.0037,0.0122026041666667,0.002));
#6846=CARTESIAN_POINT('',(0.0037,0.0127768229166667,0.002));
#6847=CARTESIAN_POINT('',(0.0037,0.0133510416666667,0.002));
#6848=CARTESIAN_POINT('',(0.005901171875,0.0129682291666667,0.002));
#6849=CARTESIAN_POINT('',(0.00810234375,0.0125854166666667,0.002));
#6850=CARTESIAN_POINT('',(0.008104296875,0.0120463541666667,0.002));
#6851=CARTESIAN_POINT('',(0.00810625,0.0115072916666667,0.002));
#6852=CARTESIAN_POINT('',(0.00783802083333334,0.0115600260416667,0.002));
#6853=CARTESIAN_POINT('',(0.00756979166666667,0.0116127604166667,0.002));
#6854=CARTESIAN_POINT('',(0.00756979166666667,0.0116127604166667,0.002));
#6855=CARTESIAN_POINT('',(0.0081921875,0.0111973958333333,0.002));
#6856=CARTESIAN_POINT('',(0.0081921875,0.0105880208333333,0.002));
#6857=CARTESIAN_POINT('',(0.0081921875,0.0105880208333333,0.002));
#6858=CARTESIAN_POINT('',(0.00650824355903976,0.0106308504088378,0.002));
#6859=CARTESIAN_POINT('',(-0.0185129340277778,0.0186071122569444,0.002));
#6860=CARTESIAN_POINT('',(-0.0185129340277778,0.0192445905555555,0.002));
#6861=CARTESIAN_POINT('',(-0.0185129340277778,0.0179696339583334,0.002));
#6862=CARTESIAN_POINT('',(-0.0202984157986111,0.0176658145138889,0.002));
#6863=CARTESIAN_POINT('',(-0.0220838975694445,0.0173619950694444,0.002));
#6864=CARTESIAN_POINT('',(-0.0202984157986111,0.0164413136458334,0.002));
#6865=CARTESIAN_POINT('',(-0.0185129340277778,0.0155206322222223,0.002));
#6866=CARTESIAN_POINT('',(-0.0185129340277778,0.0148598249305556,0.002));
#6867=CARTESIAN_POINT('',(-0.0185129340277778,0.0141990176388889,0.002));
#6868=CARTESIAN_POINT('',(-0.0209814670138889,0.0146276200694444,0.002));
#6869=CARTESIAN_POINT('',(-0.02345,0.0150562225,0.002));
#6870=CARTESIAN_POINT('',(-0.02345,0.0155548119097223,0.002));
#6871=CARTESIAN_POINT('',(-0.02345,0.0160534013194444,0.002));
#6872=CARTESIAN_POINT('',(-0.0227463324652778,0.0159313310069444,0.002));
#6873=CARTESIAN_POINT('',(-0.0220426649305556,0.0158092606944444,0.002));
#6874=CARTESIAN_POINT('',(-0.0209440321180555,0.0155683752777778,0.002));
#6875=CARTESIAN_POINT('',(-0.0198453993055555,0.0153274898611111,0.002));
#6876=CARTESIAN_POINT('',(-0.0216476996527778,0.0162736704166667,0.002));
#6877=CARTESIAN_POINT('',(-0.02345,0.0172198509722222,0.002));
#6878=CARTESIAN_POINT('',(-0.02345,0.0175605627777778,0.002));
#6879=CARTESIAN_POINT('',(-0.02345,0.0179012745833334,0.002));
#6880=CARTESIAN_POINT('',(-0.021584765625,0.0182322207638889,0.002));
#6881=CARTESIAN_POINT('',(-0.01971953125,0.0185631669444444,0.002));
#6882=CARTESIAN_POINT('',(-0.0209353515625,0.0187221296180555,0.002));
#6883=CARTESIAN_POINT('',(-0.022151171875,0.0188810922916666,0.002));
#6884=CARTESIAN_POINT('',(-0.0228005859375,0.0189950245833333,0.002));
#6885=CARTESIAN_POINT('',(-0.02345,0.019108956875,0.002));
#6886=CARTESIAN_POINT('',(-0.02345,0.0196053761458333,0.002));
#6887=CARTESIAN_POINT('',(-0.02345,0.0201017954166667,0.002));
#6888=CARTESIAN_POINT('',(-0.0209814670138889,0.0196731929861111,0.002));
#6889=CARTESIAN_POINT('',(-0.0229411024305556,0.0216887094791666,0.002));
#6890=CARTESIAN_POINT('',(-0.02345,0.0216111270138889,0.002));
#6891=CARTESIAN_POINT('',(-0.0224322048611112,0.0217662919444445,0.002));
#6892=CARTESIAN_POINT('',(-0.0224322048611112,0.0226278370833334,0.002));
#6893=CARTESIAN_POINT('',(-0.0224322048611112,0.0234893822222222,0.002));
#6894=CARTESIAN_POINT('',(-0.0229411024305556,0.0237438310069444,0.002));
#6895=CARTESIAN_POINT('',(-0.02345,0.0239982797916667,0.002));
#6896=CARTESIAN_POINT('',(-0.02345,0.0245456973263889,0.002));
#6897=CARTESIAN_POINT('',(-0.02345,0.0250931148611111,0.002));
#6898=CARTESIAN_POINT('',(-0.0209814670138889,0.0237742129513889,0.002));
#6899=CARTESIAN_POINT('',(-0.0185129340277778,0.0224553110416666,0.002));
#6900=CARTESIAN_POINT('',(-0.0185129340277778,0.0219957841319444,0.002));
#6901=CARTESIAN_POINT('',(-0.0185129340277778,0.0215362572222222,0.002));
#6902=CARTESIAN_POINT('',(-0.0209814670138889,0.0210664221527778,0.002));
#6903=CARTESIAN_POINT('',(-0.02345,0.0205965870833334,0.002));
#6904=CARTESIAN_POINT('',(-0.02345,0.0211038570486111,0.002));
#6905=CARTESIAN_POINT('',(-0.0185129340277778,-0.00198936795138888,0.002));
#6906=CARTESIAN_POINT('',(-0.0185129340277778,-0.00135188965277778,0.002));
#6907=CARTESIAN_POINT('',(-0.0185129340277778,-0.00262684625,0.002));
#6908=CARTESIAN_POINT('',(-0.0202984157986111,-0.00293066569444444,0.002));
#6909=CARTESIAN_POINT('',(-0.0220838975694445,-0.00323448513888888,0.002));
#6910=CARTESIAN_POINT('',(-0.0202984157986111,-0.0041551665625,0.002));
#6911=CARTESIAN_POINT('',(-0.0185129340277778,-0.00507584798611111,0.002));
#6912=CARTESIAN_POINT('',(-0.0185129340277778,-0.00573665527777777,0.002));
#6913=CARTESIAN_POINT('',(-0.0185129340277778,-0.00639746256944444,0.002));
#6914=CARTESIAN_POINT('',(-0.0209814670138889,-0.00596886013888888,0.002));
#6915=CARTESIAN_POINT('',(-0.02345,-0.00554025770833333,0.002));
#6916=CARTESIAN_POINT('',(-0.02345,-0.00504166829861111,0.002));
#6917=CARTESIAN_POINT('',(-0.02345,-0.00454307888888888,0.002));
#6918=CARTESIAN_POINT('',(-0.0227463324652778,-0.00466514920138888,0.002));
#6919=CARTESIAN_POINT('',(-0.0220426649305556,-0.00478721951388889,0.002));
#6920=CARTESIAN_POINT('',(-0.0209440321180555,-0.00502810493055555,0.002));
#6921=CARTESIAN_POINT('',(-0.0198453993055555,-0.00526899034722222,0.002));
#6922=CARTESIAN_POINT('',(-0.0216476996527778,-0.00432280979166666,0.002));
#6923=CARTESIAN_POINT('',(-0.02345,-0.00337662923611111,0.002));
#6924=CARTESIAN_POINT('',(-0.02345,-0.00303591743055556,0.002));
#6925=CARTESIAN_POINT('',(-0.02345,-0.002695205625,0.002));
#6926=CARTESIAN_POINT('',(-0.021584765625,-0.00236425944444444,0.002));
#6927=CARTESIAN_POINT('',(-0.01971953125,-0.00203331326388889,0.002));
#6928=CARTESIAN_POINT('',(-0.0209353515625,-0.00187435059027777,0.002));
#6929=CARTESIAN_POINT('',(-0.022151171875,-0.00171538791666667,0.002));
#6930=CARTESIAN_POINT('',(-0.0228005859375,-0.001601455625,0.002));
#6931=CARTESIAN_POINT('',(-0.02345,-0.00148752333333333,0.002));
#6932=CARTESIAN_POINT('',(-0.02345,-0.000991104062499998,0.002));
#6933=CARTESIAN_POINT('',(-0.02345,-0.000494684791666666,0.002));
#6934=CARTESIAN_POINT('',(-0.0209814670138889,-0.000923287222222221,0.002));
#6935=CARTESIAN_POINT('',(0.,0.,0.));
#6936=CARTESIAN_POINT('',(-0.02245,0.03295,0.));
#6937=CARTESIAN_POINT('',(-0.0239,0.03295,0.));
#6938=CARTESIAN_POINT('',(0.02245,-0.03295,0.));
#6939=CARTESIAN_POINT('',(0.021,-0.03295,0.));
#6940=CARTESIAN_POINT('',(-0.02245,-0.03295,0.));
#6941=CARTESIAN_POINT('',(-0.0239,-0.03295,0.));
#6942=CARTESIAN_POINT('',(0.02245,0.03295,0.));
#6943=CARTESIAN_POINT('',(0.021,0.03295,0.));
#6944=CARTESIAN_POINT('',(-0.00345,-9.61842213019284E-19,0.));
#6945=CARTESIAN_POINT('',(-0.00345,0.00556456,0.));
#6946=CARTESIAN_POINT('',(-0.00345,-0.00843544,0.));
#6947=CARTESIAN_POINT('',(-6.89498061820107E-19,0.00556456,0.));
#6948=CARTESIAN_POINT('',(-0.01745,0.00556456,0.));
#6949=CARTESIAN_POINT('',(-0.01745,-4.32441780797075E-18,0.));
#6950=CARTESIAN_POINT('',(-0.01745,-0.00843544,0.));
#6951=CARTESIAN_POINT('',(1.0452254141567E-18,-0.00843544,0.));
#6952=CARTESIAN_POINT('',(-3.46944695195361E-18,0.03495,0.));
#6953=CARTESIAN_POINT('',(-0.02445,0.03495,0.));
#6954=CARTESIAN_POINT('',(0.02445,0.03495,0.));
#6955=CARTESIAN_POINT('',(0.02445,0.,0.));
#6956=CARTESIAN_POINT('',(0.02445,-0.03495,0.));
#6957=CARTESIAN_POINT('',(3.46944695195361E-18,-0.03495,0.));
#6958=CARTESIAN_POINT('',(-0.02445,-0.03495,0.));
#6959=CARTESIAN_POINT('',(-0.02445,6.93889390390723E-18,0.));
#6960=CARTESIAN_POINT('',(-0.01045,-0.02024072,0.));
#6961=CARTESIAN_POINT('',(-0.00645,-0.02024072,0.));
#6962=CARTESIAN_POINT('',(-0.00345,-1.06871357002143E-18,0.));
#6963=CARTESIAN_POINT('',(-0.00345,0.02607966,0.));
#6964=CARTESIAN_POINT('',(-0.00345,0.01207966,0.));
#6965=CARTESIAN_POINT('',(-6.46299977821333E-18,0.02607966,0.));
#6966=CARTESIAN_POINT('',(-0.01745,0.02607966,0.));
#6967=CARTESIAN_POINT('',(-0.01745,-4.32441780797075E-18,0.));
#6968=CARTESIAN_POINT('',(-0.01745,0.01207966,0.));
#6969=CARTESIAN_POINT('',(-1.49677641312986E-18,0.01207966,0.));
#6970=CARTESIAN_POINT('',(0.,-0.03045,0.));
#6971=CARTESIAN_POINT('',(0.01725976,-0.03045,0.));
#6972=CARTESIAN_POINT('',(0.00525976,-0.03045,0.));
#6973=CARTESIAN_POINT('',(0.01725976,3.15167482755004E-18,0.));
#6974=CARTESIAN_POINT('',(0.01725976,0.00755,0.));
#6975=CARTESIAN_POINT('',(-3.27429056090622E-18,0.00755,0.));
#6976=CARTESIAN_POINT('',(0.00525976,0.00755,0.));
#6977=CARTESIAN_POINT('',(0.00525976,1.20055646710576E-18,0.));
#6978=CARTESIAN_POINT('',(-3.46944695195361E-18,0.03495,0.002));
#6979=CARTESIAN_POINT('',(-0.02445,0.03495,0.002));
#6980=CARTESIAN_POINT('',(0.02445,0.03495,0.002));
#6981=CARTESIAN_POINT('',(-0.02445,6.93889390390723E-18,0.002));
#6982=CARTESIAN_POINT('',(-0.02445,-0.03495,0.002));
#6983=CARTESIAN_POINT('',(3.46944695195361E-18,-0.03495,0.002));
#6984=CARTESIAN_POINT('',(0.02445,-0.03495,0.002));
#6985=CARTESIAN_POINT('',(0.02445,0.,0.002));
#6986=CARTESIAN_POINT('',(-0.01045,-0.02024072,-0.023));
#6987=CARTESIAN_POINT('',(-0.00345,0.01907966,-0.023));
#6988=CARTESIAN_POINT('',(-0.00345,0.01207966,-0.023));
#6989=CARTESIAN_POINT('',(-0.00345,0.02607966,-0.023));
#6990=CARTESIAN_POINT('',(-0.01045,0.02607966,-0.023));
#6991=CARTESIAN_POINT('',(-0.01745,0.02607966,-0.023));
#6992=CARTESIAN_POINT('',(-0.01745,0.01907966,-0.023));
#6993=CARTESIAN_POINT('',(-0.01745,0.01207966,-0.023));
#6994=CARTESIAN_POINT('',(-0.01045,0.01207966,-0.023));
#6995=CARTESIAN_POINT('',(-0.00345,-0.00143544,-0.023));
#6996=CARTESIAN_POINT('',(-0.00345,-0.00843544,-0.023));
#6997=CARTESIAN_POINT('',(-0.00345,0.00556456,-0.023));
#6998=CARTESIAN_POINT('',(-0.01045,0.00556456,-0.023));
#6999=CARTESIAN_POINT('',(-0.01745,0.00556456,-0.023));
#7000=CARTESIAN_POINT('',(-0.01745,-0.00143544,-0.023));
#7001=CARTESIAN_POINT('',(-0.01745,-0.00843544,-0.023));
#7002=CARTESIAN_POINT('',(-0.01045,-0.00843544,-0.023));
#7003=CARTESIAN_POINT('',(0.01125976,-0.03045,-0.023));
#7004=CARTESIAN_POINT('',(0.00525976,-0.03045,-0.023));
#7005=CARTESIAN_POINT('',(0.01725976,-0.03045,-0.023));
#7006=CARTESIAN_POINT('',(0.01725976,-0.01145,-0.023));
#7007=CARTESIAN_POINT('',(0.01725976,0.00755,-0.023));
#7008=CARTESIAN_POINT('',(0.01125976,0.00755,-0.023));
#7009=CARTESIAN_POINT('',(0.00525976,0.00755,-0.023));
#7010=CARTESIAN_POINT('',(0.00525976,-0.01145,-0.023));
#7011=CARTESIAN_POINT('',(0.02245,0.03295,0.025));
#7012=CARTESIAN_POINT('',(-0.02245,-0.03295,0.025));
#7013=CARTESIAN_POINT('',(0.02245,-0.03295,0.025));
#7014=CARTESIAN_POINT('',(-0.02245,0.03295,0.025));
#7015=CARTESIAN_POINT('',(0.01345,0.0171348958333334,0.0015));
#7016=CARTESIAN_POINT('',(0.01345,0.0165567708333334,0.0015));
#7017=CARTESIAN_POINT('',(0.01345,0.0165567708333334,0.0015));
#7018=CARTESIAN_POINT('',(0.01345,0.0171348958333334,0.0015));
#7019=CARTESIAN_POINT('',(0.01345,0.0177130208333333,0.0015));
#7020=CARTESIAN_POINT('',(0.01345,0.0177130208333333,0.0015));
#7021=CARTESIAN_POINT('',(0.015651171875,0.016174609375,0.0015));
#7022=CARTESIAN_POINT('',(0.01785234375,0.0157924479166666,0.0015));
#7023=CARTESIAN_POINT('',(0.01785234375,0.0157924479166666,0.0015));
#7024=CARTESIAN_POINT('',(0.015651171875,0.016174609375,0.0015));
#7025=CARTESIAN_POINT('',(0.01785234375,0.016369921875,0.0015));
#7026=CARTESIAN_POINT('',(0.01785234375,0.0169473958333334,0.0015));
#7027=CARTESIAN_POINT('',(0.01785234375,0.0169473958333334,0.0015));
#7028=CARTESIAN_POINT('',(0.01785234375,0.016369921875,0.0015));
#7029=CARTESIAN_POINT('',(0.015651171875,0.0173302083333334,0.0015));
#7030=CARTESIAN_POINT('',(0.015651171875,0.0173302083333334,0.0015));
#7031=CARTESIAN_POINT('',(0.,0.,0.0015));
#7032=CARTESIAN_POINT('',(0.00642221623748147,0.0153324380282675,0.0015));
#7033=CARTESIAN_POINT('',(0.00642221623748147,0.0153324380282675,0.002));
#7034=CARTESIAN_POINT('',(0.00723645833333333,0.0153041666666666,0.002));
#7035=CARTESIAN_POINT('',(0.00703658854166667,0.01586796875,0.002));
#7036=CARTESIAN_POINT('',(0.00723645833333333,0.0153041666666666,0.0015));
#7037=CARTESIAN_POINT('',(0.00723645833333333,0.0153041666666666,0.0015));
#7038=CARTESIAN_POINT('',(0.00642221623748147,0.0153324380282675,0.0015));
#7039=CARTESIAN_POINT('',(0.00703658854166667,0.01586796875,0.0015));
#7040=CARTESIAN_POINT('',(0.00703658854166667,0.01586796875,0.0015));
#7041=CARTESIAN_POINT('',(0.00709973958333334,0.0149018229166667,0.0015));
#7042=CARTESIAN_POINT('',(0.00709973958333334,0.0149018229166667,0.002));
#7043=CARTESIAN_POINT('',(0.00718828125,0.0150077256944445,0.0015));
#7044=CARTESIAN_POINT('',(0.00718828125,0.0150077256944445,0.002));
#7045=CARTESIAN_POINT('',(0.00723385416666666,0.0151418402777778,0.0015));
#7046=CARTESIAN_POINT('',(0.00723385416666666,0.0151418402777778,0.002));
#7047=CARTESIAN_POINT('',(0.00723645833333333,0.0153041666666666,0.0015));
#7048=CARTESIAN_POINT('',(0.00723645833333333,0.0153041666666666,0.002));
#7049=CARTESIAN_POINT('',(0.00709973958333334,0.0149018229166667,0.002));
#7050=CARTESIAN_POINT('',(0.00723255208333333,0.0150606770833333,0.002));
#7051=CARTESIAN_POINT('',(0.00723645833333333,0.0153041666666666,0.002));
#7052=CARTESIAN_POINT('',(0.00709973958333334,0.0149018229166667,0.002));
#7053=CARTESIAN_POINT('',(0.00709973958333334,0.0149018229166667,0.0015));
#7054=CARTESIAN_POINT('',(0.00709973958333334,0.0149018229166667,0.0015));
#7055=CARTESIAN_POINT('',(0.00709973958333334,0.0149018229166667,0.0015));
#7056=CARTESIAN_POINT('',(0.00723255208333333,0.0150606770833333,0.0015));
#7057=CARTESIAN_POINT('',(0.00723645833333333,0.0153041666666666,0.0015));
#7058=CARTESIAN_POINT('',(0.00673125,0.0147026041666667,0.0015));
#7059=CARTESIAN_POINT('',(0.00673125,0.0147026041666667,0.002));
#7060=CARTESIAN_POINT('',(0.00688836805555556,0.0147295138888889,0.0015));
#7061=CARTESIAN_POINT('',(0.00688836805555556,0.0147295138888889,0.002));
#7062=CARTESIAN_POINT('',(0.00701119791666667,0.0147959201388889,0.0015));
#7063=CARTESIAN_POINT('',(0.00701119791666667,0.0147959201388889,0.002));
#7064=CARTESIAN_POINT('',(0.00709973958333334,0.0149018229166667,0.0015));
#7065=CARTESIAN_POINT('',(0.00709973958333334,0.0149018229166667,0.002));
#7066=CARTESIAN_POINT('',(0.00673125,0.0147026041666667,0.002));
#7067=CARTESIAN_POINT('',(0.00696692708333334,0.01474296875,0.002));
#7068=CARTESIAN_POINT('',(0.00709973958333334,0.0149018229166667,0.002));
#7069=CARTESIAN_POINT('',(0.00673125,0.0147026041666667,0.002));
#7070=CARTESIAN_POINT('',(0.00673125,0.0147026041666667,0.0015));
#7071=CARTESIAN_POINT('',(0.00673125,0.0147026041666667,0.0015));
#7072=CARTESIAN_POINT('',(0.00673125,0.0147026041666667,0.0015));
#7073=CARTESIAN_POINT('',(0.00696692708333334,0.01474296875,0.0015));
#7074=CARTESIAN_POINT('',(0.00709973958333334,0.0149018229166667,0.0015));
#7075=CARTESIAN_POINT('',(0.00659165884810709,0.0157490503364806,0.0015));
#7076=CARTESIAN_POINT('',(0.00659165884810709,0.0157490503364806,0.002));
#7077=CARTESIAN_POINT('',(0.00642267400878818,0.0147066199667316,0.002));
#7078=CARTESIAN_POINT('',(0.00642265625,0.0147065104166667,0.0015));
#7079=CARTESIAN_POINT('',(0.00642267400878818,0.0147066199667316,0.00150000025));
#7080=CARTESIAN_POINT('',(0.00659165884810709,0.0157490503364806,0.0015));
#7081=CARTESIAN_POINT('',(0.00636927083333333,0.0147182291666667,0.0015));
#7082=CARTESIAN_POINT('',(0.00636927083333333,0.0147182291666667,0.002));
#7083=CARTESIAN_POINT('',(0.00631588541666667,0.0147299479166667,0.002));
#7084=CARTESIAN_POINT('',(0.00631588541666667,0.0147299479166667,0.0015));
#7085=CARTESIAN_POINT('',(0.00631588541666667,0.0147299479166667,0.0015));
#7086=CARTESIAN_POINT('',(0.00636927083333333,0.0147182291666667,0.0015));
#7087=CARTESIAN_POINT('',(0.00631588541666667,0.0155196614583333,0.0015));
#7088=CARTESIAN_POINT('',(0.00631588541666667,0.0155196614583333,0.002));
#7089=CARTESIAN_POINT('',(0.00631588541666667,0.016309375,0.002));
#7090=CARTESIAN_POINT('',(0.00631588541666667,0.016309375,0.0015));
#7091=CARTESIAN_POINT('',(0.00631588541666667,0.016309375,0.0015));
#7092=CARTESIAN_POINT('',(0.00631588541666667,0.0155196614583333,0.0015));
#7093=CARTESIAN_POINT('',(0.00361796875,0.0156700520833334,0.0015));
#7094=CARTESIAN_POINT('',(0.00361796875,0.0156700520833334,0.002));
#7095=CARTESIAN_POINT('',(0.00362144097222222,0.01605546875,0.0015));
#7096=CARTESIAN_POINT('',(0.00362144097222222,0.01605546875,0.002));
#7097=CARTESIAN_POINT('',(0.00371605902777778,0.0163966145833334,0.0015));
#7098=CARTESIAN_POINT('',(0.00371605902777778,0.0163966145833334,0.002));
#7099=CARTESIAN_POINT('',(0.00390182291666666,0.0166934895833333,0.0015));
#7100=CARTESIAN_POINT('',(0.00390182291666666,0.0166934895833333,0.002));
#7101=CARTESIAN_POINT('',(0.00361796875,0.0156700520833334,0.0015));
#7102=CARTESIAN_POINT('',(0.00361796875,0.0156700520833334,0.0015));
#7103=CARTESIAN_POINT('',(0.00361796875,0.0156700520833334,0.0015));
#7104=CARTESIAN_POINT('',(0.00362317708333333,0.0162481770833333,0.0015));
#7105=CARTESIAN_POINT('',(0.00390182291666666,0.0166934895833333,0.0015));
#7106=CARTESIAN_POINT('',(0.00390182291666666,0.0166934895833333,0.0015));
#7107=CARTESIAN_POINT('',(0.00390182291666666,0.0166934895833333,0.0015));
#7108=CARTESIAN_POINT('',(0.00596072744302427,0.0156160853511075,0.0015));
#7109=CARTESIAN_POINT('',(0.00381979166666667,0.0146654947916667,0.0015));
#7110=CARTESIAN_POINT('',(0.00381979166666667,0.0146654947916667,0.0015));
#7111=CARTESIAN_POINT('',(0.00596072744302427,0.0156160853511075,0.0015));
#7112=CARTESIAN_POINT('',(0.00440442708333334,0.0139486979166667,0.0015));
#7113=CARTESIAN_POINT('',(0.00440442708333334,0.0139486979166667,0.002));
#7114=CARTESIAN_POINT('',(0.00415442708333334,0.0141144965277778,0.0015));
#7115=CARTESIAN_POINT('',(0.00415442708333334,0.0141144965277778,0.002));
#7116=CARTESIAN_POINT('',(0.00395954861111111,0.0143534288194444,0.0015));
#7117=CARTESIAN_POINT('',(0.00395954861111111,0.0143534288194444,0.002));
#7118=CARTESIAN_POINT('',(0.00381979166666667,0.0146654947916667,0.0015));
#7119=CARTESIAN_POINT('',(0.00381979166666667,0.0146654947916667,0.002));
#7120=CARTESIAN_POINT('',(0.00440442708333334,0.0139486979166667,0.0015));
#7121=CARTESIAN_POINT('',(0.00440442708333334,0.0139486979166667,0.0015));
#7122=CARTESIAN_POINT('',(0.00440442708333334,0.0139486979166667,0.0015));
#7123=CARTESIAN_POINT('',(0.00402942708333334,0.0141973958333333,0.0015));
#7124=CARTESIAN_POINT('',(0.00381979166666667,0.0146654947916667,0.0015));
#7125=CARTESIAN_POINT('',(0.00472994791666667,0.01421171875,0.0015));
#7126=CARTESIAN_POINT('',(0.00505546875,0.0144747395833333,0.0015));
#7127=CARTESIAN_POINT('',(0.00505546875,0.0144747395833333,0.0015));
#7128=CARTESIAN_POINT('',(0.00472994791666667,0.01421171875,0.0015));
#7129=CARTESIAN_POINT('',(0.00457109375,0.0155723958333333,0.0015));
#7130=CARTESIAN_POINT('',(0.00457109375,0.0155723958333333,0.002));
#7131=CARTESIAN_POINT('',(0.00455980902777778,0.0151548611111111,0.0015));
#7132=CARTESIAN_POINT('',(0.00455980902777778,0.0151548611111111,0.002));
#7133=CARTESIAN_POINT('',(0.00472126736111111,0.0147889756944444,0.0015));
#7134=CARTESIAN_POINT('',(0.00472126736111111,0.0147889756944444,0.002));
#7135=CARTESIAN_POINT('',(0.00505546875,0.0144747395833333,0.0015));
#7136=CARTESIAN_POINT('',(0.00505546875,0.0144747395833333,0.002));
#7137=CARTESIAN_POINT('',(0.00457109375,0.0155723958333333,0.0015));
#7138=CARTESIAN_POINT('',(0.00457109375,0.0155723958333333,0.0015));
#7139=CARTESIAN_POINT('',(0.00457109375,0.0155723958333333,0.0015));
#7140=CARTESIAN_POINT('',(0.00455416666666667,0.01494609375,0.0015));
#7141=CARTESIAN_POINT('',(0.00505546875,0.0144747395833333,0.0015));
#7142=CARTESIAN_POINT('',(0.00483541666666667,0.0161830729166666,0.0015));
#7143=CARTESIAN_POINT('',(0.00483541666666667,0.0161830729166666,0.002));
#7144=CARTESIAN_POINT('',(0.00466440972222222,0.0160337673611111,0.0015));
#7145=CARTESIAN_POINT('',(0.00466440972222222,0.0160337673611111,0.002));
#7146=CARTESIAN_POINT('',(0.00457630208333333,0.0158302083333333,0.0015));
#7147=CARTESIAN_POINT('',(0.00457630208333333,0.0158302083333333,0.002));
#7148=CARTESIAN_POINT('',(0.00457109375,0.0155723958333333,0.0015));
#7149=CARTESIAN_POINT('',(0.00457109375,0.0155723958333333,0.002));
#7150=CARTESIAN_POINT('',(0.00483541666666667,0.0161830729166666,0.0015));
#7151=CARTESIAN_POINT('',(0.00483541666666667,0.0161830729166666,0.0015));
#7152=CARTESIAN_POINT('',(0.00483541666666667,0.0161830729166666,0.0015));
#7153=CARTESIAN_POINT('',(0.00457890625,0.0159591145833334,0.0015));
#7154=CARTESIAN_POINT('',(0.00457109375,0.0155723958333333,0.0015));
#7155=CARTESIAN_POINT('',(0.00551901041666667,0.0163901041666666,0.0015));
#7156=CARTESIAN_POINT('',(0.00551901041666667,0.0163901041666666,0.002));
#7157=CARTESIAN_POINT('',(0.00523428819444444,0.0164013888888889,0.0015));
#7158=CARTESIAN_POINT('',(0.00523428819444444,0.0164013888888889,0.002));
#7159=CARTESIAN_POINT('',(0.00500642361111111,0.0163323784722222,0.0015));
#7160=CARTESIAN_POINT('',(0.00500642361111111,0.0163323784722222,0.002));
#7161=CARTESIAN_POINT('',(0.00483541666666667,0.0161830729166666,0.0015));
#7162=CARTESIAN_POINT('',(0.00483541666666667,0.0161830729166666,0.002));
#7163=CARTESIAN_POINT('',(0.00551901041666667,0.0163901041666666,0.0015));
#7164=CARTESIAN_POINT('',(0.00551901041666667,0.0163901041666666,0.0015));
#7165=CARTESIAN_POINT('',(0.00551901041666667,0.0163901041666666,0.0015));
#7166=CARTESIAN_POINT('',(0.00509192708333333,0.01640703125,0.0015));
#7167=CARTESIAN_POINT('',(0.00483541666666667,0.0161830729166666,0.0015));
#7168=CARTESIAN_POINT('',(0.00551901041666667,0.015041796875,0.0015));
#7169=CARTESIAN_POINT('',(0.00551901041666667,0.0136934895833333,0.0015));
#7170=CARTESIAN_POINT('',(0.00551901041666667,0.0136934895833333,0.0015));
#7171=CARTESIAN_POINT('',(0.00551901041666667,0.015041796875,0.0015));
#7172=CARTESIAN_POINT('',(0.00576901041666667,0.0136609375,0.0015));
#7173=CARTESIAN_POINT('',(0.00601901041666667,0.0136283854166667,0.0015));
#7174=CARTESIAN_POINT('',(0.00601901041666667,0.0136283854166667,0.0015));
#7175=CARTESIAN_POINT('',(0.00576901041666667,0.0136609375,0.0015));
#7176=CARTESIAN_POINT('',(0.007559375,0.0139591145833333,0.0015));
#7177=CARTESIAN_POINT('',(0.007559375,0.0139591145833333,0.002));
#7178=CARTESIAN_POINT('',(0.00715399305555556,0.0136674479166667,0.0015));
#7179=CARTESIAN_POINT('',(0.00715399305555556,0.0136674479166667,0.002));
#7180=CARTESIAN_POINT('',(0.00664053819444445,0.0135572048611111,0.0015));
#7181=CARTESIAN_POINT('',(0.00664053819444445,0.0135572048611111,0.002));
#7182=CARTESIAN_POINT('',(0.00601901041666667,0.0136283854166667,0.0015));
#7183=CARTESIAN_POINT('',(0.00601901041666667,0.0136283854166667,0.002));
#7184=CARTESIAN_POINT('',(0.007559375,0.0139591145833333,0.0015));
#7185=CARTESIAN_POINT('',(0.007559375,0.0139591145833333,0.0015));
#7186=CARTESIAN_POINT('',(0.007559375,0.0139591145833333,0.0015));
#7187=CARTESIAN_POINT('',(0.00695130208333334,0.0135216145833333,0.0015));
#7188=CARTESIAN_POINT('',(0.00601901041666667,0.0136283854166667,0.0015));
#7189=CARTESIAN_POINT('',(0.008184375,0.015246875,0.0015));
#7190=CARTESIAN_POINT('',(0.008184375,0.015246875,0.002));
#7191=CARTESIAN_POINT('',(0.00817309027777778,0.0146800347222222,0.0015));
#7192=CARTESIAN_POINT('',(0.00817309027777778,0.0146800347222222,0.002));
#7193=CARTESIAN_POINT('',(0.00796475694444445,0.01425078125,0.0015));
#7194=CARTESIAN_POINT('',(0.00796475694444445,0.01425078125,0.002));
#7195=CARTESIAN_POINT('',(0.007559375,0.0139591145833333,0.0015));
#7196=CARTESIAN_POINT('',(0.007559375,0.0139591145833333,0.002));
#7197=CARTESIAN_POINT('',(0.008184375,0.015246875,0.0015));
#7198=CARTESIAN_POINT('',(0.008184375,0.015246875,0.0015));
#7199=CARTESIAN_POINT('',(0.008184375,0.015246875,0.0015));
#7200=CARTESIAN_POINT('',(0.00816744791666667,0.0143966145833333,0.0015));
#7201=CARTESIAN_POINT('',(0.007559375,0.0139591145833333,0.0015));
#7202=CARTESIAN_POINT('',(0.00618918915055179,0.0153261330175264,0.0015));
#7203=CARTESIAN_POINT('',(0.007908984375,0.0163380208333334,0.0015));
#7204=CARTESIAN_POINT('',(0.007908984375,0.0163380208333334,0.0015));
#7205=CARTESIAN_POINT('',(0.00618918915055179,0.0153261330175264,0.0015));
#7206=CARTESIAN_POINT('',(0.007080859375,0.017143359375,0.0015));
#7207=CARTESIAN_POINT('',(0.007080859375,0.017143359375,0.002));
#7208=CARTESIAN_POINT('',(0.00743893229166667,0.0169345920138889,0.0015));
#7209=CARTESIAN_POINT('',(0.00743893229166667,0.0169345920138889,0.002));
#7210=CARTESIAN_POINT('',(0.00771497395833333,0.0166661458333334,0.0015));
#7211=CARTESIAN_POINT('',(0.00771497395833333,0.0166661458333334,0.002));
#7212=CARTESIAN_POINT('',(0.007908984375,0.0163380208333334,0.0015));
#7213=CARTESIAN_POINT('',(0.007908984375,0.0163380208333334,0.002));
#7214=CARTESIAN_POINT('',(0.007080859375,0.017143359375,0.0015));
#7215=CARTESIAN_POINT('',(0.007080859375,0.017143359375,0.0015));
#7216=CARTESIAN_POINT('',(0.007080859375,0.017143359375,0.0015));
#7217=CARTESIAN_POINT('',(0.00761796875,0.0168302083333333,0.0015));
#7218=CARTESIAN_POINT('',(0.007908984375,0.0163380208333334,0.0015));
#7219=CARTESIAN_POINT('',(0.00565239675932985,0.0146815964778825,0.0015));
#7220=CARTESIAN_POINT('',(0.00590182291666667,0.0175177083333334,0.0015));
#7221=CARTESIAN_POINT('',(0.00590179819118176,0.0175174271910441,0.00150000025));
#7222=CARTESIAN_POINT('',(0.00565239675932985,0.0146815964778825,0.0015));
#7223=CARTESIAN_POINT('',(0.00582044270833333,0.0175235677083334,0.0015));
#7224=CARTESIAN_POINT('',(0.0057390625,0.0175294270833334,0.0015));
#7225=CARTESIAN_POINT('',(0.0057390625,0.0175294270833334,0.0015));
#7226=CARTESIAN_POINT('',(0.00582044270833333,0.0175235677083334,0.0015));
#7227=CARTESIAN_POINT('',(0.004666796875,0.0173588541666666,0.0015));
#7228=CARTESIAN_POINT('',(0.004666796875,0.0173588541666666,0.002));
#7229=CARTESIAN_POINT('',(0.004991015625,0.0175055555555556,0.0015));
#7230=CARTESIAN_POINT('',(0.004991015625,0.0175055555555556,0.002));
#7231=CARTESIAN_POINT('',(0.0053484375,0.0175624131944444,0.0015));
#7232=CARTESIAN_POINT('',(0.0053484375,0.0175624131944444,0.002));
#7233=CARTESIAN_POINT('',(0.0057390625,0.0175294270833334,0.0015));
#7234=CARTESIAN_POINT('',(0.0057390625,0.0175294270833334,0.002));
#7235=CARTESIAN_POINT('',(0.004666796875,0.0173588541666666,0.0015));
#7236=CARTESIAN_POINT('',(0.004666796875,0.0173588541666666,0.0015));
#7237=CARTESIAN_POINT('',(0.004666796875,0.0173588541666666,0.0015));
#7238=CARTESIAN_POINT('',(0.005153125,0.01757890625,0.0015));
#7239=CARTESIAN_POINT('',(0.0057390625,0.0175294270833334,0.0015));
#7240=CARTESIAN_POINT('',(0.0053584716581276,0.0157900554660999,0.0015));
#7241=CARTESIAN_POINT('',(0.0053584716581276,0.0157900554660999,0.0015));
#7242=CARTESIAN_POINT('',(0.00703658854166667,0.01586796875,0.0015));
#7243=CARTESIAN_POINT('',(0.00703658854166667,0.01586796875,0.002));
#7244=CARTESIAN_POINT('',(0.00689813368055556,0.01603203125,0.0015));
#7245=CARTESIAN_POINT('',(0.00689813368055556,0.01603203125,0.002));
#7246=CARTESIAN_POINT('',(0.00665789930555556,0.0161791666666667,0.0015));
#7247=CARTESIAN_POINT('',(0.00665789930555556,0.0161791666666667,0.002));
#7248=CARTESIAN_POINT('',(0.00631588541666667,0.016309375,0.0015));
#7249=CARTESIAN_POINT('',(0.00631588541666667,0.016309375,0.002));
#7250=CARTESIAN_POINT('',(0.00703658854166667,0.01586796875,0.002));
#7251=CARTESIAN_POINT('',(0.00682890625,0.0161140625,0.002));
#7252=CARTESIAN_POINT('',(0.00631588541666667,0.016309375,0.002));
#7253=CARTESIAN_POINT('',(0.00703658854166667,0.01586796875,0.0015));
#7254=CARTESIAN_POINT('',(0.00682890625,0.0161140625,0.0015));
#7255=CARTESIAN_POINT('',(0.00631588541666667,0.016309375,0.0015));
#7256=CARTESIAN_POINT('',(0.,0.,0.0015));
#7257=CARTESIAN_POINT('',(0.0151635416666666,0.0142260416666667,0.0015));
#7258=CARTESIAN_POINT('',(0.0151635416666666,0.0142260416666667,0.002));
#7259=CARTESIAN_POINT('',(0.014903125,0.0142208333333333,0.0015));
#7260=CARTESIAN_POINT('',(0.014903125,0.0142208333333333,0.002));
#7261=CARTESIAN_POINT('',(0.0146976128472222,0.0141598524305555,0.0015));
#7262=CARTESIAN_POINT('',(0.0146976128472222,0.0141598524305555,0.002));
#7263=CARTESIAN_POINT('',(0.0145470052083333,0.0140430989583333,0.0015));
#7264=CARTESIAN_POINT('',(0.0145470052083333,0.0140430989583333,0.002));
#7265=CARTESIAN_POINT('',(0.0151635416666666,0.0142260416666667,0.002));
#7266=CARTESIAN_POINT('',(0.0147729166666667,0.0142182291666667,0.002));
#7267=CARTESIAN_POINT('',(0.0145470052083333,0.0140430989583333,0.002));
#7268=CARTESIAN_POINT('',(0.0151635416666666,0.0142260416666667,0.002));
#7269=CARTESIAN_POINT('',(0.0145470052083333,0.0140430989583333,0.002));
#7270=CARTESIAN_POINT('',(0.0151635416666666,0.0142260416666667,0.0015));
#7271=CARTESIAN_POINT('',(0.0151635416666666,0.0142260416666667,0.0015));
#7272=CARTESIAN_POINT('',(0.0151635416666666,0.0142260416666667,0.0015));
#7273=CARTESIAN_POINT('',(0.0147729166666667,0.0142182291666667,0.0015));
#7274=CARTESIAN_POINT('',(0.0145470052083333,0.0140430989583333,0.0015));
#7275=CARTESIAN_POINT('',(0.0145470052083333,0.0140430989583333,0.0015));
#7276=CARTESIAN_POINT('',(0.0145470052083333,0.0140430989583333,0.0015));
#7277=CARTESIAN_POINT('',(0.0165040364583334,0.0139434895833333,0.0015));
#7278=CARTESIAN_POINT('',(0.0165040364583334,0.0139434895833333,0.002));
#7279=CARTESIAN_POINT('',(0.0161720052083334,0.0141483506944444,0.0015));
#7280=CARTESIAN_POINT('',(0.0161720052083334,0.0141483506944444,0.002));
#7281=CARTESIAN_POINT('',(0.0157251736111111,0.0142425347222222,0.0015));
#7282=CARTESIAN_POINT('',(0.0157251736111111,0.0142425347222222,0.002));
#7283=CARTESIAN_POINT('',(0.0151635416666666,0.0142260416666667,0.0015));
#7284=CARTESIAN_POINT('',(0.0151635416666666,0.0142260416666667,0.002));
#7285=CARTESIAN_POINT('',(0.0165040364583334,0.0139434895833333,0.002));
#7286=CARTESIAN_POINT('',(0.0160059895833334,0.01425078125,0.002));
#7287=CARTESIAN_POINT('',(0.0151635416666666,0.0142260416666667,0.002));
#7288=CARTESIAN_POINT('',(0.0165040364583334,0.0139434895833333,0.002));
#7289=CARTESIAN_POINT('',(0.0165040364583334,0.0139434895833333,0.0015));
#7290=CARTESIAN_POINT('',(0.0165040364583334,0.0139434895833333,0.0015));
#7291=CARTESIAN_POINT('',(0.0165040364583334,0.0139434895833333,0.0015));
#7292=CARTESIAN_POINT('',(0.0160059895833334,0.01425078125,0.0015));
#7293=CARTESIAN_POINT('',(0.0151635416666666,0.0142260416666667,0.0015));
#7294=CARTESIAN_POINT('',(0.0169864583333333,0.0131231770833333,0.0015));
#7295=CARTESIAN_POINT('',(0.0169864583333333,0.0131231770833333,0.002));
#7296=CARTESIAN_POINT('',(0.016996875,0.0134651909722222,0.0015));
#7297=CARTESIAN_POINT('',(0.016996875,0.0134651909722222,0.002));
#7298=CARTESIAN_POINT('',(0.0168360677083334,0.0137386284722222,0.0015));
#7299=CARTESIAN_POINT('',(0.0168360677083334,0.0137386284722222,0.002));
#7300=CARTESIAN_POINT('',(0.0165040364583334,0.0139434895833333,0.0015));
#7301=CARTESIAN_POINT('',(0.0165040364583334,0.0139434895833333,0.002));
#7302=CARTESIAN_POINT('',(0.0169864583333333,0.0131231770833333,0.002));
#7303=CARTESIAN_POINT('',(0.0170020833333334,0.0136361979166667,0.002));
#7304=CARTESIAN_POINT('',(0.0165040364583334,0.0139434895833333,0.002));
#7305=CARTESIAN_POINT('',(0.0169864583333333,0.0131231770833333,0.002));
#7306=CARTESIAN_POINT('',(0.0169864583333333,0.0131231770833333,0.0015));
#7307=CARTESIAN_POINT('',(0.0169864583333333,0.0131231770833333,0.0015));
#7308=CARTESIAN_POINT('',(0.0169864583333333,0.0131231770833333,0.0015));
#7309=CARTESIAN_POINT('',(0.0170020833333334,0.0136361979166667,0.0015));
#7310=CARTESIAN_POINT('',(0.0165040364583334,0.0139434895833333,0.0015));
#7311=CARTESIAN_POINT('',(0.0167436197916667,0.0126283854166667,0.0015));
#7312=CARTESIAN_POINT('',(0.0167436197916667,0.0126283854166667,0.002));
#7313=CARTESIAN_POINT('',(0.0168994357638889,0.0127438368055556,0.0015));
#7314=CARTESIAN_POINT('',(0.0168994357638889,0.0127438368055556,0.002));
#7315=CARTESIAN_POINT('',(0.0169803819444444,0.0129087673611111,0.0015));
#7316=CARTESIAN_POINT('',(0.0169803819444444,0.0129087673611111,0.002));
#7317=CARTESIAN_POINT('',(0.0169864583333333,0.0131231770833333,0.0015));
#7318=CARTESIAN_POINT('',(0.0169864583333333,0.0131231770833333,0.002));
#7319=CARTESIAN_POINT('',(0.0167436197916667,0.0126283854166667,0.002));
#7320=CARTESIAN_POINT('',(0.01697734375,0.0128015625,0.002));
#7321=CARTESIAN_POINT('',(0.0169864583333333,0.0131231770833333,0.002));
#7322=CARTESIAN_POINT('',(0.0167436197916667,0.0126283854166667,0.002));
#7323=CARTESIAN_POINT('',(0.0167436197916667,0.0126283854166667,0.0015));
#7324=CARTESIAN_POINT('',(0.0167436197916667,0.0126283854166667,0.0015));
#7325=CARTESIAN_POINT('',(0.0167436197916667,0.0126283854166667,0.0015));
#7326=CARTESIAN_POINT('',(0.01697734375,0.0128015625,0.0015));
#7327=CARTESIAN_POINT('',(0.0169864583333333,0.0131231770833333,0.0015));
#7328=CARTESIAN_POINT('',(0.0161192708333334,0.0124395833333333,0.0015));
#7329=CARTESIAN_POINT('',(0.0161192708333334,0.0124395833333333,0.002));
#7330=CARTESIAN_POINT('',(0.0163796875,0.01245,0.0015));
#7331=CARTESIAN_POINT('',(0.0163796875,0.01245,0.002));
#7332=CARTESIAN_POINT('',(0.0165878038194445,0.0125129340277778,0.0015));
#7333=CARTESIAN_POINT('',(0.0165878038194445,0.0125129340277778,0.002));
#7334=CARTESIAN_POINT('',(0.0167436197916667,0.0126283854166667,0.0015));
#7335=CARTESIAN_POINT('',(0.0167436197916667,0.0126283854166667,0.002));
#7336=CARTESIAN_POINT('',(0.0161192708333334,0.0124395833333333,0.002));
#7337=CARTESIAN_POINT('',(0.0165098958333334,0.0124552083333333,0.002));
#7338=CARTESIAN_POINT('',(0.0167436197916667,0.0126283854166667,0.002));
#7339=CARTESIAN_POINT('',(0.0161192708333334,0.0124395833333333,0.002));
#7340=CARTESIAN_POINT('',(0.0161192708333334,0.0124395833333333,0.0015));
#7341=CARTESIAN_POINT('',(0.0161192708333334,0.0124395833333333,0.0015));
#7342=CARTESIAN_POINT('',(0.0161192708333334,0.0124395833333333,0.0015));
#7343=CARTESIAN_POINT('',(0.0165098958333334,0.0124552083333333,0.0015));
#7344=CARTESIAN_POINT('',(0.0167436197916667,0.0126283854166667,0.0015));
#7345=CARTESIAN_POINT('',(0.0147989583333333,0.0127201822916667,0.0015));
#7346=CARTESIAN_POINT('',(0.0147989583333333,0.0127201822916667,0.002));
#7347=CARTESIAN_POINT('',(0.0151340277777778,0.0125192274305556,0.0015));
#7348=CARTESIAN_POINT('',(0.0151340277777778,0.0125192274305556,0.002));
#7349=CARTESIAN_POINT('',(0.0155741319444444,0.0124256944444444,0.0015));
#7350=CARTESIAN_POINT('',(0.0155741319444444,0.0124256944444444,0.002));
#7351=CARTESIAN_POINT('',(0.0161192708333334,0.0124395833333333,0.0015));
#7352=CARTESIAN_POINT('',(0.0161192708333334,0.0124395833333333,0.002));
#7353=CARTESIAN_POINT('',(0.0147989583333333,0.0127201822916667,0.002));
#7354=CARTESIAN_POINT('',(0.0153015625,0.01241875,0.002));
#7355=CARTESIAN_POINT('',(0.0161192708333334,0.0124395833333333,0.002));
#7356=CARTESIAN_POINT('',(0.0147989583333333,0.0127201822916667,0.002));
#7357=CARTESIAN_POINT('',(0.0147989583333333,0.0127201822916667,0.0015));
#7358=CARTESIAN_POINT('',(0.0147989583333333,0.0127201822916667,0.0015));
#7359=CARTESIAN_POINT('',(0.0147989583333333,0.0127201822916667,0.0015));
#7360=CARTESIAN_POINT('',(0.0153015625,0.01241875,0.0015));
#7361=CARTESIAN_POINT('',(0.0161192708333334,0.0124395833333333,0.0015));
#7362=CARTESIAN_POINT('',(0.01431328125,0.0135502604166667,0.0015));
#7363=CARTESIAN_POINT('',(0.01431328125,0.0135502604166667,0.002));
#7364=CARTESIAN_POINT('',(0.0143019965277778,0.0131978298611111,0.0015));
#7365=CARTESIAN_POINT('',(0.0143019965277778,0.0131978298611111,0.002));
#7366=CARTESIAN_POINT('',(0.0144638888888889,0.0129211371527778,0.0015));
#7367=CARTESIAN_POINT('',(0.0144638888888889,0.0129211371527778,0.002));
#7368=CARTESIAN_POINT('',(0.0147989583333333,0.0127201822916667,0.0015));
#7369=CARTESIAN_POINT('',(0.0147989583333333,0.0127201822916667,0.002));
#7370=CARTESIAN_POINT('',(0.01431328125,0.0135502604166667,0.002));
#7371=CARTESIAN_POINT('',(0.0142963541666667,0.0130216145833333,0.002));
#7372=CARTESIAN_POINT('',(0.0147989583333333,0.0127201822916667,0.002));
#7373=CARTESIAN_POINT('',(0.01431328125,0.0135502604166667,0.002));
#7374=CARTESIAN_POINT('',(0.01431328125,0.0135502604166667,0.0015));
#7375=CARTESIAN_POINT('',(0.01431328125,0.0135502604166667,0.0015));
#7376=CARTESIAN_POINT('',(0.01431328125,0.0135502604166667,0.0015));
#7377=CARTESIAN_POINT('',(0.0142963541666667,0.0130216145833333,0.0015));
#7378=CARTESIAN_POINT('',(0.0147989583333333,0.0127201822916667,0.0015));
#7379=CARTESIAN_POINT('',(0.017934375,0.0130658854166667,0.0015));
#7380=CARTESIAN_POINT('',(0.017934375,0.0130658854166667,0.002));
#7381=CARTESIAN_POINT('',(0.0179291666666667,0.0126778645833333,0.0015));
#7382=CARTESIAN_POINT('',(0.0179291666666667,0.0126778645833333,0.002));
#7383=CARTESIAN_POINT('',(0.0178295572916667,0.0123434461805555,0.0015));
#7384=CARTESIAN_POINT('',(0.0178295572916667,0.0123434461805555,0.002));
#7385=CARTESIAN_POINT('',(0.017635546875,0.0120626302083333,0.0015));
#7386=CARTESIAN_POINT('',(0.017635546875,0.0120626302083333,0.002));
#7387=CARTESIAN_POINT('',(0.017934375,0.0130658854166667,0.0015));
#7388=CARTESIAN_POINT('',(0.017934375,0.0130658854166667,0.0015));
#7389=CARTESIAN_POINT('',(0.017934375,0.0130658854166667,0.0015));
#7390=CARTESIAN_POINT('',(0.0179265625,0.0124838541666667,0.0015));
#7391=CARTESIAN_POINT('',(0.017635546875,0.0120626302083333,0.0015));
#7392=CARTESIAN_POINT('',(0.017635546875,0.0120626302083333,0.0015));
#7393=CARTESIAN_POINT('',(0.017635546875,0.0120626302083333,0.0015));
#7394=CARTESIAN_POINT('',(0.0173158854166666,0.014619921875,0.0015));
#7395=CARTESIAN_POINT('',(0.0173158854166666,0.014619921875,0.002));
#7396=CARTESIAN_POINT('',(0.0177447048611111,0.0141967447916667,0.0015));
#7397=CARTESIAN_POINT('',(0.0177447048611111,0.0141967447916667,0.002));
#7398=CARTESIAN_POINT('',(0.0179508680555556,0.0136787326388889,0.0015));
#7399=CARTESIAN_POINT('',(0.0179508680555556,0.0136787326388889,0.002));
#7400=CARTESIAN_POINT('',(0.017934375,0.0130658854166667,0.0015));
#7401=CARTESIAN_POINT('',(0.017934375,0.0130658854166667,0.002));
#7402=CARTESIAN_POINT('',(0.0173158854166666,0.014619921875,0.0015));
#7403=CARTESIAN_POINT('',(0.0173158854166666,0.014619921875,0.0015));
#7404=CARTESIAN_POINT('',(0.0173158854166666,0.014619921875,0.0015));
#7405=CARTESIAN_POINT('',(0.0179591145833334,0.01398515625,0.0015));
#7406=CARTESIAN_POINT('',(0.017934375,0.0130658854166667,0.0015));
#7407=CARTESIAN_POINT('',(0.0155828125,0.0153614583333333,0.0015));
#7408=CARTESIAN_POINT('',(0.0155828125,0.0153614583333333,0.002));
#7409=CARTESIAN_POINT('',(0.016309375,0.0152902777777778,0.0015));
#7410=CARTESIAN_POINT('',(0.016309375,0.0152902777777778,0.002));
#7411=CARTESIAN_POINT('',(0.0168870659722222,0.0150430989583333,0.0015));
#7412=CARTESIAN_POINT('',(0.0168870659722222,0.0150430989583333,0.002));
#7413=CARTESIAN_POINT('',(0.0173158854166666,0.014619921875,0.0015));
#7414=CARTESIAN_POINT('',(0.0173158854166666,0.014619921875,0.002));
#7415=CARTESIAN_POINT('',(0.0155828125,0.0153614583333333,0.0015));
#7416=CARTESIAN_POINT('',(0.0155828125,0.0153614583333333,0.0015));
#7417=CARTESIAN_POINT('',(0.0155828125,0.0153614583333333,0.0015));
#7418=CARTESIAN_POINT('',(0.01667265625,0.0152546875,0.0015));
#7419=CARTESIAN_POINT('',(0.0173158854166666,0.014619921875,0.0015));
#7420=CARTESIAN_POINT('',(0.0144591145833333,0.0152182291666666,0.0015));
#7421=CARTESIAN_POINT('',(0.0144591145833333,0.0152182291666666,0.002));
#7422=CARTESIAN_POINT('',(0.0147985243055556,0.0153510416666666,0.0015));
#7423=CARTESIAN_POINT('',(0.0147985243055556,0.0153510416666666,0.002));
#7424=CARTESIAN_POINT('',(0.0151730902777778,0.0153987847222222,0.0015));
#7425=CARTESIAN_POINT('',(0.0151730902777778,0.0153987847222222,0.002));
#7426=CARTESIAN_POINT('',(0.0155828125,0.0153614583333333,0.0015));
#7427=CARTESIAN_POINT('',(0.0155828125,0.0153614583333333,0.002));
#7428=CARTESIAN_POINT('',(0.0144591145833333,0.0152182291666666,0.0015));
#7429=CARTESIAN_POINT('',(0.0144591145833333,0.0152182291666666,0.0015));
#7430=CARTESIAN_POINT('',(0.0144591145833333,0.0152182291666666,0.0015));
#7431=CARTESIAN_POINT('',(0.0149682291666667,0.0154174479166666,0.0015));
#7432=CARTESIAN_POINT('',(0.0155828125,0.0153614583333333,0.0015));
#7433=CARTESIAN_POINT('',(0.0136635416666667,0.0145997395833333,0.0015));
#7434=CARTESIAN_POINT('',(0.0136635416666667,0.0145997395833333,0.002));
#7435=CARTESIAN_POINT('',(0.0138545138888889,0.0148792534722222,0.0015));
#7436=CARTESIAN_POINT('',(0.0138545138888889,0.0148792534722222,0.002));
#7437=CARTESIAN_POINT('',(0.0141197048611111,0.0150854166666666,0.0015));
#7438=CARTESIAN_POINT('',(0.0141197048611111,0.0150854166666666,0.002));
#7439=CARTESIAN_POINT('',(0.0144591145833333,0.0152182291666666,0.0015));
#7440=CARTESIAN_POINT('',(0.0144591145833333,0.0152182291666666,0.002));
#7441=CARTESIAN_POINT('',(0.0136635416666667,0.0145997395833333,0.0015));
#7442=CARTESIAN_POINT('',(0.0136635416666667,0.0145997395833333,0.0015));
#7443=CARTESIAN_POINT('',(0.0136635416666667,0.0145997395833333,0.0015));
#7444=CARTESIAN_POINT('',(0.01395,0.0150190104166667,0.0015));
#7445=CARTESIAN_POINT('',(0.0144591145833333,0.0152182291666666,0.0015));
#7446=CARTESIAN_POINT('',(0.01336796875,0.0136075520833333,0.0015));
#7447=CARTESIAN_POINT('',(0.01336796875,0.0136075520833333,0.002));
#7448=CARTESIAN_POINT('',(0.0133740451388889,0.0139894965277778,0.0015));
#7449=CARTESIAN_POINT('',(0.0133740451388889,0.0139894965277778,0.002));
#7450=CARTESIAN_POINT('',(0.0134725694444444,0.0143202256944444,0.0015));
#7451=CARTESIAN_POINT('',(0.0134725694444444,0.0143202256944444,0.002));
#7452=CARTESIAN_POINT('',(0.0136635416666667,0.0145997395833333,0.0015));
#7453=CARTESIAN_POINT('',(0.0136635416666667,0.0145997395833333,0.002));
#7454=CARTESIAN_POINT('',(0.01336796875,0.0136075520833333,0.0015));
#7455=CARTESIAN_POINT('',(0.01336796875,0.0136075520833333,0.0015));
#7456=CARTESIAN_POINT('',(0.01336796875,0.0136075520833333,0.0015));
#7457=CARTESIAN_POINT('',(0.0133770833333333,0.01418046875,0.0015));
#7458=CARTESIAN_POINT('',(0.0136635416666667,0.0145997395833333,0.0015));
#7459=CARTESIAN_POINT('',(0.0140014322916667,0.0120346354166667,0.0015));
#7460=CARTESIAN_POINT('',(0.0140014322916667,0.0120346354166667,0.002));
#7461=CARTESIAN_POINT('',(0.0135687065972222,0.0124591145833333,0.0015));
#7462=CARTESIAN_POINT('',(0.0135687065972222,0.0124591145833333,0.002));
#7463=CARTESIAN_POINT('',(0.0133575520833333,0.0129834201388889,0.0015));
#7464=CARTESIAN_POINT('',(0.0133575520833333,0.0129834201388889,0.002));
#7465=CARTESIAN_POINT('',(0.01336796875,0.0136075520833333,0.0015));
#7466=CARTESIAN_POINT('',(0.01336796875,0.0136075520833333,0.002));
#7467=CARTESIAN_POINT('',(0.0140014322916667,0.0120346354166667,0.0015));
#7468=CARTESIAN_POINT('',(0.0140014322916667,0.0120346354166667,0.0015));
#7469=CARTESIAN_POINT('',(0.0140014322916667,0.0120346354166667,0.0015));
#7470=CARTESIAN_POINT('',(0.01335234375,0.0126713541666667,0.0015));
#7471=CARTESIAN_POINT('',(0.01336796875,0.0136075520833333,0.0015));
#7472=CARTESIAN_POINT('',(0.0157,0.0113041666666667,0.0015));
#7473=CARTESIAN_POINT('',(0.0157,0.0113041666666667,0.002));
#7474=CARTESIAN_POINT('',(0.0150003472222222,0.0113666666666667,0.0015));
#7475=CARTESIAN_POINT('',(0.0150003472222222,0.0113666666666667,0.002));
#7476=CARTESIAN_POINT('',(0.0144341579861111,0.01161015625,0.0015));
#7477=CARTESIAN_POINT('',(0.0144341579861111,0.01161015625,0.002));
#7478=CARTESIAN_POINT('',(0.0140014322916667,0.0120346354166667,0.0015));
#7479=CARTESIAN_POINT('',(0.0140014322916667,0.0120346354166667,0.002));
#7480=CARTESIAN_POINT('',(0.0157,0.0113041666666667,0.0015));
#7481=CARTESIAN_POINT('',(0.0157,0.0113041666666667,0.0015));
#7482=CARTESIAN_POINT('',(0.0157,0.0113041666666667,0.0015));
#7483=CARTESIAN_POINT('',(0.0146505208333333,0.0113979166666667,0.0015));
#7484=CARTESIAN_POINT('',(0.0140014322916667,0.0120346354166667,0.0015));
#7485=CARTESIAN_POINT('',(0.0168334635416666,0.011444140625,0.0015));
#7486=CARTESIAN_POINT('',(0.0168334635416666,0.011444140625,0.002));
#7487=CARTESIAN_POINT('',(0.0164927517361111,0.0113126302083333,0.0015));
#7488=CARTESIAN_POINT('',(0.0164927517361111,0.0113126302083333,0.002));
#7489=CARTESIAN_POINT('',(0.0161149305555556,0.0112659722222222,0.0015));
#7490=CARTESIAN_POINT('',(0.0161149305555556,0.0112659722222222,0.002));
#7491=CARTESIAN_POINT('',(0.0157,0.0113041666666667,0.0015));
#7492=CARTESIAN_POINT('',(0.0157,0.0113041666666667,0.002));
#7493=CARTESIAN_POINT('',(0.0168334635416666,0.011444140625,0.0015));
#7494=CARTESIAN_POINT('',(0.0168334635416666,0.011444140625,0.0015));
#7495=CARTESIAN_POINT('',(0.0168334635416666,0.011444140625,0.0015));
#7496=CARTESIAN_POINT('',(0.0163223958333334,0.011246875,0.0015));
#7497=CARTESIAN_POINT('',(0.0157,0.0113041666666667,0.0015));
#7498=CARTESIAN_POINT('',(0.017635546875,0.0120626302083333,0.0015));
#7499=CARTESIAN_POINT('',(0.017635546875,0.0120626302083333,0.002));
#7500=CARTESIAN_POINT('',(0.0174415364583333,0.0117818142361111,0.0015));
#7501=CARTESIAN_POINT('',(0.0174415364583333,0.0117818142361111,0.002));
#7502=CARTESIAN_POINT('',(0.0171741753472222,0.0115756510416667,0.0015));
#7503=CARTESIAN_POINT('',(0.0171741753472222,0.0115756510416667,0.002));
#7504=CARTESIAN_POINT('',(0.0168334635416666,0.011444140625,0.0015));
#7505=CARTESIAN_POINT('',(0.0168334635416666,0.011444140625,0.002));
#7506=CARTESIAN_POINT('',(0.017635546875,0.0120626302083333,0.0015));
#7507=CARTESIAN_POINT('',(0.01734453125,0.01164140625,0.0015));
#7508=CARTESIAN_POINT('',(0.0168334635416666,0.011444140625,0.0015));
#7509=CARTESIAN_POINT('',(0.0145470052083333,0.0140430989583333,0.0015));
#7510=CARTESIAN_POINT('',(0.0145470052083333,0.0140430989583333,0.002));
#7511=CARTESIAN_POINT('',(0.0143963975694444,0.0139263454861111,0.0015));
#7512=CARTESIAN_POINT('',(0.0143963975694444,0.0139263454861111,0.002));
#7513=CARTESIAN_POINT('',(0.0143184895833333,0.0137620659722222,0.0015));
#7514=CARTESIAN_POINT('',(0.0143184895833333,0.0137620659722222,0.002));
#7515=CARTESIAN_POINT('',(0.01431328125,0.0135502604166667,0.0015));
#7516=CARTESIAN_POINT('',(0.01431328125,0.0135502604166667,0.002));
#7517=CARTESIAN_POINT('',(0.0145470052083333,0.0140430989583333,0.002));
#7518=CARTESIAN_POINT('',(0.01432109375,0.01386796875,0.002));
#7519=CARTESIAN_POINT('',(0.01431328125,0.0135502604166667,0.002));
#7520=CARTESIAN_POINT('',(0.0145470052083333,0.0140430989583333,0.0015));
#7521=CARTESIAN_POINT('',(0.01432109375,0.01386796875,0.0015));
#7522=CARTESIAN_POINT('',(0.01431328125,0.0135502604166667,0.0015));
#7523=CARTESIAN_POINT('',(0.,0.,0.0015));
#7524=CARTESIAN_POINT('',(0.00784583333333333,0.020565234375,0.0015));
#7525=CARTESIAN_POINT('',(0.00810625,0.02051640625,0.0015));
#7526=CARTESIAN_POINT('',(0.00810625,0.02051640625,0.0015));
#7527=CARTESIAN_POINT('',(0.00784583333333333,0.020565234375,0.0015));
#7528=CARTESIAN_POINT('',(0.00758541666666667,0.0206140625,0.0015));
#7529=CARTESIAN_POINT('',(0.00758541666666667,0.0206140625,0.0015));
#7530=CARTESIAN_POINT('',(0.008104296875,0.021053515625,0.0015));
#7531=CARTESIAN_POINT('',(0.00810234375,0.021590625,0.0015));
#7532=CARTESIAN_POINT('',(0.00810234375,0.021590625,0.0015));
#7533=CARTESIAN_POINT('',(0.008104296875,0.021053515625,0.0015));
#7534=CARTESIAN_POINT('',(0.005901171875,0.0219727864583333,0.0015));
#7535=CARTESIAN_POINT('',(0.0037,0.0223549479166667,0.0015));
#7536=CARTESIAN_POINT('',(0.0037,0.0223549479166667,0.0015));
#7537=CARTESIAN_POINT('',(0.005901171875,0.0219727864583333,0.0015));
#7538=CARTESIAN_POINT('',(0.0037,0.0217813802083334,0.0015));
#7539=CARTESIAN_POINT('',(0.0037,0.0212078125,0.0015));
#7540=CARTESIAN_POINT('',(0.0037,0.0212078125,0.0015));
#7541=CARTESIAN_POINT('',(0.0037,0.0217813802083334,0.0015));
#7542=CARTESIAN_POINT('',(0.0052546875,0.0209330729166666,0.0015));
#7543=CARTESIAN_POINT('',(0.006809375,0.0206583333333334,0.0015));
#7544=CARTESIAN_POINT('',(0.006809375,0.0206583333333334,0.0015));
#7545=CARTESIAN_POINT('',(0.0052546875,0.0209330729166666,0.0015));
#7546=CARTESIAN_POINT('',(0.00722734375,0.0198484375,0.0015));
#7547=CARTESIAN_POINT('',(0.00722734375,0.0198484375,0.002));
#7548=CARTESIAN_POINT('',(0.00723862847222222,0.0201496527777778,0.0015));
#7549=CARTESIAN_POINT('',(0.00723862847222222,0.0201496527777778,0.002));
#7550=CARTESIAN_POINT('',(0.00709930555555555,0.0204196180555556,0.0015));
#7551=CARTESIAN_POINT('',(0.00709930555555555,0.0204196180555556,0.002));
#7552=CARTESIAN_POINT('',(0.006809375,0.0206583333333334,0.0015));
#7553=CARTESIAN_POINT('',(0.006809375,0.0206583333333334,0.002));
#7554=CARTESIAN_POINT('',(0.00722734375,0.0198484375,0.0015));
#7555=CARTESIAN_POINT('',(0.00722734375,0.0198484375,0.0015));
#7556=CARTESIAN_POINT('',(0.00722734375,0.0198484375,0.0015));
#7557=CARTESIAN_POINT('',(0.00724427083333333,0.0203002604166666,0.0015));
#7558=CARTESIAN_POINT('',(0.006809375,0.0206583333333334,0.0015));
#7559=CARTESIAN_POINT('',(0.00680026041666667,0.0193276041666667,0.0015));
#7560=CARTESIAN_POINT('',(0.00680026041666667,0.0193276041666667,0.002));
#7561=CARTESIAN_POINT('',(0.00707717013888889,0.0193631944444445,0.0015));
#7562=CARTESIAN_POINT('',(0.00707717013888889,0.0193631944444445,0.002));
#7563=CARTESIAN_POINT('',(0.00721953125,0.0195368055555556,0.0015));
#7564=CARTESIAN_POINT('',(0.00721953125,0.0195368055555556,0.002));
#7565=CARTESIAN_POINT('',(0.00722734375,0.0198484375,0.0015));
#7566=CARTESIAN_POINT('',(0.00722734375,0.0198484375,0.002));
#7567=CARTESIAN_POINT('',(0.00680026041666667,0.0193276041666667,0.0015));
#7568=CARTESIAN_POINT('',(0.00680026041666667,0.0193276041666667,0.0015));
#7569=CARTESIAN_POINT('',(0.00680026041666667,0.0193276041666667,0.0015));
#7570=CARTESIAN_POINT('',(0.007215625,0.0193809895833334,0.0015));
#7571=CARTESIAN_POINT('',(0.00722734375,0.0198484375,0.0015));
#7572=CARTESIAN_POINT('',(0.00669985755132565,0.0206517955166192,0.0015));
#7573=CARTESIAN_POINT('',(0.00651119791666667,0.01933671875,0.0015));
#7574=CARTESIAN_POINT('',(0.00651121685500103,0.0193368507621475,0.00150000025));
#7575=CARTESIAN_POINT('',(0.00669985755132565,0.0206517955166192,0.0015));
#7576=CARTESIAN_POINT('',(0.00510559895833333,0.0195723958333333,0.0015));
#7577=CARTESIAN_POINT('',(0.0037,0.0198080729166666,0.0015));
#7578=CARTESIAN_POINT('',(0.0037,0.0198080729166666,0.0015));
#7579=CARTESIAN_POINT('',(0.00510559895833333,0.0195723958333333,0.0015));
#7580=CARTESIAN_POINT('',(0.0037,0.0192345052083334,0.0015));
#7581=CARTESIAN_POINT('',(0.0037,0.0186609375,0.0015));
#7582=CARTESIAN_POINT('',(0.0037,0.0186609375,0.0015));
#7583=CARTESIAN_POINT('',(0.0037,0.0192345052083334,0.0015));
#7584=CARTESIAN_POINT('',(0.00509973958333333,0.0184291666666666,0.0015));
#7585=CARTESIAN_POINT('',(0.00649947916666667,0.0181973958333334,0.0015));
#7586=CARTESIAN_POINT('',(0.00649947916666667,0.0181973958333334,0.0015));
#7587=CARTESIAN_POINT('',(0.00509973958333333,0.0184291666666666,0.0015));
#7588=CARTESIAN_POINT('',(0.00772799479166667,0.0184122395833334,0.0015));
#7589=CARTESIAN_POINT('',(0.00772799479166667,0.0184122395833334,0.002));
#7590=CARTESIAN_POINT('',(0.007432421875,0.0182143229166667,0.0015));
#7591=CARTESIAN_POINT('',(0.007432421875,0.0182143229166667,0.002));
#7592=CARTESIAN_POINT('',(0.00702291666666667,0.0181427083333334,0.0015));
#7593=CARTESIAN_POINT('',(0.00702291666666667,0.0181427083333334,0.002));
#7594=CARTESIAN_POINT('',(0.00649947916666667,0.0181973958333334,0.0015));
#7595=CARTESIAN_POINT('',(0.00649947916666667,0.0181973958333334,0.002));
#7596=CARTESIAN_POINT('',(0.00772799479166667,0.0184122395833334,0.0015));
#7597=CARTESIAN_POINT('',(0.00772799479166667,0.0184122395833334,0.0015));
#7598=CARTESIAN_POINT('',(0.00772799479166667,0.0184122395833334,0.0015));
#7599=CARTESIAN_POINT('',(0.00728463541666667,0.0181153645833334,0.0015));
#7600=CARTESIAN_POINT('',(0.00649947916666667,0.0181973958333334,0.0015));
#7601=CARTESIAN_POINT('',(0.008184375,0.0193315104166666,0.0015));
#7602=CARTESIAN_POINT('',(0.008184375,0.0193315104166666,0.002));
#7603=CARTESIAN_POINT('',(0.00817569444444445,0.0189165798611111,0.0015));
#7604=CARTESIAN_POINT('',(0.00817569444444445,0.0189165798611111,0.002));
#7605=CARTESIAN_POINT('',(0.00802356770833334,0.01861015625,0.0015));
#7606=CARTESIAN_POINT('',(0.00802356770833334,0.01861015625,0.002));
#7607=CARTESIAN_POINT('',(0.00772799479166667,0.0184122395833334,0.0015));
#7608=CARTESIAN_POINT('',(0.00772799479166667,0.0184122395833334,0.002));
#7609=CARTESIAN_POINT('',(0.008184375,0.0193315104166666,0.0015));
#7610=CARTESIAN_POINT('',(0.008184375,0.0193315104166666,0.0015));
#7611=CARTESIAN_POINT('',(0.008184375,0.0193315104166666,0.0015));
#7612=CARTESIAN_POINT('',(0.00817135416666667,0.0187091145833333,0.0015));
#7613=CARTESIAN_POINT('',(0.00772799479166667,0.0184122395833334,0.0015));
#7614=CARTESIAN_POINT('',(0.00758541666666667,0.0206140625,0.0015));
#7615=CARTESIAN_POINT('',(0.00758541666666667,0.0206140625,0.002));
#7616=CARTESIAN_POINT('',(0.00799513888888889,0.0202616319444444,0.0015));
#7617=CARTESIAN_POINT('',(0.00799513888888889,0.0202616319444444,0.002));
#7618=CARTESIAN_POINT('',(0.00819479166666667,0.0198341145833333,0.0015));
#7619=CARTESIAN_POINT('',(0.00819479166666667,0.0198341145833333,0.002));
#7620=CARTESIAN_POINT('',(0.008184375,0.0193315104166666,0.0015));
#7621=CARTESIAN_POINT('',(0.008184375,0.0193315104166666,0.002));
#7622=CARTESIAN_POINT('',(0.00758541666666667,0.0206140625,0.0015));
#7623=CARTESIAN_POINT('',(0.0082,0.0200854166666667,0.0015));
#7624=CARTESIAN_POINT('',(0.008184375,0.0193315104166666,0.0015));
#7625=CARTESIAN_POINT('',(0.,0.,0.0015));
#7626=CARTESIAN_POINT('',(0.00415572916666666,0.0241700520833334,0.0015));
#7627=CARTESIAN_POINT('',(0.00415572916666666,0.0241700520833334,0.002));
#7628=CARTESIAN_POINT('',(0.00378940972222222,0.0244955729166667,0.0015));
#7629=CARTESIAN_POINT('',(0.00378940972222222,0.0244955729166667,0.002));
#7630=CARTESIAN_POINT('',(0.00361015625,0.0248996527777778,0.0015));
#7631=CARTESIAN_POINT('',(0.00361015625,0.0248996527777778,0.002));
#7632=CARTESIAN_POINT('',(0.00361796875,0.0253822916666667,0.0015));
#7633=CARTESIAN_POINT('',(0.00361796875,0.0253822916666667,0.002));
#7634=CARTESIAN_POINT('',(0.00415572916666666,0.0241700520833334,0.0015));
#7635=CARTESIAN_POINT('',(0.00415572916666666,0.0241700520833334,0.0015));
#7636=CARTESIAN_POINT('',(0.00415572916666666,0.0241700520833334,0.0015));
#7637=CARTESIAN_POINT('',(0.00360625,0.0246583333333334,0.0015));
#7638=CARTESIAN_POINT('',(0.00361796875,0.0253822916666667,0.0015));
#7639=CARTESIAN_POINT('',(0.00361796875,0.0253822916666667,0.0015));
#7640=CARTESIAN_POINT('',(0.00361796875,0.0253822916666667,0.0015));
#7641=CARTESIAN_POINT('',(0.00392786458333333,0.0242123697916666,0.0015));
#7642=CARTESIAN_POINT('',(0.0037,0.0242546875,0.0015));
#7643=CARTESIAN_POINT('',(0.0037,0.0242546875,0.0015));
#7644=CARTESIAN_POINT('',(0.00392786458333333,0.0242123697916666,0.0015));
#7645=CARTESIAN_POINT('',(0.0037,0.0237201822916666,0.0015));
#7646=CARTESIAN_POINT('',(0.0037,0.0231856770833333,0.0015));
#7647=CARTESIAN_POINT('',(0.0037,0.0231856770833333,0.0015));
#7648=CARTESIAN_POINT('',(0.0037,0.0237201822916666,0.0015));
#7649=CARTESIAN_POINT('',(0.005901171875,0.0228028645833333,0.0015));
#7650=CARTESIAN_POINT('',(0.00810234375,0.0224200520833333,0.0015));
#7651=CARTESIAN_POINT('',(0.00810234375,0.0224200520833333,0.0015));
#7652=CARTESIAN_POINT('',(0.005901171875,0.0228028645833333,0.0015));
#7653=CARTESIAN_POINT('',(0.00810234375,0.0229981770833334,0.0015));
#7654=CARTESIAN_POINT('',(0.00810234375,0.0235763020833334,0.0015));
#7655=CARTESIAN_POINT('',(0.00810234375,0.0235763020833334,0.0015));
#7656=CARTESIAN_POINT('',(0.00810234375,0.0229981770833334,0.0015));
#7657=CARTESIAN_POINT('',(0.006541796875,0.023850390625,0.0015));
#7658=CARTESIAN_POINT('',(0.00498125,0.0241244791666666,0.0015));
#7659=CARTESIAN_POINT('',(0.00498125,0.0241244791666666,0.0015));
#7660=CARTESIAN_POINT('',(0.006541796875,0.023850390625,0.0015));
#7661=CARTESIAN_POINT('',(0.00457109375,0.02500859375,0.0015));
#7662=CARTESIAN_POINT('',(0.00457109375,0.02500859375,0.002));
#7663=CARTESIAN_POINT('',(0.00455980902777778,0.0246526909722222,0.0015));
#7664=CARTESIAN_POINT('',(0.00455980902777778,0.0246526909722222,0.002));
#7665=CARTESIAN_POINT('',(0.00469652777777778,0.0243579861111111,0.0015));
#7666=CARTESIAN_POINT('',(0.00469652777777778,0.0243579861111111,0.002));
#7667=CARTESIAN_POINT('',(0.00498125,0.0241244791666666,0.0015));
#7668=CARTESIAN_POINT('',(0.00498125,0.0241244791666666,0.002));
#7669=CARTESIAN_POINT('',(0.00457109375,0.02500859375,0.0015));
#7670=CARTESIAN_POINT('',(0.00457109375,0.02500859375,0.0015));
#7671=CARTESIAN_POINT('',(0.00457109375,0.02500859375,0.0015));
#7672=CARTESIAN_POINT('',(0.00455416666666667,0.0244747395833333,0.0015));
#7673=CARTESIAN_POINT('',(0.00498125,0.0241244791666666,0.0015));
#7674=CARTESIAN_POINT('',(0.00499036458333333,0.0254591145833334,0.0015));
#7675=CARTESIAN_POINT('',(0.00499036458333333,0.0254591145833334,0.002));
#7676=CARTESIAN_POINT('',(0.00471866319444444,0.0254322048611111,0.0015));
#7677=CARTESIAN_POINT('',(0.00471866319444444,0.0254322048611111,0.002));
#7678=CARTESIAN_POINT('',(0.00457890625,0.02528203125,0.0015));
#7679=CARTESIAN_POINT('',(0.00457890625,0.02528203125,0.002));
#7680=CARTESIAN_POINT('',(0.00457109375,0.02500859375,0.0015));
#7681=CARTESIAN_POINT('',(0.00457109375,0.02500859375,0.002));
#7682=CARTESIAN_POINT('',(0.00499036458333333,0.0254591145833334,0.0015));
#7683=CARTESIAN_POINT('',(0.00499036458333333,0.0254591145833334,0.0015));
#7684=CARTESIAN_POINT('',(0.00499036458333333,0.0254591145833334,0.0015));
#7685=CARTESIAN_POINT('',(0.0045828125,0.02541875,0.0015));
#7686=CARTESIAN_POINT('',(0.00457109375,0.02500859375,0.0015));
#7687=CARTESIAN_POINT('',(0.00509804913088468,0.0243962162416433,0.0015));
#7688=CARTESIAN_POINT('',(0.00524166666666667,0.0254552083333334,0.0015));
#7689=CARTESIAN_POINT('',(0.00524165504784322,0.0254551226596579,0.00150000025));
#7690=CARTESIAN_POINT('',(0.00509804913088468,0.0243962162416433,0.0015));
#7691=CARTESIAN_POINT('',(0.00667200520833333,0.0252130208333333,0.0015));
#7692=CARTESIAN_POINT('',(0.00810234375,0.0249708333333333,0.0015));
#7693=CARTESIAN_POINT('',(0.00810234375,0.0249708333333333,0.0015));
#7694=CARTESIAN_POINT('',(0.00667200520833333,0.0252130208333333,0.0015));
#7695=CARTESIAN_POINT('',(0.00810234375,0.0255450520833333,0.0015));
#7696=CARTESIAN_POINT('',(0.00810234375,0.0261192708333334,0.0015));
#7697=CARTESIAN_POINT('',(0.00810234375,0.0261192708333334,0.0015));
#7698=CARTESIAN_POINT('',(0.00810234375,0.0255450520833333,0.0015));
#7699=CARTESIAN_POINT('',(0.006678515625,0.0263569010416666,0.0015));
#7700=CARTESIAN_POINT('',(0.0052546875,0.02659453125,0.0015));
#7701=CARTESIAN_POINT('',(0.0052546875,0.02659453125,0.0015));
#7702=CARTESIAN_POINT('',(0.006678515625,0.0263569010416666,0.0015));
#7703=CARTESIAN_POINT('',(0.00407434895833333,0.0263432291666667,0.0015));
#7704=CARTESIAN_POINT('',(0.00407434895833333,0.0263432291666667,0.002));
#7705=CARTESIAN_POINT('',(0.00437252604166666,0.0265602430555556,0.0015));
#7706=CARTESIAN_POINT('',(0.00437252604166666,0.0265602430555556,0.002));
#7707=CARTESIAN_POINT('',(0.00476597222222222,0.0266440104166667,0.0015));
#7708=CARTESIAN_POINT('',(0.00476597222222222,0.0266440104166667,0.002));
#7709=CARTESIAN_POINT('',(0.0052546875,0.02659453125,0.0015));
#7710=CARTESIAN_POINT('',(0.0052546875,0.02659453125,0.002));
#7711=CARTESIAN_POINT('',(0.00407434895833333,0.0263432291666667,0.0015));
#7712=CARTESIAN_POINT('',(0.00407434895833333,0.0263432291666667,0.0015));
#7713=CARTESIAN_POINT('',(0.00407434895833333,0.0263432291666667,0.0015));
#7714=CARTESIAN_POINT('',(0.00452161458333333,0.02666875,0.0015));
#7715=CARTESIAN_POINT('',(0.0052546875,0.02659453125,0.0015));
#7716=CARTESIAN_POINT('',(0.00361796875,0.0253822916666667,0.0015));
#7717=CARTESIAN_POINT('',(0.00361796875,0.0253822916666667,0.002));
#7718=CARTESIAN_POINT('',(0.00362404513888889,0.0258059027777778,0.0015));
#7719=CARTESIAN_POINT('',(0.00362404513888889,0.0258059027777778,0.002));
#7720=CARTESIAN_POINT('',(0.003776171875,0.0261262152777778,0.0015));
#7721=CARTESIAN_POINT('',(0.003776171875,0.0261262152777778,0.002));
#7722=CARTESIAN_POINT('',(0.00407434895833333,0.0263432291666667,0.0015));
#7723=CARTESIAN_POINT('',(0.00407434895833333,0.0263432291666667,0.002));
#7724=CARTESIAN_POINT('',(0.00361796875,0.0253822916666667,0.0015));
#7725=CARTESIAN_POINT('',(0.00362708333333334,0.0260177083333334,0.0015));
#7726=CARTESIAN_POINT('',(0.00407434895833333,0.0263432291666667,0.0015));
#7727=CARTESIAN_POINT('',(0.,0.,0.0015));
#7728=CARTESIAN_POINT('',(0.00863619791666667,0.02755546875,0.0015));
#7729=CARTESIAN_POINT('',(0.00863619791666667,0.0266765625,0.0015));
#7730=CARTESIAN_POINT('',(0.00863619791666667,0.0266765625,0.0015));
#7731=CARTESIAN_POINT('',(0.00863619791666667,0.02755546875,0.0015));
#7732=CARTESIAN_POINT('',(0.00863619791666667,0.028434375,0.0015));
#7733=CARTESIAN_POINT('',(0.00863619791666667,0.028434375,0.0015));
#7734=CARTESIAN_POINT('',(0.00913033854166667,0.0265893229166667,0.0015));
#7735=CARTESIAN_POINT('',(0.00962447916666667,0.0265020833333333,0.0015));
#7736=CARTESIAN_POINT('',(0.00962447916666667,0.0265020833333333,0.0015));
#7737=CARTESIAN_POINT('',(0.00913033854166667,0.0265893229166667,0.0015));
#7738=CARTESIAN_POINT('',(0.00962447916666667,0.0288458333333333,0.0015));
#7739=CARTESIAN_POINT('',(0.00962447916666667,0.0311895833333334,0.0015));
#7740=CARTESIAN_POINT('',(0.00962447916666667,0.0311895833333334,0.0015));
#7741=CARTESIAN_POINT('',(0.00962447916666667,0.0288458333333333,0.0015));
#7742=CARTESIAN_POINT('',(0.00913033854166666,0.0312768229166666,0.0015));
#7743=CARTESIAN_POINT('',(0.00863619791666666,0.0313640625,0.0015));
#7744=CARTESIAN_POINT('',(0.00863619791666666,0.0313640625,0.0015));
#7745=CARTESIAN_POINT('',(0.00913033854166666,0.0312768229166666,0.0015));
#7746=CARTESIAN_POINT('',(0.00863619791666666,0.0304955729166667,0.0015));
#7747=CARTESIAN_POINT('',(0.00863619791666666,0.0296270833333333,0.0015));
#7748=CARTESIAN_POINT('',(0.00863619791666666,0.0296270833333333,0.0015));
#7749=CARTESIAN_POINT('',(0.00863619791666666,0.0304955729166667,0.0015));
#7750=CARTESIAN_POINT('',(0.00616809895833333,0.0300541666666667,0.0015));
#7751=CARTESIAN_POINT('',(0.0037,0.03048125,0.0015));
#7752=CARTESIAN_POINT('',(0.0037,0.03048125,0.0015));
#7753=CARTESIAN_POINT('',(0.00616809895833333,0.0300541666666667,0.0015));
#7754=CARTESIAN_POINT('',(0.0037,0.0298848958333333,0.0015));
#7755=CARTESIAN_POINT('',(0.0037,0.0292885416666667,0.0015));
#7756=CARTESIAN_POINT('',(0.0037,0.0292885416666667,0.0015));
#7757=CARTESIAN_POINT('',(0.0037,0.0298848958333333,0.0015));
#7758=CARTESIAN_POINT('',(0.00616809895833333,0.0288614583333334,0.0015));
#7759=CARTESIAN_POINT('',(0.00616809895833333,0.0288614583333334,0.0015));
#7760=CARTESIAN_POINT('',(0.,0.,0.0015));
#7761=CARTESIAN_POINT('',(0.0190075041124468,0.0162410259904806,0.0015));
#7762=CARTESIAN_POINT('',(0.0189721354166667,0.01681328125,0.0015));
#7763=CARTESIAN_POINT('',(0.0189721354166667,0.01681328125,0.0015));
#7764=CARTESIAN_POINT('',(0.0190075041124468,0.0162410259904806,0.0015));
#7765=CARTESIAN_POINT('',(0.0194233156909096,0.0166342499916299,0.00150000025));
#7766=CARTESIAN_POINT('',(0.0194233072916666,0.0166342447916666,0.0015));
#7767=CARTESIAN_POINT('',(0.01853203125,0.016612109375,0.0015));
#7768=CARTESIAN_POINT('',(0.01853203125,0.016612109375,0.002));
#7769=CARTESIAN_POINT('',(0.0186405381944444,0.016741015625,0.0015));
#7770=CARTESIAN_POINT('',(0.0186405381944444,0.016741015625,0.002));
#7771=CARTESIAN_POINT('',(0.0187872395833333,0.0168080729166667,0.0015));
#7772=CARTESIAN_POINT('',(0.0187872395833333,0.0168080729166667,0.002));
#7773=CARTESIAN_POINT('',(0.0189721354166667,0.01681328125,0.0015));
#7774=CARTESIAN_POINT('',(0.0189721354166667,0.01681328125,0.002));
#7775=CARTESIAN_POINT('',(0.01853203125,0.016612109375,0.0015));
#7776=CARTESIAN_POINT('',(0.01853203125,0.016612109375,0.0015));
#7777=CARTESIAN_POINT('',(0.01853203125,0.016612109375,0.0015));
#7778=CARTESIAN_POINT('',(0.0186947916666667,0.01680546875,0.0015));
#7779=CARTESIAN_POINT('',(0.0189721354166667,0.01681328125,0.0015));
#7780=CARTESIAN_POINT('',(0.0190205107168697,0.0161926173030706,0.0015));
#7781=CARTESIAN_POINT('',(0.0183770833333333,0.0161622395833334,0.0015));
#7782=CARTESIAN_POINT('',(0.0183770833333333,0.0161622395833334,0.0015));
#7783=CARTESIAN_POINT('',(0.0190205107168697,0.0161926173030706,0.0015));
#7784=CARTESIAN_POINT('',(0.018573046875,0.0157006510416666,0.0015));
#7785=CARTESIAN_POINT('',(0.018573046875,0.0157006510416666,0.002));
#7786=CARTESIAN_POINT('',(0.0184484809027778,0.0158182725694444,0.0015));
#7787=CARTESIAN_POINT('',(0.0184484809027778,0.0158182725694444,0.002));
#7788=CARTESIAN_POINT('',(0.0183831597222222,0.0159721354166667,0.0015));
#7789=CARTESIAN_POINT('',(0.0183831597222222,0.0159721354166667,0.002));
#7790=CARTESIAN_POINT('',(0.0183770833333333,0.0161622395833334,0.0015));
#7791=CARTESIAN_POINT('',(0.0183770833333333,0.0161622395833334,0.002));
#7792=CARTESIAN_POINT('',(0.018573046875,0.0157006510416666,0.0015));
#7793=CARTESIAN_POINT('',(0.018573046875,0.0157006510416666,0.0015));
#7794=CARTESIAN_POINT('',(0.018573046875,0.0157006510416666,0.0015));
#7795=CARTESIAN_POINT('',(0.0183861979166666,0.0158770833333334,0.0015));
#7796=CARTESIAN_POINT('',(0.0183770833333333,0.0161622395833334,0.0015));
#7797=CARTESIAN_POINT('',(0.0189867921032214,0.0161208961072976,0.0015));
#7798=CARTESIAN_POINT('',(0.0190125,0.01553203125,0.0015));
#7799=CARTESIAN_POINT('',(0.0190124954622971,0.0155324267783852,0.0015));
#7800=CARTESIAN_POINT('',(0.0189867921032214,0.0161208961072976,0.0015));
#7801=CARTESIAN_POINT('',(0.0190125913100113,0.0160999923305794,0.0015));
#7802=CARTESIAN_POINT('',(0.0194434895833334,0.01573125,0.0015));
#7803=CARTESIAN_POINT('',(0.0194434847243213,0.0157312548579004,0.0015));
#7804=CARTESIAN_POINT('',(0.0190125913100113,0.0160999923305794,0.0015));
#7805=CARTESIAN_POINT('',(0.0189690057688595,0.0161512580250362,0.0015));
#7806=CARTESIAN_POINT('',(0.019601839787399,0.0161829328419842,0.0015));
#7807=CARTESIAN_POINT('',(0.019601839787399,0.0161829328419842,0.0015));
#7808=CARTESIAN_POINT('',(0.0189690057688595,0.0161512580250362,0.0015));
#7809=CARTESIAN_POINT('',(0.0189750239083313,0.0161957907125168,0.0015));
#7810=CARTESIAN_POINT('',(0.0189750239083313,0.0161957907125168,0.0015));
#7811=CARTESIAN_POINT('',(0.,0.,0.0015));
#7812=CARTESIAN_POINT('',(0.0151659246868362,0.017645478341585,0.0015));
#7813=CARTESIAN_POINT('',(0.0151659246868362,0.017645478341585,0.002));
#7814=CARTESIAN_POINT('',(0.0155697916666667,0.0210125,0.002));
#7815=CARTESIAN_POINT('',(0.0150489583333333,0.0210333333333334,0.002));
#7816=CARTESIAN_POINT('',(0.0155697916666667,0.0210125,0.0015));
#7817=CARTESIAN_POINT('',(0.0155697916666667,0.0210125,0.0015));
#7818=CARTESIAN_POINT('',(0.0151659246868362,0.017645478341585,0.0015));
#7819=CARTESIAN_POINT('',(0.0150489583333333,0.0210333333333334,0.0015));
#7820=CARTESIAN_POINT('',(0.0150489583333333,0.0210333333333334,0.0015));
#7821=CARTESIAN_POINT('',(0.0166583333333334,0.0206322916666666,0.0015));
#7822=CARTESIAN_POINT('',(0.0166583333333334,0.0206322916666666,0.002));
#7823=CARTESIAN_POINT('',(0.016434375,0.0208180555555556,0.0015));
#7824=CARTESIAN_POINT('',(0.016434375,0.0208180555555556,0.002));
#7825=CARTESIAN_POINT('',(0.0160715277777778,0.0209447916666667,0.0015));
#7826=CARTESIAN_POINT('',(0.0160715277777778,0.0209447916666667,0.002));
#7827=CARTESIAN_POINT('',(0.0155697916666667,0.0210125,0.0015));
#7828=CARTESIAN_POINT('',(0.0155697916666667,0.0210125,0.002));
#7829=CARTESIAN_POINT('',(0.0166583333333334,0.0206322916666666,0.002));
#7830=CARTESIAN_POINT('',(0.0163223958333334,0.0209109375,0.002));
#7831=CARTESIAN_POINT('',(0.0155697916666667,0.0210125,0.002));
#7832=CARTESIAN_POINT('',(0.0166583333333334,0.0206322916666666,0.002));
#7833=CARTESIAN_POINT('',(0.0166583333333334,0.0206322916666666,0.0015));
#7834=CARTESIAN_POINT('',(0.0166583333333334,0.0206322916666666,0.0015));
#7835=CARTESIAN_POINT('',(0.0166583333333334,0.0206322916666666,0.0015));
#7836=CARTESIAN_POINT('',(0.0163223958333334,0.0209109375,0.0015));
#7837=CARTESIAN_POINT('',(0.0155697916666667,0.0210125,0.0015));
#7838=CARTESIAN_POINT('',(0.0169825520833334,0.019934375,0.0015));
#7839=CARTESIAN_POINT('',(0.0169825520833334,0.019934375,0.002));
#7840=CARTESIAN_POINT('',(0.0169903645833334,0.0202138888888889,0.0015));
#7841=CARTESIAN_POINT('',(0.0169903645833334,0.0202138888888889,0.002));
#7842=CARTESIAN_POINT('',(0.0168822916666667,0.0204465277777778,0.0015));
#7843=CARTESIAN_POINT('',(0.0168822916666667,0.0204465277777778,0.002));
#7844=CARTESIAN_POINT('',(0.0166583333333334,0.0206322916666666,0.0015));
#7845=CARTESIAN_POINT('',(0.0166583333333334,0.0206322916666666,0.002));
#7846=CARTESIAN_POINT('',(0.0169825520833334,0.019934375,0.002));
#7847=CARTESIAN_POINT('',(0.0169942708333334,0.0203536458333334,0.002));
#7848=CARTESIAN_POINT('',(0.0166583333333334,0.0206322916666666,0.002));
#7849=CARTESIAN_POINT('',(0.0169825520833334,0.019934375,0.002));
#7850=CARTESIAN_POINT('',(0.0169825520833334,0.019934375,0.0015));
#7851=CARTESIAN_POINT('',(0.0169825520833334,0.019934375,0.0015));
#7852=CARTESIAN_POINT('',(0.0169825520833334,0.019934375,0.0015));
#7853=CARTESIAN_POINT('',(0.0169942708333334,0.0203536458333334,0.0015));
#7854=CARTESIAN_POINT('',(0.0166583333333334,0.0206322916666666,0.0015));
#7855=CARTESIAN_POINT('',(0.0165268229166666,0.0192989583333334,0.0015));
#7856=CARTESIAN_POINT('',(0.0165268229166666,0.0192989583333334,0.002));
#7857=CARTESIAN_POINT('',(0.0168167534722222,0.0194048611111111,0.0015));
#7858=CARTESIAN_POINT('',(0.0168167534722222,0.0194048611111111,0.002));
#7859=CARTESIAN_POINT('',(0.0169686631944445,0.0196166666666667,0.0015));
#7860=CARTESIAN_POINT('',(0.0169686631944445,0.0196166666666667,0.002));
#7861=CARTESIAN_POINT('',(0.0169825520833334,0.019934375,0.0015));
#7862=CARTESIAN_POINT('',(0.0169825520833334,0.019934375,0.002));
#7863=CARTESIAN_POINT('',(0.0165268229166666,0.0192989583333334,0.002));
#7864=CARTESIAN_POINT('',(0.01696171875,0.0194578125,0.002));
#7865=CARTESIAN_POINT('',(0.0169825520833334,0.019934375,0.002));
#7866=CARTESIAN_POINT('',(0.0165268229166666,0.0192989583333334,0.002));
#7867=CARTESIAN_POINT('',(0.0165268229166666,0.0192989583333334,0.0015));
#7868=CARTESIAN_POINT('',(0.0165268229166666,0.0192989583333334,0.0015));
#7869=CARTESIAN_POINT('',(0.0165268229166666,0.0192989583333334,0.0015));
#7870=CARTESIAN_POINT('',(0.01696171875,0.0194578125,0.0015));
#7871=CARTESIAN_POINT('',(0.0169825520833334,0.019934375,0.0015));
#7872=CARTESIAN_POINT('',(0.0156518229166667,0.019455859375,0.0015));
#7873=CARTESIAN_POINT('',(0.0156518229166667,0.019455859375,0.002));
#7874=CARTESIAN_POINT('',(0.0147768229166667,0.0196127604166666,0.002));
#7875=CARTESIAN_POINT('',(0.0147768229166667,0.0196127604166666,0.0015));
#7876=CARTESIAN_POINT('',(0.0147768229166667,0.0196127604166666,0.0015));
#7877=CARTESIAN_POINT('',(0.0156518229166667,0.019455859375,0.0015));
#7878=CARTESIAN_POINT('',(0.01432109375,0.0204552083333333,0.0015));
#7879=CARTESIAN_POINT('',(0.01432109375,0.0204552083333333,0.002));
#7880=CARTESIAN_POINT('',(0.0143072048611111,0.0201322916666667,0.0015));
#7881=CARTESIAN_POINT('',(0.0143072048611111,0.0201322916666667,0.002));
#7882=CARTESIAN_POINT('',(0.0144591145833333,0.0198514756944445,0.0015));
#7883=CARTESIAN_POINT('',(0.0144591145833333,0.0198514756944445,0.002));
#7884=CARTESIAN_POINT('',(0.0147768229166667,0.0196127604166666,0.0015));
#7885=CARTESIAN_POINT('',(0.0147768229166667,0.0196127604166666,0.002));
#7886=CARTESIAN_POINT('',(0.01432109375,0.0204552083333333,0.002));
#7887=CARTESIAN_POINT('',(0.0143002604166667,0.0199708333333334,0.002));
#7888=CARTESIAN_POINT('',(0.0147768229166667,0.0196127604166666,0.002));
#7889=CARTESIAN_POINT('',(0.01432109375,0.0204552083333333,0.002));
#7890=CARTESIAN_POINT('',(0.01432109375,0.0204552083333333,0.0015));
#7891=CARTESIAN_POINT('',(0.01432109375,0.0204552083333333,0.0015));
#7892=CARTESIAN_POINT('',(0.01432109375,0.0204552083333333,0.0015));
#7893=CARTESIAN_POINT('',(0.0143002604166667,0.0199708333333334,0.0015));
#7894=CARTESIAN_POINT('',(0.0147768229166667,0.0196127604166666,0.0015));
#7895=CARTESIAN_POINT('',(0.01793828125,0.0201778645833334,0.0015));
#7896=CARTESIAN_POINT('',(0.01793828125,0.0201778645833334,0.002));
#7897=CARTESIAN_POINT('',(0.0179269965277778,0.0197690104166667,0.0015));
#7898=CARTESIAN_POINT('',(0.0179269965277778,0.0197690104166667,0.002));
#7899=CARTESIAN_POINT('',(0.0177629340277778,0.01943828125,0.0015));
#7900=CARTESIAN_POINT('',(0.0177629340277778,0.01943828125,0.002));
#7901=CARTESIAN_POINT('',(0.01744609375,0.0191856770833334,0.0015));
#7902=CARTESIAN_POINT('',(0.01744609375,0.0191856770833334,0.002));
#7903=CARTESIAN_POINT('',(0.01793828125,0.0201778645833334,0.0015));
#7904=CARTESIAN_POINT('',(0.01793828125,0.0201778645833334,0.0015));
#7905=CARTESIAN_POINT('',(0.01793828125,0.0201778645833334,0.0015));
#7906=CARTESIAN_POINT('',(0.0179213541666666,0.0195645833333334,0.0015));
#7907=CARTESIAN_POINT('',(0.01744609375,0.0191856770833334,0.0015));
#7908=CARTESIAN_POINT('',(0.01744609375,0.0191856770833334,0.0015));
#7909=CARTESIAN_POINT('',(0.01744609375,0.0191856770833334,0.0015));
#7910=CARTESIAN_POINT('',(0.0163226799557021,0.0202389204996425,0.0015));
#7911=CARTESIAN_POINT('',(0.017701953125,0.0210802083333334,0.0015));
#7912=CARTESIAN_POINT('',(0.017701953125,0.0210802083333334,0.0015));
#7913=CARTESIAN_POINT('',(0.0163226799557021,0.0202389204996425,0.0015));
#7914=CARTESIAN_POINT('',(0.0169415364583334,0.0217638020833333,0.0015));
#7915=CARTESIAN_POINT('',(0.0169415364583334,0.0217638020833333,0.002));
#7916=CARTESIAN_POINT('',(0.0172831163194445,0.0215780381944445,0.0015));
#7917=CARTESIAN_POINT('',(0.0172831163194445,0.0215780381944445,0.002));
#7918=CARTESIAN_POINT('',(0.0175365885416667,0.0213501736111111,0.0015));
#7919=CARTESIAN_POINT('',(0.0175365885416667,0.0213501736111111,0.002));
#7920=CARTESIAN_POINT('',(0.017701953125,0.0210802083333334,0.0015));
#7921=CARTESIAN_POINT('',(0.017701953125,0.0210802083333334,0.002));
#7922=CARTESIAN_POINT('',(0.0169415364583334,0.0217638020833333,0.0015));
#7923=CARTESIAN_POINT('',(0.0169415364583334,0.0217638020833333,0.0015));
#7924=CARTESIAN_POINT('',(0.0169415364583334,0.0217638020833333,0.0015));
#7925=CARTESIAN_POINT('',(0.01745390625,0.02148515625,0.0015));
#7926=CARTESIAN_POINT('',(0.017701953125,0.0210802083333334,0.0015));
#7927=CARTESIAN_POINT('',(0.0157533854166667,0.0221401041666666,0.0015));
#7928=CARTESIAN_POINT('',(0.0157533854166667,0.0221401041666666,0.002));
#7929=CARTESIAN_POINT('',(0.01620390625,0.022075,0.0015));
#7930=CARTESIAN_POINT('',(0.01620390625,0.022075,0.002));
#7931=CARTESIAN_POINT('',(0.0165999565972222,0.0219495659722222,0.0015));
#7932=CARTESIAN_POINT('',(0.0165999565972222,0.0219495659722222,0.002));
#7933=CARTESIAN_POINT('',(0.0169415364583334,0.0217638020833333,0.0015));
#7934=CARTESIAN_POINT('',(0.0169415364583334,0.0217638020833333,0.002));
#7935=CARTESIAN_POINT('',(0.0157533854166667,0.0221401041666666,0.0015));
#7936=CARTESIAN_POINT('',(0.0157533854166667,0.0221401041666666,0.0015));
#7937=CARTESIAN_POINT('',(0.0157533854166667,0.0221401041666666,0.0015));
#7938=CARTESIAN_POINT('',(0.0164291666666667,0.0220424479166667,0.0015));
#7939=CARTESIAN_POINT('',(0.0169415364583334,0.0217638020833333,0.0015));
#7940=CARTESIAN_POINT('',(0.0156615885416666,0.0221518229166667,0.0015));
#7941=CARTESIAN_POINT('',(0.0155697916666667,0.0221635416666667,0.0015));
#7942=CARTESIAN_POINT('',(0.0155697966481081,0.0221635912499684,0.0015));
#7943=CARTESIAN_POINT('',(0.0156615885416666,0.0221518229166667,0.0015));
#7944=CARTESIAN_POINT('',(0.0152356275970406,0.0188374044203787,0.0015));
#7945=CARTESIAN_POINT('',(0.0150736979166666,0.0221765625,0.0015));
#7946=CARTESIAN_POINT('',(0.0150736979166666,0.0221765625,0.0015));
#7947=CARTESIAN_POINT('',(0.0152356275970406,0.0188374044203787,0.0015));
#7948=CARTESIAN_POINT('',(0.0141889322916667,0.021991015625,0.0015));
#7949=CARTESIAN_POINT('',(0.0141889322916667,0.021991015625,0.002));
#7950=CARTESIAN_POINT('',(0.0144532552083333,0.0221034288194444,0.0015));
#7951=CARTESIAN_POINT('',(0.0144532552083333,0.0221034288194444,0.002));
#7952=CARTESIAN_POINT('',(0.0147481770833333,0.0221652777777778,0.0015));
#7953=CARTESIAN_POINT('',(0.0147481770833333,0.0221652777777778,0.002));
#7954=CARTESIAN_POINT('',(0.0150736979166666,0.0221765625,0.0015));
#7955=CARTESIAN_POINT('',(0.0150736979166666,0.0221765625,0.002));
#7956=CARTESIAN_POINT('',(0.0141889322916667,0.021991015625,0.0015));
#7957=CARTESIAN_POINT('',(0.0141889322916667,0.021991015625,0.0015));
#7958=CARTESIAN_POINT('',(0.0141889322916667,0.021991015625,0.0015));
#7959=CARTESIAN_POINT('',(0.0145854166666667,0.0221596354166666,0.0015));
#7960=CARTESIAN_POINT('',(0.0150736979166666,0.0221765625,0.0015));
#7961=CARTESIAN_POINT('',(0.0135802083333333,0.0215131510416667,0.0015));
#7962=CARTESIAN_POINT('',(0.0135802083333333,0.0215131510416667,0.002));
#7963=CARTESIAN_POINT('',(0.0137217013888889,0.0217193142361111,0.0015));
#7964=CARTESIAN_POINT('',(0.0137217013888889,0.0217193142361111,0.002));
#7965=CARTESIAN_POINT('',(0.013924609375,0.0218786024305556,0.0015));
#7966=CARTESIAN_POINT('',(0.013924609375,0.0218786024305556,0.002));
#7967=CARTESIAN_POINT('',(0.0141889322916667,0.021991015625,0.0015));
#7968=CARTESIAN_POINT('',(0.0141889322916667,0.021991015625,0.002));
#7969=CARTESIAN_POINT('',(0.0135802083333333,0.0215131510416667,0.0015));
#7970=CARTESIAN_POINT('',(0.0135802083333333,0.0215131510416667,0.0015));
#7971=CARTESIAN_POINT('',(0.0135802083333333,0.0215131510416667,0.0015));
#7972=CARTESIAN_POINT('',(0.0137924479166667,0.0218223958333334,0.0015));
#7973=CARTESIAN_POINT('',(0.0141889322916667,0.021991015625,0.0015));
#7974=CARTESIAN_POINT('',(0.0133640625,0.0207924479166667,0.0015));
#7975=CARTESIAN_POINT('',(0.0133640625,0.0207924479166667,0.002));
#7976=CARTESIAN_POINT('',(0.0133666666666667,0.0210667534722222,0.0015));
#7977=CARTESIAN_POINT('',(0.0133666666666667,0.0210667534722222,0.002));
#7978=CARTESIAN_POINT('',(0.0134387152777778,0.0213069878472222,0.0015));
#7979=CARTESIAN_POINT('',(0.0134387152777778,0.0213069878472222,0.002));
#7980=CARTESIAN_POINT('',(0.0135802083333333,0.0215131510416667,0.0015));
#7981=CARTESIAN_POINT('',(0.0135802083333333,0.0215131510416667,0.002));
#7982=CARTESIAN_POINT('',(0.0133640625,0.0207924479166667,0.0015));
#7983=CARTESIAN_POINT('',(0.0133640625,0.0207924479166667,0.0015));
#7984=CARTESIAN_POINT('',(0.0133640625,0.0207924479166667,0.0015));
#7985=CARTESIAN_POINT('',(0.01336796875,0.02120390625,0.0015));
#7986=CARTESIAN_POINT('',(0.0135802083333333,0.0215131510416667,0.0015));
#7987=CARTESIAN_POINT('',(0.01392265625,0.0196453125,0.0015));
#7988=CARTESIAN_POINT('',(0.01392265625,0.0196453125,0.002));
#7989=CARTESIAN_POINT('',(0.01353984375,0.0199734375,0.0015));
#7990=CARTESIAN_POINT('',(0.01353984375,0.0199734375,0.002));
#7991=CARTESIAN_POINT('',(0.0133536458333333,0.0203558159722222,0.0015));
#7992=CARTESIAN_POINT('',(0.0133536458333333,0.0203558159722222,0.002));
#7993=CARTESIAN_POINT('',(0.0133640625,0.0207924479166667,0.0015));
#7994=CARTESIAN_POINT('',(0.0133640625,0.0207924479166667,0.002));
#7995=CARTESIAN_POINT('',(0.01392265625,0.0196453125,0.0015));
#7996=CARTESIAN_POINT('',(0.01392265625,0.0196453125,0.0015));
#7997=CARTESIAN_POINT('',(0.01392265625,0.0196453125,0.0015));
#7998=CARTESIAN_POINT('',(0.0133484375,0.0201375,0.0015));
#7999=CARTESIAN_POINT('',(0.0133640625,0.0207924479166667,0.0015));
#8000=CARTESIAN_POINT('',(0.013686328125,0.0196778645833334,0.0015));
#8001=CARTESIAN_POINT('',(0.01345,0.0197104166666667,0.0015));
#8002=CARTESIAN_POINT('',(0.01345,0.0197104166666667,0.0015));
#8003=CARTESIAN_POINT('',(0.013686328125,0.0196778645833334,0.0015));
#8004=CARTESIAN_POINT('',(0.01345,0.019198046875,0.0015));
#8005=CARTESIAN_POINT('',(0.01345,0.0186856770833334,0.0015));
#8006=CARTESIAN_POINT('',(0.01345,0.0186856770833334,0.0015));
#8007=CARTESIAN_POINT('',(0.01345,0.019198046875,0.0015));
#8008=CARTESIAN_POINT('',(0.016575,0.0181440104166667,0.0015));
#8009=CARTESIAN_POINT('',(0.0197,0.01760234375,0.0015));
#8010=CARTESIAN_POINT('',(0.0197,0.01760234375,0.0015));
#8011=CARTESIAN_POINT('',(0.016575,0.0181440104166667,0.0015));
#8012=CARTESIAN_POINT('',(0.0197,0.018178515625,0.0015));
#8013=CARTESIAN_POINT('',(0.0197,0.0187546875,0.0015));
#8014=CARTESIAN_POINT('',(0.0197,0.0187546875,0.0015));
#8015=CARTESIAN_POINT('',(0.0197,0.018178515625,0.0015));
#8016=CARTESIAN_POINT('',(0.018573046875,0.0189701822916666,0.0015));
#8017=CARTESIAN_POINT('',(0.018573046875,0.0189701822916666,0.0015));
#8018=CARTESIAN_POINT('',(0.0150489583333333,0.0210333333333334,0.0015));
#8019=CARTESIAN_POINT('',(0.0150489583333333,0.0210333333333334,0.002));
#8020=CARTESIAN_POINT('',(0.0145715277777778,0.0210055555555556,0.0015));
#8021=CARTESIAN_POINT('',(0.0145715277777778,0.0210055555555556,0.002));
#8022=CARTESIAN_POINT('',(0.01432890625,0.0208128472222222,0.0015));
#8023=CARTESIAN_POINT('',(0.01432890625,0.0208128472222222,0.002));
#8024=CARTESIAN_POINT('',(0.01432109375,0.0204552083333333,0.0015));
#8025=CARTESIAN_POINT('',(0.01432109375,0.0204552083333333,0.002));
#8026=CARTESIAN_POINT('',(0.0150489583333333,0.0210333333333334,0.002));
#8027=CARTESIAN_POINT('',(0.0143328125,0.0209916666666667,0.002));
#8028=CARTESIAN_POINT('',(0.01432109375,0.0204552083333333,0.002));
#8029=CARTESIAN_POINT('',(0.0150489583333333,0.0210333333333334,0.0015));
#8030=CARTESIAN_POINT('',(0.0143328125,0.0209916666666667,0.0015));
#8031=CARTESIAN_POINT('',(0.01432109375,0.0204552083333333,0.0015));
#8032=CARTESIAN_POINT('',(0.,0.,0.0015));
#8033=CARTESIAN_POINT('',(0.0142598958333333,0.0250723958333334,0.0015));
#8034=CARTESIAN_POINT('',(0.0142598958333333,0.0250723958333334,0.002));
#8035=CARTESIAN_POINT('',(0.0142486111111111,0.0247416666666667,0.0015));
#8036=CARTESIAN_POINT('',(0.0142486111111111,0.0247416666666667,0.002));
#8037=CARTESIAN_POINT('',(0.0143922743055556,0.0244530381944445,0.0015));
#8038=CARTESIAN_POINT('',(0.0143922743055556,0.0244530381944445,0.002));
#8039=CARTESIAN_POINT('',(0.0146908854166667,0.0242065104166666,0.0015));
#8040=CARTESIAN_POINT('',(0.0146908854166667,0.0242065104166666,0.002));
#8041=CARTESIAN_POINT('',(0.0142598958333333,0.0250723958333334,0.002));
#8042=CARTESIAN_POINT('',(0.01424296875,0.0245763020833334,0.002));
#8043=CARTESIAN_POINT('',(0.0146908854166667,0.0242065104166666,0.002));
#8044=CARTESIAN_POINT('',(0.0142598958333333,0.0250723958333334,0.002));
#8045=CARTESIAN_POINT('',(0.0146908854166667,0.0242065104166666,0.002));
#8046=CARTESIAN_POINT('',(0.0142598958333333,0.0250723958333334,0.0015));
#8047=CARTESIAN_POINT('',(0.0142598958333333,0.0250723958333334,0.0015));
#8048=CARTESIAN_POINT('',(0.0142598958333333,0.0250723958333334,0.0015));
#8049=CARTESIAN_POINT('',(0.01424296875,0.0245763020833334,0.0015));
#8050=CARTESIAN_POINT('',(0.0146908854166667,0.0242065104166666,0.0015));
#8051=CARTESIAN_POINT('',(0.0146908854166667,0.0242065104166666,0.0015));
#8052=CARTESIAN_POINT('',(0.0146908854166667,0.0242065104166666,0.0015));
#8053=CARTESIAN_POINT('',(0.0143920572916667,0.025412890625,0.0015));
#8054=CARTESIAN_POINT('',(0.0143920572916667,0.025412890625,0.002));
#8055=CARTESIAN_POINT('',(0.0143065538194444,0.0253299913194444,0.0015));
#8056=CARTESIAN_POINT('',(0.0143065538194444,0.0253299913194444,0.002));
#8057=CARTESIAN_POINT('',(0.0142625,0.0252164930555556,0.0015));
#8058=CARTESIAN_POINT('',(0.0142625,0.0252164930555556,0.002));
#8059=CARTESIAN_POINT('',(0.0142598958333333,0.0250723958333334,0.0015));
#8060=CARTESIAN_POINT('',(0.0142598958333333,0.0250723958333334,0.002));
#8061=CARTESIAN_POINT('',(0.0143920572916667,0.025412890625,0.002));
#8062=CARTESIAN_POINT('',(0.0142638020833333,0.0252885416666667,0.002));
#8063=CARTESIAN_POINT('',(0.0142598958333333,0.0250723958333334,0.002));
#8064=CARTESIAN_POINT('',(0.0143920572916667,0.025412890625,0.002));
#8065=CARTESIAN_POINT('',(0.0143920572916667,0.025412890625,0.0015));
#8066=CARTESIAN_POINT('',(0.0143920572916667,0.025412890625,0.0015));
#8067=CARTESIAN_POINT('',(0.0143920572916667,0.025412890625,0.0015));
#8068=CARTESIAN_POINT('',(0.0142638020833333,0.0252885416666667,0.0015));
#8069=CARTESIAN_POINT('',(0.0142598958333333,0.0250723958333334,0.0015));
#8070=CARTESIAN_POINT('',(0.0147403645833333,0.0255046875,0.0015));
#8071=CARTESIAN_POINT('',(0.0147403645833333,0.0255046875,0.002));
#8072=CARTESIAN_POINT('',(0.0145936631944444,0.0255263888888889,0.0015));
#8073=CARTESIAN_POINT('',(0.0145936631944444,0.0255263888888889,0.002));
#8074=CARTESIAN_POINT('',(0.0144775607638889,0.0254957899305556,0.0015));
#8075=CARTESIAN_POINT('',(0.0144775607638889,0.0254957899305556,0.002));
#8076=CARTESIAN_POINT('',(0.0143920572916667,0.025412890625,0.0015));
#8077=CARTESIAN_POINT('',(0.0143920572916667,0.025412890625,0.002));
#8078=CARTESIAN_POINT('',(0.0147403645833333,0.0255046875,0.002));
#8079=CARTESIAN_POINT('',(0.0145203125,0.0255372395833334,0.002));
#8080=CARTESIAN_POINT('',(0.0143920572916667,0.025412890625,0.002));
#8081=CARTESIAN_POINT('',(0.0147403645833333,0.0255046875,0.002));
#8082=CARTESIAN_POINT('',(0.0147403645833333,0.0255046875,0.0015));
#8083=CARTESIAN_POINT('',(0.0147403645833333,0.0255046875,0.0015));
#8084=CARTESIAN_POINT('',(0.0147403645833333,0.0255046875,0.0015));
#8085=CARTESIAN_POINT('',(0.0145203125,0.0255372395833334,0.0015));
#8086=CARTESIAN_POINT('',(0.0143920572916667,0.025412890625,0.0015));
#8087=CARTESIAN_POINT('',(0.0146736375643203,0.0248308576408192,0.0015));
#8088=CARTESIAN_POINT('',(0.0146736375643203,0.0248308576408192,0.002));
#8089=CARTESIAN_POINT('',(0.0150697916666666,0.0253783854166667,0.002));
#8090=CARTESIAN_POINT('',(0.0150697916666666,0.0253783854166667,0.0015));
#8091=CARTESIAN_POINT('',(0.0150697916666666,0.0253783854166667,0.0015));
#8092=CARTESIAN_POINT('',(0.0146736375643203,0.0248308576408192,0.0015));
#8093=CARTESIAN_POINT('',(0.0154565104166667,0.0244630208333333,0.0015));
#8094=CARTESIAN_POINT('',(0.0154565104166667,0.0244630208333333,0.002));
#8095=CARTESIAN_POINT('',(0.0154452256944444,0.0248857638888889,0.0015));
#8096=CARTESIAN_POINT('',(0.0154452256944444,0.0248857638888889,0.002));
#8097=CARTESIAN_POINT('',(0.0153163194444444,0.0251908854166667,0.0015));
#8098=CARTESIAN_POINT('',(0.0153163194444444,0.0251908854166667,0.002));
#8099=CARTESIAN_POINT('',(0.0150697916666666,0.0253783854166667,0.0015));
#8100=CARTESIAN_POINT('',(0.0150697916666666,0.0253783854166667,0.002));
#8101=CARTESIAN_POINT('',(0.0154565104166667,0.0244630208333333,0.002));
#8102=CARTESIAN_POINT('',(0.0154395833333333,0.0250971354166667,0.002));
#8103=CARTESIAN_POINT('',(0.0150697916666666,0.0253783854166667,0.002));
#8104=CARTESIAN_POINT('',(0.0154565104166667,0.0244630208333333,0.002));
#8105=CARTESIAN_POINT('',(0.0154565104166667,0.0244630208333333,0.0015));
#8106=CARTESIAN_POINT('',(0.0154565104166667,0.0244630208333333,0.0015));
#8107=CARTESIAN_POINT('',(0.0154565104166667,0.0244630208333333,0.0015));
#8108=CARTESIAN_POINT('',(0.0154395833333333,0.0250971354166667,0.0015));
#8109=CARTESIAN_POINT('',(0.0150697916666666,0.0253783854166667,0.0015));
#8110=CARTESIAN_POINT('',(0.0154545572916666,0.0242631510416666,0.0015));
#8111=CARTESIAN_POINT('',(0.0154545572916666,0.0242631510416666,0.002));
#8112=CARTESIAN_POINT('',(0.0154526041666666,0.02406328125,0.002));
#8113=CARTESIAN_POINT('',(0.0154526041666666,0.02406328125,0.0015));
#8114=CARTESIAN_POINT('',(0.0154526041666666,0.02406328125,0.0015));
#8115=CARTESIAN_POINT('',(0.0154545572916666,0.0242631510416666,0.0015));
#8116=CARTESIAN_POINT('',(0.013777808896168,0.0230449594117822,0.0015));
#8117=CARTESIAN_POINT('',(0.01345,0.0241904699092521,0.0015));
#8118=CARTESIAN_POINT('',(0.01345,0.0241904699092521,0.0015));
#8119=CARTESIAN_POINT('',(0.013777808896168,0.0230449594117822,0.0015));
#8120=CARTESIAN_POINT('',(0.0138484375,0.02423515625,0.0015));
#8121=CARTESIAN_POINT('',(0.0138484375,0.02423515625,0.0015));
#8122=CARTESIAN_POINT('',(0.01345,0.0236264322916666,0.0015));
#8123=CARTESIAN_POINT('',(0.01345,0.02306328125,0.0015));
#8124=CARTESIAN_POINT('',(0.01345,0.02306328125,0.0015));
#8125=CARTESIAN_POINT('',(0.01345,0.0236264322916666,0.0015));
#8126=CARTESIAN_POINT('',(0.0134884114583333,0.023061328125,0.0015));
#8127=CARTESIAN_POINT('',(0.0135268229166667,0.023059375,0.0015));
#8128=CARTESIAN_POINT('',(0.0135268229166667,0.023059375,0.0015));
#8129=CARTESIAN_POINT('',(0.0134884114583333,0.023061328125,0.0015));
#8130=CARTESIAN_POINT('',(0.0140151041666667,0.0231283854166667,0.0015));
#8131=CARTESIAN_POINT('',(0.0140151041666667,0.0231283854166667,0.002));
#8132=CARTESIAN_POINT('',(0.0138232638888889,0.02313359375,0.0015));
#8133=CARTESIAN_POINT('',(0.0138232638888889,0.02313359375,0.002));
#8134=CARTESIAN_POINT('',(0.0136605034722222,0.0231105902777778,0.0015));
#8135=CARTESIAN_POINT('',(0.0136605034722222,0.0231105902777778,0.002));
#8136=CARTESIAN_POINT('',(0.0135268229166667,0.023059375,0.0015));
#8137=CARTESIAN_POINT('',(0.0135268229166667,0.023059375,0.002));
#8138=CARTESIAN_POINT('',(0.0140151041666667,0.0231283854166667,0.0015));
#8139=CARTESIAN_POINT('',(0.0140151041666667,0.0231283854166667,0.0015));
#8140=CARTESIAN_POINT('',(0.0140151041666667,0.0231283854166667,0.0015));
#8141=CARTESIAN_POINT('',(0.01372734375,0.0231361979166666,0.0015));
#8142=CARTESIAN_POINT('',(0.0135268229166667,0.023059375,0.0015));
#8143=CARTESIAN_POINT('',(0.0141453125,0.02311796875,0.0015));
#8144=CARTESIAN_POINT('',(0.0142755208333333,0.0231075520833334,0.0015));
#8145=CARTESIAN_POINT('',(0.0142755208333333,0.0231075520833334,0.0015));
#8146=CARTESIAN_POINT('',(0.0141453125,0.02311796875,0.0015));
#8147=CARTESIAN_POINT('',(0.0153295572916666,0.0229389322916667,0.0015));
#8148=CARTESIAN_POINT('',(0.01638359375,0.0227703125,0.0015));
#8149=CARTESIAN_POINT('',(0.01638359375,0.0227703125,0.0015));
#8150=CARTESIAN_POINT('',(0.0153295572916666,0.0229389322916667,0.0015));
#8151=CARTESIAN_POINT('',(0.0174884114583334,0.0231244791666667,0.0015));
#8152=CARTESIAN_POINT('',(0.0174884114583334,0.0231244791666667,0.002));
#8153=CARTESIAN_POINT('',(0.0172023871527778,0.0228423611111111,0.0015));
#8154=CARTESIAN_POINT('',(0.0172023871527778,0.0228423611111111,0.002));
#8155=CARTESIAN_POINT('',(0.0168341145833333,0.0227243055555556,0.0015));
#8156=CARTESIAN_POINT('',(0.0168341145833333,0.0227243055555556,0.002));
#8157=CARTESIAN_POINT('',(0.01638359375,0.0227703125,0.0015));
#8158=CARTESIAN_POINT('',(0.01638359375,0.0227703125,0.002));
#8159=CARTESIAN_POINT('',(0.0174884114583334,0.0231244791666667,0.0015));
#8160=CARTESIAN_POINT('',(0.0174884114583334,0.0231244791666667,0.0015));
#8161=CARTESIAN_POINT('',(0.0174884114583334,0.0231244791666667,0.0015));
#8162=CARTESIAN_POINT('',(0.017059375,0.0227013020833334,0.0015));
#8163=CARTESIAN_POINT('',(0.01638359375,0.0227703125,0.0015));
#8164=CARTESIAN_POINT('',(0.017934375,0.0242963541666667,0.0015));
#8165=CARTESIAN_POINT('',(0.017934375,0.0242963541666667,0.002));
#8166=CARTESIAN_POINT('',(0.0179230902777778,0.0237972222222222,0.0015));
#8167=CARTESIAN_POINT('',(0.0179230902777778,0.0237972222222222,0.002));
#8168=CARTESIAN_POINT('',(0.0177744357638889,0.0234065972222222,0.0015));
#8169=CARTESIAN_POINT('',(0.0177744357638889,0.0234065972222222,0.002));
#8170=CARTESIAN_POINT('',(0.0174884114583334,0.0231244791666667,0.0015));
#8171=CARTESIAN_POINT('',(0.0174884114583334,0.0231244791666667,0.002));
#8172=CARTESIAN_POINT('',(0.017934375,0.0242963541666667,0.0015));
#8173=CARTESIAN_POINT('',(0.017934375,0.0242963541666667,0.0015));
#8174=CARTESIAN_POINT('',(0.017934375,0.0242963541666667,0.0015));
#8175=CARTESIAN_POINT('',(0.0179174479166666,0.02354765625,0.0015));
#8176=CARTESIAN_POINT('',(0.0174884114583334,0.0231244791666667,0.0015));
#8177=CARTESIAN_POINT('',(0.017549609375,0.0256563802083334,0.0015));
#8178=CARTESIAN_POINT('',(0.017549609375,0.0256563802083334,0.002));
#8179=CARTESIAN_POINT('',(0.017811328125,0.0252887586805556,0.0015));
#8180=CARTESIAN_POINT('',(0.017811328125,0.0252887586805556,0.002));
#8181=CARTESIAN_POINT('',(0.0179395833333333,0.0248354166666667,0.0015));
#8182=CARTESIAN_POINT('',(0.0179395833333333,0.0248354166666667,0.002));
#8183=CARTESIAN_POINT('',(0.017934375,0.0242963541666667,0.0015));
#8184=CARTESIAN_POINT('',(0.017934375,0.0242963541666667,0.002));
#8185=CARTESIAN_POINT('',(0.017549609375,0.0256563802083334,0.0015));
#8186=CARTESIAN_POINT('',(0.017549609375,0.0256563802083334,0.0015));
#8187=CARTESIAN_POINT('',(0.017549609375,0.0256563802083334,0.0015));
#8188=CARTESIAN_POINT('',(0.0179421875,0.0251049479166667,0.0015));
#8189=CARTESIAN_POINT('',(0.017934375,0.0242963541666667,0.0015));
#8190=CARTESIAN_POINT('',(0.0165268229166666,0.0262364583333334,0.0015));
#8191=CARTESIAN_POINT('',(0.0165268229166666,0.0262364583333334,0.002));
#8192=CARTESIAN_POINT('',(0.0169469618055555,0.0262173611111111,0.0015));
#8193=CARTESIAN_POINT('',(0.0169469618055555,0.0262173611111111,0.002));
#8194=CARTESIAN_POINT('',(0.017287890625,0.0260240017361111,0.0015));
#8195=CARTESIAN_POINT('',(0.017287890625,0.0260240017361111,0.002));
#8196=CARTESIAN_POINT('',(0.017549609375,0.0256563802083334,0.0015));
#8197=CARTESIAN_POINT('',(0.017549609375,0.0256563802083334,0.002));
#8198=CARTESIAN_POINT('',(0.0165268229166666,0.0262364583333334,0.0015));
#8199=CARTESIAN_POINT('',(0.0165268229166666,0.0262364583333334,0.0015));
#8200=CARTESIAN_POINT('',(0.0165268229166666,0.0262364583333334,0.0015));
#8201=CARTESIAN_POINT('',(0.01715703125,0.0262078125,0.0015));
#8202=CARTESIAN_POINT('',(0.017549609375,0.0256563802083334,0.0015));
#8203=CARTESIAN_POINT('',(0.0165287760416666,0.0256609375,0.0015));
#8204=CARTESIAN_POINT('',(0.0165307291666667,0.0250854166666667,0.0015));
#8205=CARTESIAN_POINT('',(0.0165307291666667,0.0250854166666667,0.0015));
#8206=CARTESIAN_POINT('',(0.0165287760416666,0.0256609375,0.0015));
#8207=CARTESIAN_POINT('',(0.0169350260416666,0.0248451822916666,0.0015));
#8208=CARTESIAN_POINT('',(0.0169350260416666,0.0248451822916666,0.002));
#8209=CARTESIAN_POINT('',(0.0168417100694444,0.0249697482638889,0.0015));
#8210=CARTESIAN_POINT('',(0.0168417100694444,0.0249697482638889,0.002));
#8211=CARTESIAN_POINT('',(0.0167069444444445,0.0250498263888889,0.0015));
#8212=CARTESIAN_POINT('',(0.0167069444444445,0.0250498263888889,0.002));
#8213=CARTESIAN_POINT('',(0.0165307291666667,0.0250854166666667,0.0015));
#8214=CARTESIAN_POINT('',(0.0165307291666667,0.0250854166666667,0.002));
#8215=CARTESIAN_POINT('',(0.0169350260416666,0.0248451822916666,0.0015));
#8216=CARTESIAN_POINT('',(0.0169350260416666,0.0248451822916666,0.0015));
#8217=CARTESIAN_POINT('',(0.0169350260416666,0.0248451822916666,0.0015));
#8218=CARTESIAN_POINT('',(0.0167950520833334,0.02503203125,0.0015));
#8219=CARTESIAN_POINT('',(0.0165307291666667,0.0250854166666667,0.0015));
#8220=CARTESIAN_POINT('',(0.0170671875,0.0243888020833334,0.0015));
#8221=CARTESIAN_POINT('',(0.0170671875,0.0243888020833334,0.002));
#8222=CARTESIAN_POINT('',(0.0170723958333333,0.0245684895833334,0.0015));
#8223=CARTESIAN_POINT('',(0.0170723958333333,0.0245684895833334,0.002));
#8224=CARTESIAN_POINT('',(0.0170283420138889,0.0247206163194444,0.0015));
#8225=CARTESIAN_POINT('',(0.0170283420138889,0.0247206163194444,0.002));
#8226=CARTESIAN_POINT('',(0.0169350260416666,0.0248451822916666,0.0015));
#8227=CARTESIAN_POINT('',(0.0169350260416666,0.0248451822916666,0.002));
#8228=CARTESIAN_POINT('',(0.0170671875,0.0243888020833334,0.0015));
#8229=CARTESIAN_POINT('',(0.0170671875,0.0243888020833334,0.0015));
#8230=CARTESIAN_POINT('',(0.0170671875,0.0243888020833334,0.0015));
#8231=CARTESIAN_POINT('',(0.017075,0.0246583333333334,0.0015));
#8232=CARTESIAN_POINT('',(0.0169350260416666,0.0248451822916666,0.0015));
#8233=CARTESIAN_POINT('',(0.0169552083333333,0.0240619791666666,0.0015));
#8234=CARTESIAN_POINT('',(0.0169552083333333,0.0240619791666666,0.002));
#8235=CARTESIAN_POINT('',(0.0170272569444445,0.0241444444444445,0.0015));
#8236=CARTESIAN_POINT('',(0.0170272569444445,0.0241444444444445,0.002));
#8237=CARTESIAN_POINT('',(0.0170645833333333,0.0242533854166667,0.0015));
#8238=CARTESIAN_POINT('',(0.0170645833333333,0.0242533854166667,0.002));
#8239=CARTESIAN_POINT('',(0.0170671875,0.0243888020833334,0.0015));
#8240=CARTESIAN_POINT('',(0.0170671875,0.0243888020833334,0.002));
#8241=CARTESIAN_POINT('',(0.0169552083333333,0.0240619791666666,0.0015));
#8242=CARTESIAN_POINT('',(0.0169552083333333,0.0240619791666666,0.0015));
#8243=CARTESIAN_POINT('',(0.0169552083333333,0.0240619791666666,0.0015));
#8244=CARTESIAN_POINT('',(0.01706328125,0.0241856770833333,0.0015));
#8245=CARTESIAN_POINT('',(0.0170671875,0.0243888020833334,0.0015));
#8246=CARTESIAN_POINT('',(0.01665703125,0.0239174479166667,0.0015));
#8247=CARTESIAN_POINT('',(0.01665703125,0.0239174479166667,0.002));
#8248=CARTESIAN_POINT('',(0.0167837673611111,0.0239313368055556,0.0015));
#8249=CARTESIAN_POINT('',(0.0167837673611111,0.0239313368055556,0.002));
#8250=CARTESIAN_POINT('',(0.0168831597222222,0.0239795138888889,0.0015));
#8251=CARTESIAN_POINT('',(0.0168831597222222,0.0239795138888889,0.002));
#8252=CARTESIAN_POINT('',(0.0169552083333333,0.0240619791666666,0.0015));
#8253=CARTESIAN_POINT('',(0.0169552083333333,0.0240619791666666,0.002));
#8254=CARTESIAN_POINT('',(0.01665703125,0.0239174479166667,0.0015));
#8255=CARTESIAN_POINT('',(0.01665703125,0.0239174479166667,0.0015));
#8256=CARTESIAN_POINT('',(0.01665703125,0.0239174479166667,0.0015));
#8257=CARTESIAN_POINT('',(0.0168471354166666,0.02393828125,0.0015));
#8258=CARTESIAN_POINT('',(0.0169552083333333,0.0240619791666666,0.0015));
#8259=CARTESIAN_POINT('',(0.0165732189046291,0.0248713811592363,0.0015));
#8260=CARTESIAN_POINT('',(0.0164005208333334,0.0239291666666667,0.0015));
#8261=CARTESIAN_POINT('',(0.0164005347660398,0.0239292426814005,0.00150000025));
#8262=CARTESIAN_POINT('',(0.0165732189046291,0.0248713811592363,0.0015));
#8263=CARTESIAN_POINT('',(0.016268359375,0.0239578125,0.0015));
#8264=CARTESIAN_POINT('',(0.0161361979166667,0.0239864583333333,0.0015));
#8265=CARTESIAN_POINT('',(0.0161361979166667,0.0239864583333333,0.0015));
#8266=CARTESIAN_POINT('',(0.016268359375,0.0239578125,0.0015));
#8267=CARTESIAN_POINT('',(0.0161401041666667,0.0242553385416667,0.0015));
#8268=CARTESIAN_POINT('',(0.0161440104166666,0.02452421875,0.0015));
#8269=CARTESIAN_POINT('',(0.0161440104166666,0.02452421875,0.0015));
#8270=CARTESIAN_POINT('',(0.0161401041666667,0.0242553385416667,0.0015));
#8271=CARTESIAN_POINT('',(0.0157592447916667,0.0260678385416666,0.0015));
#8272=CARTESIAN_POINT('',(0.0157592447916667,0.0260678385416666,0.002));
#8273=CARTESIAN_POINT('',(0.0160157552083333,0.0256837239583333,0.0015));
#8274=CARTESIAN_POINT('',(0.0160157552083333,0.0256837239583333,0.002));
#8275=CARTESIAN_POINT('',(0.0161440104166666,0.0251691840277778,0.0015));
#8276=CARTESIAN_POINT('',(0.0161440104166666,0.0251691840277778,0.002));
#8277=CARTESIAN_POINT('',(0.0161440104166666,0.02452421875,0.0015));
#8278=CARTESIAN_POINT('',(0.0161440104166666,0.02452421875,0.002));
#8279=CARTESIAN_POINT('',(0.0157592447916667,0.0260678385416666,0.0015));
#8280=CARTESIAN_POINT('',(0.0157592447916667,0.0260678385416666,0.0015));
#8281=CARTESIAN_POINT('',(0.0157592447916667,0.0260678385416666,0.0015));
#8282=CARTESIAN_POINT('',(0.0161440104166666,0.0254916666666667,0.0015));
#8283=CARTESIAN_POINT('',(0.0161440104166666,0.02452421875,0.0015));
#8284=CARTESIAN_POINT('',(0.0146544270833333,0.02667265625,0.0015));
#8285=CARTESIAN_POINT('',(0.0146544270833333,0.02667265625,0.002));
#8286=CARTESIAN_POINT('',(0.0151344618055555,0.0266535590277778,0.0015));
#8287=CARTESIAN_POINT('',(0.0151344618055555,0.0266535590277778,0.002));
#8288=CARTESIAN_POINT('',(0.015502734375,0.026451953125,0.0015));
#8289=CARTESIAN_POINT('',(0.015502734375,0.026451953125,0.002));
#8290=CARTESIAN_POINT('',(0.0157592447916667,0.0260678385416666,0.0015));
#8291=CARTESIAN_POINT('',(0.0157592447916667,0.0260678385416666,0.002));
#8292=CARTESIAN_POINT('',(0.0146544270833333,0.02667265625,0.0015));
#8293=CARTESIAN_POINT('',(0.0146544270833333,0.02667265625,0.0015));
#8294=CARTESIAN_POINT('',(0.0146544270833333,0.02667265625,0.0015));
#8295=CARTESIAN_POINT('',(0.0153744791666666,0.0266440104166667,0.0015));
#8296=CARTESIAN_POINT('',(0.0157592447916667,0.0260678385416666,0.0015));
#8297=CARTESIAN_POINT('',(0.013744921875,0.0263158854166666,0.0015));
#8298=CARTESIAN_POINT('',(0.013744921875,0.0263158854166666,0.002));
#8299=CARTESIAN_POINT('',(0.0139901475694444,0.0265693576388889,0.0015));
#8300=CARTESIAN_POINT('',(0.0139901475694444,0.0265693576388889,0.002));
#8301=CARTESIAN_POINT('',(0.0142933159722222,0.02668828125,0.0015));
#8302=CARTESIAN_POINT('',(0.0142933159722222,0.02668828125,0.002));
#8303=CARTESIAN_POINT('',(0.0146544270833333,0.02667265625,0.0015));
#8304=CARTESIAN_POINT('',(0.0146544270833333,0.02667265625,0.002));
#8305=CARTESIAN_POINT('',(0.013744921875,0.0263158854166666,0.0015));
#8306=CARTESIAN_POINT('',(0.013744921875,0.0263158854166666,0.0015));
#8307=CARTESIAN_POINT('',(0.013744921875,0.0263158854166666,0.0015));
#8308=CARTESIAN_POINT('',(0.0141127604166667,0.02669609375,0.0015));
#8309=CARTESIAN_POINT('',(0.0146544270833333,0.02667265625,0.0015));
#8310=CARTESIAN_POINT('',(0.01336796875,0.0253575520833333,0.0015));
#8311=CARTESIAN_POINT('',(0.01336796875,0.0253575520833333,0.002));
#8312=CARTESIAN_POINT('',(0.0133740451388889,0.02574296875,0.0015));
#8313=CARTESIAN_POINT('',(0.0133740451388889,0.02574296875,0.002));
#8314=CARTESIAN_POINT('',(0.0134996961805556,0.0260624131944444,0.0015));
#8315=CARTESIAN_POINT('',(0.0134996961805556,0.0260624131944444,0.002));
#8316=CARTESIAN_POINT('',(0.013744921875,0.0263158854166666,0.0015));
#8317=CARTESIAN_POINT('',(0.013744921875,0.0263158854166666,0.002));
#8318=CARTESIAN_POINT('',(0.01336796875,0.0253575520833333,0.0015));
#8319=CARTESIAN_POINT('',(0.01336796875,0.0253575520833333,0.0015));
#8320=CARTESIAN_POINT('',(0.01336796875,0.0253575520833333,0.0015));
#8321=CARTESIAN_POINT('',(0.0133770833333333,0.0259356770833334,0.0015));
#8322=CARTESIAN_POINT('',(0.013744921875,0.0263158854166666,0.0015));
#8323=CARTESIAN_POINT('',(0.0138484375,0.02423515625,0.0015));
#8324=CARTESIAN_POINT('',(0.0138484375,0.02423515625,0.002));
#8325=CARTESIAN_POINT('',(0.0135177083333333,0.0245658854166667,0.0015));
#8326=CARTESIAN_POINT('',(0.0135177083333333,0.0245658854166667,0.002));
#8327=CARTESIAN_POINT('',(0.0133575520833333,0.0249400173611111,0.0015));
#8328=CARTESIAN_POINT('',(0.0133575520833333,0.0249400173611111,0.002));
#8329=CARTESIAN_POINT('',(0.01336796875,0.0253575520833333,0.0015));
#8330=CARTESIAN_POINT('',(0.01336796875,0.0253575520833333,0.002));
#8331=CARTESIAN_POINT('',(0.0138484375,0.02423515625,0.0015));
#8332=CARTESIAN_POINT('',(0.01335234375,0.02473125,0.0015));
#8333=CARTESIAN_POINT('',(0.01336796875,0.0253575520833333,0.0015));
#8334=CARTESIAN_POINT('',(0.0150717447916666,0.0241348958333334,0.0015));
#8335=CARTESIAN_POINT('',(0.0150717447916666,0.0241348958333334,0.002));
#8336=CARTESIAN_POINT('',(0.0150717447916666,0.0241348958333334,0.0015));
#8337=CARTESIAN_POINT('',(0.,0.,0.0015));
#8338=CARTESIAN_POINT('',(0.0166036458333334,0.0296798177083334,0.0015));
#8339=CARTESIAN_POINT('',(0.0166036458333334,0.0296798177083334,0.002));
#8340=CARTESIAN_POINT('',(0.0166075520833334,0.0301231770833334,0.002));
#8341=CARTESIAN_POINT('',(0.0165997395833334,0.0292364583333334,0.002));
#8342=CARTESIAN_POINT('',(0.0166075520833334,0.0301231770833334,0.0015));
#8343=CARTESIAN_POINT('',(0.0166075520833334,0.0301231770833334,0.0015));
#8344=CARTESIAN_POINT('',(0.0166036458333334,0.0296798177083334,0.0015));
#8345=CARTESIAN_POINT('',(0.0165997395833334,0.0292364583333334,0.0015));
#8346=CARTESIAN_POINT('',(0.0165997395833334,0.0292364583333334,0.0015));
#8347=CARTESIAN_POINT('',(0.017496875,0.0299682291666667,0.0015));
#8348=CARTESIAN_POINT('',(0.017496875,0.0299682291666667,0.002));
#8349=CARTESIAN_POINT('',(0.0183861979166666,0.02981328125,0.002));
#8350=CARTESIAN_POINT('',(0.0183861979166666,0.02981328125,0.0015));
#8351=CARTESIAN_POINT('',(0.0183861979166666,0.02981328125,0.0015));
#8352=CARTESIAN_POINT('',(0.017496875,0.0299682291666667,0.0015));
#8353=CARTESIAN_POINT('',(0.0183842447916666,0.0293048177083334,0.0015));
#8354=CARTESIAN_POINT('',(0.0183842447916666,0.0293048177083334,0.002));
#8355=CARTESIAN_POINT('',(0.0183822916666667,0.0287963541666667,0.002));
#8356=CARTESIAN_POINT('',(0.0183822916666667,0.0287963541666667,0.0015));
#8357=CARTESIAN_POINT('',(0.0183822916666667,0.0287963541666667,0.0015));
#8358=CARTESIAN_POINT('',(0.0183842447916666,0.0293048177083334,0.0015));
#8359=CARTESIAN_POINT('',(0.01814140625,0.0282149739583333,0.0015));
#8360=CARTESIAN_POINT('',(0.01814140625,0.0282149739583333,0.002));
#8361=CARTESIAN_POINT('',(0.0182907118055556,0.0283369357638889,0.0015));
#8362=CARTESIAN_POINT('',(0.0182907118055556,0.0283369357638889,0.002));
#8363=CARTESIAN_POINT('',(0.0183710069444445,0.0285307291666667,0.0015));
#8364=CARTESIAN_POINT('',(0.0183710069444445,0.0285307291666667,0.002));
#8365=CARTESIAN_POINT('',(0.0183822916666667,0.0287963541666667,0.0015));
#8366=CARTESIAN_POINT('',(0.0183822916666667,0.0287963541666667,0.002));
#8367=CARTESIAN_POINT('',(0.01814140625,0.0282149739583333,0.002));
#8368=CARTESIAN_POINT('',(0.0183653645833334,0.0283979166666667,0.002));
#8369=CARTESIAN_POINT('',(0.0183822916666667,0.0287963541666667,0.002));
#8370=CARTESIAN_POINT('',(0.01814140625,0.0282149739583333,0.002));
#8371=CARTESIAN_POINT('',(0.01814140625,0.0282149739583333,0.0015));
#8372=CARTESIAN_POINT('',(0.01814140625,0.0282149739583333,0.0015));
#8373=CARTESIAN_POINT('',(0.01814140625,0.0282149739583333,0.0015));
#8374=CARTESIAN_POINT('',(0.0183653645833334,0.0283979166666667,0.0015));
#8375=CARTESIAN_POINT('',(0.0183822916666667,0.0287963541666667,0.0015));
#8376=CARTESIAN_POINT('',(0.0175229166666666,0.0280880208333333,0.0015));
#8377=CARTESIAN_POINT('',(0.0175229166666666,0.0280880208333333,0.002));
#8378=CARTESIAN_POINT('',(0.0177859375,0.0280506944444445,0.0015));
#8379=CARTESIAN_POINT('',(0.0177859375,0.0280506944444445,0.002));
#8380=CARTESIAN_POINT('',(0.0179921006944444,0.0280930121527778,0.0015));
#8381=CARTESIAN_POINT('',(0.0179921006944444,0.0280930121527778,0.002));
#8382=CARTESIAN_POINT('',(0.01814140625,0.0282149739583333,0.0015));
#8383=CARTESIAN_POINT('',(0.01814140625,0.0282149739583333,0.002));
#8384=CARTESIAN_POINT('',(0.0175229166666666,0.0280880208333333,0.002));
#8385=CARTESIAN_POINT('',(0.0179174479166666,0.02803203125,0.002));
#8386=CARTESIAN_POINT('',(0.01814140625,0.0282149739583333,0.002));
#8387=CARTESIAN_POINT('',(0.0175229166666666,0.0280880208333333,0.002));
#8388=CARTESIAN_POINT('',(0.0175229166666666,0.0280880208333333,0.0015));
#8389=CARTESIAN_POINT('',(0.0175229166666666,0.0280880208333333,0.0015));
#8390=CARTESIAN_POINT('',(0.0175229166666666,0.0280880208333333,0.0015));
#8391=CARTESIAN_POINT('',(0.0179174479166666,0.02803203125,0.0015));
#8392=CARTESIAN_POINT('',(0.01814140625,0.0282149739583333,0.0015));
#8393=CARTESIAN_POINT('',(0.0168536458333334,0.0284565104166666,0.0015));
#8394=CARTESIAN_POINT('',(0.0168536458333334,0.0284565104166666,0.002));
#8395=CARTESIAN_POINT('',(0.0170177083333333,0.0282516493055556,0.0015));
#8396=CARTESIAN_POINT('',(0.0170177083333333,0.0282516493055556,0.002));
#8397=CARTESIAN_POINT('',(0.0172407986111111,0.0281288194444444,0.0015));
#8398=CARTESIAN_POINT('',(0.0172407986111111,0.0281288194444444,0.002));
#8399=CARTESIAN_POINT('',(0.0175229166666666,0.0280880208333333,0.0015));
#8400=CARTESIAN_POINT('',(0.0175229166666666,0.0280880208333333,0.002));
#8401=CARTESIAN_POINT('',(0.0168536458333334,0.0284565104166666,0.002));
#8402=CARTESIAN_POINT('',(0.0170997395833333,0.02814921875,0.002));
#8403=CARTESIAN_POINT('',(0.0175229166666666,0.0280880208333333,0.002));
#8404=CARTESIAN_POINT('',(0.0168536458333334,0.0284565104166666,0.002));
#8405=CARTESIAN_POINT('',(0.0168536458333334,0.0284565104166666,0.0015));
#8406=CARTESIAN_POINT('',(0.0168536458333334,0.0284565104166666,0.0015));
#8407=CARTESIAN_POINT('',(0.0168536458333334,0.0284565104166666,0.0015));
#8408=CARTESIAN_POINT('',(0.0170997395833333,0.02814921875,0.0015));
#8409=CARTESIAN_POINT('',(0.0175229166666666,0.0280880208333333,0.0015));
#8410=CARTESIAN_POINT('',(0.0156192708333333,0.029809375,0.0015));
#8411=CARTESIAN_POINT('',(0.0156192708333333,0.029325,0.0015));
#8412=CARTESIAN_POINT('',(0.0156192708333333,0.029325,0.0015));
#8413=CARTESIAN_POINT('',(0.0156192708333333,0.029809375,0.0015));
#8414=CARTESIAN_POINT('',(0.0156192708333333,0.03029375,0.0015));
#8415=CARTESIAN_POINT('',(0.0156192708333333,0.03029375,0.0015));
#8416=CARTESIAN_POINT('',(0.0145346354166667,0.028975390625,0.0015));
#8417=CARTESIAN_POINT('',(0.01345,0.02862578125,0.0015));
#8418=CARTESIAN_POINT('',(0.01345,0.02862578125,0.0015));
#8419=CARTESIAN_POINT('',(0.0145346354166667,0.028975390625,0.0015));
#8420=CARTESIAN_POINT('',(0.01345,0.027991015625,0.0015));
#8421=CARTESIAN_POINT('',(0.01345,0.02735625,0.0015));
#8422=CARTESIAN_POINT('',(0.01345,0.02735625,0.0015));
#8423=CARTESIAN_POINT('',(0.01345,0.027991015625,0.0015));
#8424=CARTESIAN_POINT('',(0.0134825520833333,0.02735625,0.0015));
#8425=CARTESIAN_POINT('',(0.0135151041666667,0.02735625,0.0015));
#8426=CARTESIAN_POINT('',(0.0135151041666667,0.02735625,0.0015));
#8427=CARTESIAN_POINT('',(0.0134825520833333,0.02735625,0.0015));
#8428=CARTESIAN_POINT('',(0.014717578125,0.0277729166666667,0.0015));
#8429=CARTESIAN_POINT('',(0.0159200520833334,0.0281895833333334,0.0015));
#8430=CARTESIAN_POINT('',(0.0159200520833334,0.0281895833333334,0.0015));
#8431=CARTESIAN_POINT('',(0.014717578125,0.0277729166666667,0.0015));
#8432=CARTESIAN_POINT('',(0.0176166666666666,0.0268875,0.0015));
#8433=CARTESIAN_POINT('',(0.0176166666666666,0.0268875,0.002));
#8434=CARTESIAN_POINT('',(0.0168032986111111,0.0269447916666667,0.0015));
#8435=CARTESIAN_POINT('',(0.0168032986111111,0.0269447916666667,0.002));
#8436=CARTESIAN_POINT('',(0.0162377604166667,0.0273788194444445,0.0015));
#8437=CARTESIAN_POINT('',(0.0162377604166667,0.0273788194444445,0.002));
#8438=CARTESIAN_POINT('',(0.0159200520833334,0.0281895833333334,0.0015));
#8439=CARTESIAN_POINT('',(0.0159200520833334,0.0281895833333334,0.002));
#8440=CARTESIAN_POINT('',(0.0176166666666666,0.0268875,0.0015));
#8441=CARTESIAN_POINT('',(0.0176166666666666,0.0268875,0.0015));
#8442=CARTESIAN_POINT('',(0.0176166666666666,0.0268875,0.0015));
#8443=CARTESIAN_POINT('',(0.0163966145833334,0.0269734375,0.0015));
#8444=CARTESIAN_POINT('',(0.0159200520833334,0.0281895833333334,0.0015));
#8445=CARTESIAN_POINT('',(0.0189063802083334,0.027358203125,0.0015));
#8446=CARTESIAN_POINT('',(0.0189063802083334,0.027358203125,0.002));
#8447=CARTESIAN_POINT('',(0.0185969184027778,0.0270044704861111,0.0015));
#8448=CARTESIAN_POINT('',(0.0185969184027778,0.0270044704861111,0.002));
#8449=CARTESIAN_POINT('',(0.0181670138888889,0.0268475694444444,0.0015));
#8450=CARTESIAN_POINT('',(0.0181670138888889,0.0268475694444444,0.002));
#8451=CARTESIAN_POINT('',(0.0176166666666666,0.0268875,0.0015));
#8452=CARTESIAN_POINT('',(0.0176166666666666,0.0268875,0.002));
#8453=CARTESIAN_POINT('',(0.0189063802083334,0.027358203125,0.0015));
#8454=CARTESIAN_POINT('',(0.0189063802083334,0.027358203125,0.0015));
#8455=CARTESIAN_POINT('',(0.0189063802083334,0.027358203125,0.0015));
#8456=CARTESIAN_POINT('',(0.0184421875,0.0268276041666667,0.0015));
#8457=CARTESIAN_POINT('',(0.0176166666666666,0.0268875,0.0015));
#8458=CARTESIAN_POINT('',(0.0193705729166667,0.0288731770833334,0.0015));
#8459=CARTESIAN_POINT('',(0.0193705729166667,0.0288731770833334,0.002));
#8460=CARTESIAN_POINT('',(0.0193705729166667,0.0282169270833334,0.0015));
#8461=CARTESIAN_POINT('',(0.0193705729166667,0.0282169270833334,0.002));
#8462=CARTESIAN_POINT('',(0.0192158420138889,0.0277119357638889,0.0015));
#8463=CARTESIAN_POINT('',(0.0192158420138889,0.0277119357638889,0.002));
#8464=CARTESIAN_POINT('',(0.0189063802083334,0.027358203125,0.0015));
#8465=CARTESIAN_POINT('',(0.0189063802083334,0.027358203125,0.002));
#8466=CARTESIAN_POINT('',(0.0193705729166667,0.0288731770833334,0.0015));
#8467=CARTESIAN_POINT('',(0.0193705729166667,0.0288731770833334,0.0015));
#8468=CARTESIAN_POINT('',(0.0193705729166667,0.0288731770833334,0.0015));
#8469=CARTESIAN_POINT('',(0.0193705729166667,0.0278888020833334,0.0015));
#8470=CARTESIAN_POINT('',(0.0189063802083334,0.027358203125,0.0015));
#8471=CARTESIAN_POINT('',(0.0193725260416667,0.029854296875,0.0015));
#8472=CARTESIAN_POINT('',(0.0193744791666666,0.0308354166666666,0.0015));
#8473=CARTESIAN_POINT('',(0.0193744791666666,0.0308354166666666,0.0015));
#8474=CARTESIAN_POINT('',(0.0193725260416667,0.029854296875,0.0015));
#8475=CARTESIAN_POINT('',(0.0164122395833334,0.0313497395833333,0.0015));
#8476=CARTESIAN_POINT('',(0.01345,0.0318640625,0.0015));
#8477=CARTESIAN_POINT('',(0.01345,0.0318640625,0.0015));
#8478=CARTESIAN_POINT('',(0.0164122395833334,0.0313497395833333,0.0015));
#8479=CARTESIAN_POINT('',(0.01345,0.031268359375,0.0015));
#8480=CARTESIAN_POINT('',(0.01345,0.03067265625,0.0015));
#8481=CARTESIAN_POINT('',(0.01345,0.03067265625,0.0015));
#8482=CARTESIAN_POINT('',(0.01345,0.031268359375,0.0015));
#8483=CARTESIAN_POINT('',(0.0145346354166667,0.030483203125,0.0015));
#8484=CARTESIAN_POINT('',(0.0145346354166667,0.030483203125,0.0015));
#8485=CARTESIAN_POINT('',(0.0165997395833334,0.0292364583333334,0.0015));
#8486=CARTESIAN_POINT('',(0.0165997395833334,0.0292364583333334,0.002));
#8487=CARTESIAN_POINT('',(0.0166049479166667,0.0289213541666667,0.0015));
#8488=CARTESIAN_POINT('',(0.0166049479166667,0.0289213541666667,0.002));
#8489=CARTESIAN_POINT('',(0.0166895833333334,0.0286613715277778,0.0015));
#8490=CARTESIAN_POINT('',(0.0166895833333334,0.0286613715277778,0.002));
#8491=CARTESIAN_POINT('',(0.0168536458333334,0.0284565104166666,0.0015));
#8492=CARTESIAN_POINT('',(0.0168536458333334,0.0284565104166666,0.002));
#8493=CARTESIAN_POINT('',(0.0165997395833334,0.0292364583333334,0.002));
#8494=CARTESIAN_POINT('',(0.0166075520833334,0.0287638020833334,0.002));
#8495=CARTESIAN_POINT('',(0.0168536458333334,0.0284565104166666,0.002));
#8496=CARTESIAN_POINT('',(0.0165997395833334,0.0292364583333334,0.0015));
#8497=CARTESIAN_POINT('',(0.0166075520833334,0.0287638020833334,0.0015));
#8498=CARTESIAN_POINT('',(0.0168536458333334,0.0284565104166666,0.0015));
#8499=CARTESIAN_POINT('',(0.,0.,0.0015));
#8500=CARTESIAN_POINT('',(0.00467903156406276,0.0107886369026181,0.0015));
#8501=CARTESIAN_POINT('',(0.00699891495574773,0.0103354897650002,0.0015));
#8502=CARTESIAN_POINT('',(0.00699947916666667,0.0103354166666667,0.0015));
#8503=CARTESIAN_POINT('',(0.00467903156406276,0.0107886369026181,0.0015));
#8504=CARTESIAN_POINT('',(0.00704114583333334,0.0107221354166667,0.0015));
#8505=CARTESIAN_POINT('',(0.00704114583333334,0.0107221354166667,0.0015));
#8506=CARTESIAN_POINT('',(0.0075671875,0.0102618489583333,0.0015));
#8507=CARTESIAN_POINT('',(0.00813428095939016,0.0101883609297656,0.0015));
#8508=CARTESIAN_POINT('',(0.00813428095939016,0.0101883609297656,0.0015));
#8509=CARTESIAN_POINT('',(0.0075671875,0.0102618489583333,0.0015));
#8510=CARTESIAN_POINT('',(0.00650824355903976,0.0106308504088378,0.0015));
#8511=CARTESIAN_POINT('',(0.0081921875,0.0105880208333333,0.0015));
#8512=CARTESIAN_POINT('',(0.0081921875,0.0105880208333333,0.0015));
#8513=CARTESIAN_POINT('',(0.00650824355903976,0.0106308504088378,0.0015));
#8514=CARTESIAN_POINT('',(0.00756979166666667,0.0116127604166667,0.0015));
#8515=CARTESIAN_POINT('',(0.00756979166666667,0.0116127604166667,0.002));
#8516=CARTESIAN_POINT('',(0.00798472222222222,0.0113358506944444,0.0015));
#8517=CARTESIAN_POINT('',(0.00798472222222222,0.0113358506944444,0.002));
#8518=CARTESIAN_POINT('',(0.0081921875,0.0109942708333333,0.0015));
#8519=CARTESIAN_POINT('',(0.0081921875,0.0109942708333333,0.002));
#8520=CARTESIAN_POINT('',(0.0081921875,0.0105880208333333,0.0015));
#8521=CARTESIAN_POINT('',(0.0081921875,0.0105880208333333,0.002));
#8522=CARTESIAN_POINT('',(0.00756979166666667,0.0116127604166667,0.0015));
#8523=CARTESIAN_POINT('',(0.00756979166666667,0.0116127604166667,0.0015));
#8524=CARTESIAN_POINT('',(0.00756979166666667,0.0116127604166667,0.0015));
#8525=CARTESIAN_POINT('',(0.0081921875,0.0111973958333333,0.0015));
#8526=CARTESIAN_POINT('',(0.0081921875,0.0105880208333333,0.0015));
#8527=CARTESIAN_POINT('',(0.00783802083333334,0.0115600260416667,0.0015));
#8528=CARTESIAN_POINT('',(0.00810625,0.0115072916666667,0.0015));
#8529=CARTESIAN_POINT('',(0.00810625,0.0115072916666667,0.0015));
#8530=CARTESIAN_POINT('',(0.00783802083333334,0.0115600260416667,0.0015));
#8531=CARTESIAN_POINT('',(0.008104296875,0.0120463541666667,0.0015));
#8532=CARTESIAN_POINT('',(0.00810234375,0.0125854166666667,0.0015));
#8533=CARTESIAN_POINT('',(0.00810234375,0.0125854166666667,0.0015));
#8534=CARTESIAN_POINT('',(0.008104296875,0.0120463541666667,0.0015));
#8535=CARTESIAN_POINT('',(0.005901171875,0.0129682291666667,0.0015));
#8536=CARTESIAN_POINT('',(0.0037,0.0133510416666667,0.0015));
#8537=CARTESIAN_POINT('',(0.0037,0.0133510416666667,0.0015));
#8538=CARTESIAN_POINT('',(0.005901171875,0.0129682291666667,0.0015));
#8539=CARTESIAN_POINT('',(0.0037,0.0127768229166667,0.0015));
#8540=CARTESIAN_POINT('',(0.0037,0.0122026041666667,0.0015));
#8541=CARTESIAN_POINT('',(0.0037,0.0122026041666667,0.0015));
#8542=CARTESIAN_POINT('',(0.0037,0.0127768229166667,0.0015));
#8543=CARTESIAN_POINT('',(0.00514075520833333,0.0119486979166667,0.0015));
#8544=CARTESIAN_POINT('',(0.00658151041666667,0.0116947916666667,0.0015));
#8545=CARTESIAN_POINT('',(0.00658151041666667,0.0116947916666667,0.0015));
#8546=CARTESIAN_POINT('',(0.00514075520833333,0.0119486979166667,0.0015));
#8547=CARTESIAN_POINT('',(0.00704114583333334,0.0107221354166667,0.0015));
#8548=CARTESIAN_POINT('',(0.00704114583333334,0.0107221354166667,0.002));
#8549=CARTESIAN_POINT('',(0.00705156250000001,0.0111318576388889,0.0015));
#8550=CARTESIAN_POINT('',(0.00705156250000001,0.0111318576388889,0.002));
#8551=CARTESIAN_POINT('',(0.00689835069444445,0.0114560763888889,0.0015));
#8552=CARTESIAN_POINT('',(0.00689835069444445,0.0114560763888889,0.002));
#8553=CARTESIAN_POINT('',(0.00658151041666667,0.0116947916666667,0.0015));
#8554=CARTESIAN_POINT('',(0.00658151041666667,0.0116947916666667,0.002));
#8555=CARTESIAN_POINT('',(0.00704114583333334,0.0107221354166667,0.0015));
#8556=CARTESIAN_POINT('',(0.00705677083333334,0.01133671875,0.0015));
#8557=CARTESIAN_POINT('',(0.00658151041666667,0.0116947916666667,0.0015));
#8558=CARTESIAN_POINT('',(0.,0.,0.0015));
#8559=CARTESIAN_POINT('',(0.,0.,0.002));
#8560=CARTESIAN_POINT('',(0.,0.,0.002));
#8561=CARTESIAN_POINT('',(0.,0.,0.002));
#8562=CARTESIAN_POINT('',(0.,0.,0.002));
#8563=CARTESIAN_POINT('',(0.,0.,0.002));
#8564=CARTESIAN_POINT('',(-0.0202984157986111,0.0176658145138889,0.0015));
#8565=CARTESIAN_POINT('',(-0.0185129340277778,0.0179696339583334,0.0015));
#8566=CARTESIAN_POINT('',(-0.0185129340277778,0.0179696339583334,0.0015));
#8567=CARTESIAN_POINT('',(-0.0202984157986111,0.0176658145138889,0.0015));
#8568=CARTESIAN_POINT('',(-0.0220838975694445,0.0173619950694444,0.0015));
#8569=CARTESIAN_POINT('',(-0.0220838975694445,0.0173619950694444,0.0015));
#8570=CARTESIAN_POINT('',(-0.0185129340277778,0.0186071122569444,0.0015));
#8571=CARTESIAN_POINT('',(-0.0185129340277778,0.0192445905555555,0.0015));
#8572=CARTESIAN_POINT('',(-0.0185129340277778,0.0192445905555555,0.0015));
#8573=CARTESIAN_POINT('',(-0.0185129340277778,0.0186071122569444,0.0015));
#8574=CARTESIAN_POINT('',(-0.0209814670138889,0.0196731929861111,0.0015));
#8575=CARTESIAN_POINT('',(-0.02345,0.0201017954166667,0.0015));
#8576=CARTESIAN_POINT('',(-0.02345,0.0201017954166667,0.0015));
#8577=CARTESIAN_POINT('',(-0.0209814670138889,0.0196731929861111,0.0015));
#8578=CARTESIAN_POINT('',(-0.02345,0.0196053761458333,0.0015));
#8579=CARTESIAN_POINT('',(-0.02345,0.019108956875,0.0015));
#8580=CARTESIAN_POINT('',(-0.02345,0.019108956875,0.0015));
#8581=CARTESIAN_POINT('',(-0.02345,0.0196053761458333,0.0015));
#8582=CARTESIAN_POINT('',(-0.0228005859375,0.0189950245833333,0.0015));
#8583=CARTESIAN_POINT('',(-0.022151171875,0.0188810922916666,0.0015));
#8584=CARTESIAN_POINT('',(-0.022151171875,0.0188810922916666,0.0015));
#8585=CARTESIAN_POINT('',(-0.0228005859375,0.0189950245833333,0.0015));
#8586=CARTESIAN_POINT('',(-0.0209353515625,0.0187221296180555,0.0015));
#8587=CARTESIAN_POINT('',(-0.01971953125,0.0185631669444444,0.0015));
#8588=CARTESIAN_POINT('',(-0.01971953125,0.0185631669444444,0.0015));
#8589=CARTESIAN_POINT('',(-0.0209353515625,0.0187221296180555,0.0015));
#8590=CARTESIAN_POINT('',(-0.021584765625,0.0182322207638889,0.0015));
#8591=CARTESIAN_POINT('',(-0.02345,0.0179012745833334,0.0015));
#8592=CARTESIAN_POINT('',(-0.02345,0.0179012745833334,0.0015));
#8593=CARTESIAN_POINT('',(-0.021584765625,0.0182322207638889,0.0015));
#8594=CARTESIAN_POINT('',(-0.02345,0.0175605627777778,0.0015));
#8595=CARTESIAN_POINT('',(-0.02345,0.0172198509722222,0.0015));
#8596=CARTESIAN_POINT('',(-0.02345,0.0172198509722222,0.0015));
#8597=CARTESIAN_POINT('',(-0.02345,0.0175605627777778,0.0015));
#8598=CARTESIAN_POINT('',(-0.0216476996527778,0.0162736704166667,0.0015));
#8599=CARTESIAN_POINT('',(-0.0198453993055555,0.0153274898611111,0.0015));
#8600=CARTESIAN_POINT('',(-0.0198453993055555,0.0153274898611111,0.0015));
#8601=CARTESIAN_POINT('',(-0.0216476996527778,0.0162736704166667,0.0015));
#8602=CARTESIAN_POINT('',(-0.0209440321180555,0.0155683752777778,0.0015));
#8603=CARTESIAN_POINT('',(-0.0220426649305556,0.0158092606944444,0.0015));
#8604=CARTESIAN_POINT('',(-0.0220426649305556,0.0158092606944444,0.0015));
#8605=CARTESIAN_POINT('',(-0.0209440321180555,0.0155683752777778,0.0015));
#8606=CARTESIAN_POINT('',(-0.0227463324652778,0.0159313310069444,0.0015));
#8607=CARTESIAN_POINT('',(-0.02345,0.0160534013194444,0.0015));
#8608=CARTESIAN_POINT('',(-0.02345,0.0160534013194444,0.0015));
#8609=CARTESIAN_POINT('',(-0.0227463324652778,0.0159313310069444,0.0015));
#8610=CARTESIAN_POINT('',(-0.02345,0.0155548119097223,0.0015));
#8611=CARTESIAN_POINT('',(-0.02345,0.0150562225,0.0015));
#8612=CARTESIAN_POINT('',(-0.02345,0.0150562225,0.0015));
#8613=CARTESIAN_POINT('',(-0.02345,0.0155548119097223,0.0015));
#8614=CARTESIAN_POINT('',(-0.0209814670138889,0.0146276200694444,0.0015));
#8615=CARTESIAN_POINT('',(-0.0185129340277778,0.0141990176388889,0.0015));
#8616=CARTESIAN_POINT('',(-0.0185129340277778,0.0141990176388889,0.0015));
#8617=CARTESIAN_POINT('',(-0.0209814670138889,0.0146276200694444,0.0015));
#8618=CARTESIAN_POINT('',(-0.0185129340277778,0.0148598249305556,0.0015));
#8619=CARTESIAN_POINT('',(-0.0185129340277778,0.0155206322222223,0.0015));
#8620=CARTESIAN_POINT('',(-0.0185129340277778,0.0155206322222223,0.0015));
#8621=CARTESIAN_POINT('',(-0.0185129340277778,0.0148598249305556,0.0015));
#8622=CARTESIAN_POINT('',(-0.0202984157986111,0.0164413136458334,0.0015));
#8623=CARTESIAN_POINT('',(-0.0202984157986111,0.0164413136458334,0.0015));
#8624=CARTESIAN_POINT('',(0.,0.,0.0015));
#8625=CARTESIAN_POINT('',(-0.0208897786458333,0.002031356875,0.0015));
#8626=CARTESIAN_POINT('',(-0.0208897786458333,0.002031356875,0.002));
#8627=CARTESIAN_POINT('',(-0.0208859809027778,0.00244476833333333,0.002));
#8628=CARTESIAN_POINT('',(-0.0208935763888889,0.00161794541666667,0.002));
#8629=CARTESIAN_POINT('',(-0.0208859809027778,0.00244476833333333,0.0015));
#8630=CARTESIAN_POINT('',(-0.0208859809027778,0.00244476833333333,0.0015));
#8631=CARTESIAN_POINT('',(-0.0208897786458333,0.002031356875,0.0015));
#8632=CARTESIAN_POINT('',(-0.0208935763888889,0.00161794541666667,0.0015));
#8633=CARTESIAN_POINT('',(-0.0208935763888889,0.00161794541666667,0.0015));
#8634=CARTESIAN_POINT('',(-0.0201112413194444,0.00230913465277778,0.0015));
#8635=CARTESIAN_POINT('',(-0.0201112413194444,0.00230913465277778,0.002));
#8636=CARTESIAN_POINT('',(-0.0193365017361111,0.00217350097222222,0.002));
#8637=CARTESIAN_POINT('',(-0.0193365017361111,0.00217350097222222,0.0015));
#8638=CARTESIAN_POINT('',(-0.0193365017361111,0.00217350097222222,0.0015));
#8639=CARTESIAN_POINT('',(-0.0201112413194444,0.00230913465277778,0.0015));
#8640=CARTESIAN_POINT('',(-0.0193381293402778,0.00170583604166666,0.0015));
#8641=CARTESIAN_POINT('',(-0.0193381293402778,0.00170583604166666,0.002));
#8642=CARTESIAN_POINT('',(-0.0193397569444444,0.00123817111111111,0.002));
#8643=CARTESIAN_POINT('',(-0.0193397569444444,0.00123817111111111,0.0015));
#8644=CARTESIAN_POINT('',(-0.0193397569444444,0.00123817111111111,0.0015));
#8645=CARTESIAN_POINT('',(-0.0193381293402778,0.00170583604166666,0.0015));
#8646=CARTESIAN_POINT('',(-0.0195638237847222,0.000751517465277779,0.0015));
#8647=CARTESIAN_POINT('',(-0.0195638237847222,0.000751517465277779,0.002));
#8648=CARTESIAN_POINT('',(-0.0194238498263889,0.000861109479166667,0.0015));
#8649=CARTESIAN_POINT('',(-0.0194238498263889,0.000861109479166667,0.002));
#8650=CARTESIAN_POINT('',(-0.0193491608796296,0.00102332736111111,0.0015));
#8651=CARTESIAN_POINT('',(-0.0193491608796296,0.00102332736111111,0.002));
#8652=CARTESIAN_POINT('',(-0.0193397569444444,0.00123817111111111,0.0015));
#8653=CARTESIAN_POINT('',(-0.0193397569444444,0.00123817111111111,0.002));
#8654=CARTESIAN_POINT('',(-0.0195638237847222,0.000751517465277779,0.002));
#8655=CARTESIAN_POINT('',(-0.0193538628472222,0.000915905486111112,0.002));
#8656=CARTESIAN_POINT('',(-0.0193397569444444,0.00123817111111111,0.002));
#8657=CARTESIAN_POINT('',(-0.0195638237847222,0.000751517465277779,0.002));
#8658=CARTESIAN_POINT('',(-0.0195638237847222,0.000751517465277779,0.0015));
#8659=CARTESIAN_POINT('',(-0.0195638237847222,0.000751517465277779,0.0015));
#8660=CARTESIAN_POINT('',(-0.0195638237847222,0.000751517465277779,0.0015));
#8661=CARTESIAN_POINT('',(-0.0193538628472222,0.000915905486111112,0.0015));
#8662=CARTESIAN_POINT('',(-0.0193397569444444,0.00123817111111111,0.0015));
#8663=CARTESIAN_POINT('',(-0.0201264322916666,0.000638127708333334,0.0015));
#8664=CARTESIAN_POINT('',(-0.0201264322916666,0.000638127708333334,0.002));
#8665=CARTESIAN_POINT('',(-0.019891333912037,0.000604128865740741,0.0015));
#8666=CARTESIAN_POINT('',(-0.019891333912037,0.000604128865740741,0.002));
#8667=CARTESIAN_POINT('',(-0.0197037977430555,0.00064192545138889,0.0015));
#8668=CARTESIAN_POINT('',(-0.0197037977430555,0.00064192545138889,0.002));
#8669=CARTESIAN_POINT('',(-0.0195638237847222,0.000751517465277779,0.0015));
#8670=CARTESIAN_POINT('',(-0.0195638237847222,0.000751517465277779,0.002));
#8671=CARTESIAN_POINT('',(-0.0201264322916666,0.000638127708333334,0.002));
#8672=CARTESIAN_POINT('',(-0.0197737847222222,0.000587129444444445,0.002));
#8673=CARTESIAN_POINT('',(-0.0195638237847222,0.000751517465277779,0.002));
#8674=CARTESIAN_POINT('',(-0.0201264322916666,0.000638127708333334,0.002));
#8675=CARTESIAN_POINT('',(-0.0201264322916666,0.000638127708333334,0.0015));
#8676=CARTESIAN_POINT('',(-0.0201264322916666,0.000638127708333334,0.0015));
#8677=CARTESIAN_POINT('',(-0.0201264322916666,0.000638127708333334,0.0015));
#8678=CARTESIAN_POINT('',(-0.0197737847222222,0.000587129444444445,0.0015));
#8679=CARTESIAN_POINT('',(-0.0195638237847222,0.000751517465277779,0.0015));
#8680=CARTESIAN_POINT('',(-0.020686328125,0.000953340381944445,0.0015));
#8681=CARTESIAN_POINT('',(-0.020686328125,0.000953340381944445,0.002));
#8682=CARTESIAN_POINT('',(-0.0205481626157407,0.00077719744212963,0.0015));
#8683=CARTESIAN_POINT('',(-0.0205481626157407,0.00077719744212963,0.002));
#8684=CARTESIAN_POINT('',(-0.0203615306712963,0.000672126550925927,0.0015));
#8685=CARTESIAN_POINT('',(-0.0203615306712963,0.000672126550925927,0.002));
#8686=CARTESIAN_POINT('',(-0.0201264322916666,0.000638127708333334,0.0015));
#8687=CARTESIAN_POINT('',(-0.0201264322916666,0.000638127708333334,0.002));
#8688=CARTESIAN_POINT('',(-0.020686328125,0.000953340381944445,0.002));
#8689=CARTESIAN_POINT('',(-0.0204790798611111,0.000689125972222223,0.002));
#8690=CARTESIAN_POINT('',(-0.0201264322916666,0.000638127708333334,0.002));
#8691=CARTESIAN_POINT('',(-0.020686328125,0.000953340381944445,0.002));
#8692=CARTESIAN_POINT('',(-0.020686328125,0.000953340381944445,0.0015));
#8693=CARTESIAN_POINT('',(-0.020686328125,0.000953340381944445,0.0015));
#8694=CARTESIAN_POINT('',(-0.020686328125,0.000953340381944445,0.0015));
#8695=CARTESIAN_POINT('',(-0.0204790798611111,0.000689125972222223,0.0015));
#8696=CARTESIAN_POINT('',(-0.0201264322916666,0.000638127708333334,0.0015));
#8697=CARTESIAN_POINT('',(-0.0225803168402778,0.00273665201388889,0.0015));
#8698=CARTESIAN_POINT('',(-0.0217106336805555,0.00258365722222222,0.0015));
#8699=CARTESIAN_POINT('',(-0.0217106336805555,0.00258365722222222,0.0015));
#8700=CARTESIAN_POINT('',(-0.0225803168402778,0.00273665201388889,0.0015));
#8701=CARTESIAN_POINT('',(-0.02345,0.00288964680555556,0.0015));
#8702=CARTESIAN_POINT('',(-0.02345,0.00288964680555556,0.0015));
#8703=CARTESIAN_POINT('',(-0.0217122612847222,0.00211599229166666,0.0015));
#8704=CARTESIAN_POINT('',(-0.0217138888888889,0.00164832736111111,0.0015));
#8705=CARTESIAN_POINT('',(-0.0217138888888889,0.00164832736111111,0.0015));
#8706=CARTESIAN_POINT('',(-0.0217122612847222,0.00211599229166666,0.0015));
#8707=CARTESIAN_POINT('',(-0.0212798611111111,0.000242619895833334,0.0015));
#8708=CARTESIAN_POINT('',(-0.0212798611111111,0.000242619895833334,0.002));
#8709=CARTESIAN_POINT('',(-0.021569212962963,0.000609735057870371,0.0015));
#8710=CARTESIAN_POINT('',(-0.021569212962963,0.000609735057870371,0.002));
#8711=CARTESIAN_POINT('',(-0.0217138888888889,0.00107830421296296,0.0015));
#8712=CARTESIAN_POINT('',(-0.0217138888888889,0.00107830421296296,0.002));
#8713=CARTESIAN_POINT('',(-0.0217138888888889,0.00164832736111111,0.0015));
#8714=CARTESIAN_POINT('',(-0.0217138888888889,0.00164832736111111,0.002));
#8715=CARTESIAN_POINT('',(-0.0212798611111111,0.000242619895833334,0.0015));
#8716=CARTESIAN_POINT('',(-0.0212798611111111,0.000242619895833334,0.0015));
#8717=CARTESIAN_POINT('',(-0.0212798611111111,0.000242619895833334,0.0015));
#8718=CARTESIAN_POINT('',(-0.0217138888888889,0.00079329263888889,0.0015));
#8719=CARTESIAN_POINT('',(-0.0217138888888889,0.00164832736111111,0.0015));
#8720=CARTESIAN_POINT('',(-0.020119921875,-0.000362306319444443,0.0015));
#8721=CARTESIAN_POINT('',(-0.020119921875,-0.000362306319444443,0.002));
#8722=CARTESIAN_POINT('',(-0.0206038628472222,-0.000326137337962962,0.0015));
#8723=CARTESIAN_POINT('',(-0.0206038628472222,-0.000326137337962962,0.002));
#8724=CARTESIAN_POINT('',(-0.0209905092592593,-0.000124495266203702,0.0015));
#8725=CARTESIAN_POINT('',(-0.0209905092592593,-0.000124495266203702,0.002));
#8726=CARTESIAN_POINT('',(-0.0212798611111111,0.000242619895833334,0.0015));
#8727=CARTESIAN_POINT('',(-0.0212798611111111,0.000242619895833334,0.002));
#8728=CARTESIAN_POINT('',(-0.020119921875,-0.000362306319444443,0.0015));
#8729=CARTESIAN_POINT('',(-0.020119921875,-0.000362306319444443,0.0015));
#8730=CARTESIAN_POINT('',(-0.020119921875,-0.000362306319444443,0.0015));
#8731=CARTESIAN_POINT('',(-0.0208458333333334,-0.000308052847222221,0.0015));
#8732=CARTESIAN_POINT('',(-0.0212798611111111,0.000242619895833334,0.0015));
#8733=CARTESIAN_POINT('',(-0.0189605251736111,3.7541770833335E-5,0.0015));
#8734=CARTESIAN_POINT('',(-0.0189605251736111,3.7541770833335E-5,0.002));
#8735=CARTESIAN_POINT('',(-0.0192567491319444,-0.000267362743055555,0.0015));
#8736=CARTESIAN_POINT('',(-0.0192567491319444,-0.000267362743055555,0.002));
#8737=CARTESIAN_POINT('',(-0.0196432146990741,-0.000400645439814814,0.0015));
#8738=CARTESIAN_POINT('',(-0.0196432146990741,-0.000400645439814814,0.002));
#8739=CARTESIAN_POINT('',(-0.020119921875,-0.000362306319444443,0.0015));
#8740=CARTESIAN_POINT('',(-0.020119921875,-0.000362306319444443,0.002));
#8741=CARTESIAN_POINT('',(-0.0189605251736111,3.7541770833335E-5,0.0015));
#8742=CARTESIAN_POINT('',(-0.0189605251736111,3.7541770833335E-5,0.0015));
#8743=CARTESIAN_POINT('',(-0.0189605251736111,3.7541770833335E-5,0.0015));
#8744=CARTESIAN_POINT('',(-0.0194048611111111,-0.000419815,0.0015));
#8745=CARTESIAN_POINT('',(-0.020119921875,-0.000362306319444443,0.0015));
#8746=CARTESIAN_POINT('',(-0.0185161892361111,0.00129567979166667,0.0015));
#8747=CARTESIAN_POINT('',(-0.0185161892361111,0.00129567979166667,0.002));
#8748=CARTESIAN_POINT('',(-0.0185161892361111,0.000761825625000001,0.0015));
#8749=CARTESIAN_POINT('',(-0.0185161892361111,0.000761825625000001,0.002));
#8750=CARTESIAN_POINT('',(-0.0186643012152778,0.000342446284722224,0.0015));
#8751=CARTESIAN_POINT('',(-0.0186643012152778,0.000342446284722224,0.002));
#8752=CARTESIAN_POINT('',(-0.0189605251736111,3.7541770833335E-5,0.0015));
#8753=CARTESIAN_POINT('',(-0.0189605251736111,3.7541770833335E-5,0.002));
#8754=CARTESIAN_POINT('',(-0.0185161892361111,0.00129567979166667,0.0015));
#8755=CARTESIAN_POINT('',(-0.0185161892361111,0.00129567979166667,0.0015));
#8756=CARTESIAN_POINT('',(-0.0185161892361111,0.00129567979166667,0.0015));
#8757=CARTESIAN_POINT('',(-0.0185161892361111,0.000494898541666668,0.0015));
#8758=CARTESIAN_POINT('',(-0.0189605251736111,3.7541770833335E-5,0.0015));
#8759=CARTESIAN_POINT('',(-0.0185145616319445,0.00216048013888889,0.0015));
#8760=CARTESIAN_POINT('',(-0.0185129340277778,0.00302528048611111,0.0015));
#8761=CARTESIAN_POINT('',(-0.0185129340277778,0.00302528048611111,0.0015));
#8762=CARTESIAN_POINT('',(-0.0185145616319445,0.00216048013888889,0.0015));
#8763=CARTESIAN_POINT('',(-0.0209814670138889,0.00345388291666667,0.0015));
#8764=CARTESIAN_POINT('',(-0.02345,0.00388248534722222,0.0015));
#8765=CARTESIAN_POINT('',(-0.02345,0.00388248534722222,0.0015));
#8766=CARTESIAN_POINT('',(-0.0209814670138889,0.00345388291666667,0.0015));
#8767=CARTESIAN_POINT('',(-0.02345,0.00338606607638889,0.0015));
#8768=CARTESIAN_POINT('',(-0.02345,0.00338606607638889,0.0015));
#8769=CARTESIAN_POINT('',(-0.0208935763888889,0.00161794541666667,0.0015));
#8770=CARTESIAN_POINT('',(-0.0208935763888889,0.00161794541666667,0.002));
#8771=CARTESIAN_POINT('',(-0.0208935763888889,0.00135101833333333,0.0015));
#8772=CARTESIAN_POINT('',(-0.0208935763888889,0.00135101833333333,0.002));
#8773=CARTESIAN_POINT('',(-0.0208244936342593,0.00112948332175926,0.0015));
#8774=CARTESIAN_POINT('',(-0.0208244936342593,0.00112948332175926,0.002));
#8775=CARTESIAN_POINT('',(-0.020686328125,0.000953340381944445,0.0015));
#8776=CARTESIAN_POINT('',(-0.020686328125,0.000953340381944445,0.002));
#8777=CARTESIAN_POINT('',(-0.0208935763888889,0.00161794541666667,0.002));
#8778=CARTESIAN_POINT('',(-0.0208935763888889,0.00121755479166667,0.002));
#8779=CARTESIAN_POINT('',(-0.020686328125,0.000953340381944445,0.002));
#8780=CARTESIAN_POINT('',(-0.0208935763888889,0.00161794541666667,0.0015));
#8781=CARTESIAN_POINT('',(-0.0208935763888889,0.00121755479166667,0.0015));
#8782=CARTESIAN_POINT('',(-0.020686328125,0.000953340381944445,0.0015));
#8783=CARTESIAN_POINT('',(0.,0.,0.0015));
#8784=CARTESIAN_POINT('',(-0.0216086371527778,0.0224873205902778,0.0015));
#8785=CARTESIAN_POINT('',(-0.0216086371527778,0.0224873205902778,0.002));
#8786=CARTESIAN_POINT('',(-0.0216086371527778,0.0230824811805555,0.002));
#8787=CARTESIAN_POINT('',(-0.0216086371527778,0.02189216,0.002));
#8788=CARTESIAN_POINT('',(-0.0216086371527778,0.0230824811805555,0.0015));
#8789=CARTESIAN_POINT('',(-0.0216086371527778,0.0230824811805555,0.0015));
#8790=CARTESIAN_POINT('',(-0.0216086371527778,0.0224873205902778,0.0015));
#8791=CARTESIAN_POINT('',(-0.0216086371527778,0.02189216,0.0015));
#8792=CARTESIAN_POINT('',(-0.0216086371527778,0.02189216,0.0015));
#8793=CARTESIAN_POINT('',(-0.0206895833333334,0.0226262094791666,0.0015));
#8794=CARTESIAN_POINT('',(-0.0206895833333334,0.0226262094791666,0.002));
#8795=CARTESIAN_POINT('',(-0.0197705295138889,0.0221699377777778,0.002));
#8796=CARTESIAN_POINT('',(-0.0197705295138889,0.0221699377777778,0.0015));
#8797=CARTESIAN_POINT('',(-0.0197705295138889,0.0221699377777778,0.0015));
#8798=CARTESIAN_POINT('',(-0.0206895833333334,0.0226262094791666,0.0015));
#8799=CARTESIAN_POINT('',(-0.0224322048611112,0.0226278370833334,0.0015));
#8800=CARTESIAN_POINT('',(-0.0224322048611112,0.0217662919444445,0.0015));
#8801=CARTESIAN_POINT('',(-0.0224322048611112,0.0217662919444445,0.0015));
#8802=CARTESIAN_POINT('',(-0.0224322048611112,0.0226278370833334,0.0015));
#8803=CARTESIAN_POINT('',(-0.0224322048611112,0.0234893822222222,0.0015));
#8804=CARTESIAN_POINT('',(-0.0224322048611112,0.0234893822222222,0.0015));
#8805=CARTESIAN_POINT('',(-0.0229411024305556,0.0216887094791666,0.0015));
#8806=CARTESIAN_POINT('',(-0.02345,0.0216111270138889,0.0015));
#8807=CARTESIAN_POINT('',(-0.02345,0.0216111270138889,0.0015));
#8808=CARTESIAN_POINT('',(-0.0229411024305556,0.0216887094791666,0.0015));
#8809=CARTESIAN_POINT('',(-0.02345,0.0211038570486111,0.0015));
#8810=CARTESIAN_POINT('',(-0.02345,0.0205965870833334,0.0015));
#8811=CARTESIAN_POINT('',(-0.02345,0.0205965870833334,0.0015));
#8812=CARTESIAN_POINT('',(-0.02345,0.0211038570486111,0.0015));
#8813=CARTESIAN_POINT('',(-0.0209814670138889,0.0210664221527778,0.0015));
#8814=CARTESIAN_POINT('',(-0.0185129340277778,0.0215362572222222,0.0015));
#8815=CARTESIAN_POINT('',(-0.0185129340277778,0.0215362572222222,0.0015));
#8816=CARTESIAN_POINT('',(-0.0209814670138889,0.0210664221527778,0.0015));
#8817=CARTESIAN_POINT('',(-0.0185129340277778,0.0219957841319444,0.0015));
#8818=CARTESIAN_POINT('',(-0.0185129340277778,0.0224553110416666,0.0015));
#8819=CARTESIAN_POINT('',(-0.0185129340277778,0.0224553110416666,0.0015));
#8820=CARTESIAN_POINT('',(-0.0185129340277778,0.0219957841319444,0.0015));
#8821=CARTESIAN_POINT('',(-0.0209814670138889,0.0237742129513889,0.0015));
#8822=CARTESIAN_POINT('',(-0.02345,0.0250931148611111,0.0015));
#8823=CARTESIAN_POINT('',(-0.02345,0.0250931148611111,0.0015));
#8824=CARTESIAN_POINT('',(-0.0209814670138889,0.0237742129513889,0.0015));
#8825=CARTESIAN_POINT('',(-0.02345,0.0245456973263889,0.0015));
#8826=CARTESIAN_POINT('',(-0.02345,0.0239982797916666,0.0015));
#8827=CARTESIAN_POINT('',(-0.02345,0.0239982797916666,0.0015));
#8828=CARTESIAN_POINT('',(-0.02345,0.0245456973263889,0.0015));
#8829=CARTESIAN_POINT('',(-0.0229411024305556,0.0237438310069444,0.0015));
#8830=CARTESIAN_POINT('',(-0.0229411024305556,0.0237438310069444,0.0015));
#8831=CARTESIAN_POINT('',(-0.0206895833333334,0.0220310488888889,0.0015));
#8832=CARTESIAN_POINT('',(-0.0206895833333334,0.0220310488888889,0.002));
#8833=CARTESIAN_POINT('',(-0.0206895833333334,0.0220310488888889,0.0015));
#8834=CARTESIAN_POINT('',(0.,0.,0.0015));
#8835=CARTESIAN_POINT('',(-0.0202984157986111,-0.00293066569444444,0.0015));
#8836=CARTESIAN_POINT('',(-0.0185129340277778,-0.00262684625,0.0015));
#8837=CARTESIAN_POINT('',(-0.0185129340277778,-0.00262684625,0.0015));
#8838=CARTESIAN_POINT('',(-0.0202984157986111,-0.00293066569444444,0.0015));
#8839=CARTESIAN_POINT('',(-0.0220838975694445,-0.00323448513888888,0.0015));
#8840=CARTESIAN_POINT('',(-0.0220838975694445,-0.00323448513888888,0.0015));
#8841=CARTESIAN_POINT('',(-0.0185129340277778,-0.00198936795138888,0.0015));
#8842=CARTESIAN_POINT('',(-0.0185129340277778,-0.00135188965277778,0.0015));
#8843=CARTESIAN_POINT('',(-0.0185129340277778,-0.00135188965277778,0.0015));
#8844=CARTESIAN_POINT('',(-0.0185129340277778,-0.00198936795138888,0.0015));
#8845=CARTESIAN_POINT('',(-0.0209814670138889,-0.000923287222222221,0.0015));
#8846=CARTESIAN_POINT('',(-0.02345,-0.000494684791666666,0.0015));
#8847=CARTESIAN_POINT('',(-0.02345,-0.000494684791666666,0.0015));
#8848=CARTESIAN_POINT('',(-0.0209814670138889,-0.000923287222222221,0.0015));
#8849=CARTESIAN_POINT('',(-0.02345,-0.000991104062499998,0.0015));
#8850=CARTESIAN_POINT('',(-0.02345,-0.00148752333333333,0.0015));
#8851=CARTESIAN_POINT('',(-0.02345,-0.00148752333333333,0.0015));
#8852=CARTESIAN_POINT('',(-0.02345,-0.000991104062499998,0.0015));
#8853=CARTESIAN_POINT('',(-0.0228005859375,-0.001601455625,0.0015));
#8854=CARTESIAN_POINT('',(-0.022151171875,-0.00171538791666667,0.0015));
#8855=CARTESIAN_POINT('',(-0.022151171875,-0.00171538791666667,0.0015));
#8856=CARTESIAN_POINT('',(-0.0228005859375,-0.001601455625,0.0015));
#8857=CARTESIAN_POINT('',(-0.0209353515625,-0.00187435059027777,0.0015));
#8858=CARTESIAN_POINT('',(-0.01971953125,-0.00203331326388889,0.0015));
#8859=CARTESIAN_POINT('',(-0.01971953125,-0.00203331326388889,0.0015));
#8860=CARTESIAN_POINT('',(-0.0209353515625,-0.00187435059027777,0.0015));
#8861=CARTESIAN_POINT('',(-0.021584765625,-0.00236425944444444,0.0015));
#8862=CARTESIAN_POINT('',(-0.02345,-0.002695205625,0.0015));
#8863=CARTESIAN_POINT('',(-0.02345,-0.002695205625,0.0015));
#8864=CARTESIAN_POINT('',(-0.021584765625,-0.00236425944444444,0.0015));
#8865=CARTESIAN_POINT('',(-0.02345,-0.00303591743055556,0.0015));
#8866=CARTESIAN_POINT('',(-0.02345,-0.00337662923611111,0.0015));
#8867=CARTESIAN_POINT('',(-0.02345,-0.00337662923611111,0.0015));
#8868=CARTESIAN_POINT('',(-0.02345,-0.00303591743055556,0.0015));
#8869=CARTESIAN_POINT('',(-0.0216476996527778,-0.00432280979166666,0.0015));
#8870=CARTESIAN_POINT('',(-0.0198453993055555,-0.00526899034722222,0.0015));
#8871=CARTESIAN_POINT('',(-0.0198453993055555,-0.00526899034722222,0.0015));
#8872=CARTESIAN_POINT('',(-0.0216476996527778,-0.00432280979166666,0.0015));
#8873=CARTESIAN_POINT('',(-0.0209440321180555,-0.00502810493055555,0.0015));
#8874=CARTESIAN_POINT('',(-0.0220426649305556,-0.00478721951388889,0.0015));
#8875=CARTESIAN_POINT('',(-0.0220426649305556,-0.00478721951388889,0.0015));
#8876=CARTESIAN_POINT('',(-0.0209440321180555,-0.00502810493055555,0.0015));
#8877=CARTESIAN_POINT('',(-0.0227463324652778,-0.00466514920138888,0.0015));
#8878=CARTESIAN_POINT('',(-0.02345,-0.00454307888888888,0.0015));
#8879=CARTESIAN_POINT('',(-0.02345,-0.00454307888888888,0.0015));
#8880=CARTESIAN_POINT('',(-0.0227463324652778,-0.00466514920138888,0.0015));
#8881=CARTESIAN_POINT('',(-0.02345,-0.00504166829861111,0.0015));
#8882=CARTESIAN_POINT('',(-0.02345,-0.00554025770833333,0.0015));
#8883=CARTESIAN_POINT('',(-0.02345,-0.00554025770833333,0.0015));
#8884=CARTESIAN_POINT('',(-0.02345,-0.00504166829861111,0.0015));
#8885=CARTESIAN_POINT('',(-0.0209814670138889,-0.00596886013888888,0.0015));
#8886=CARTESIAN_POINT('',(-0.0185129340277778,-0.00639746256944444,0.0015));
#8887=CARTESIAN_POINT('',(-0.0185129340277778,-0.00639746256944444,0.0015));
#8888=CARTESIAN_POINT('',(-0.0209814670138889,-0.00596886013888888,0.0015));
#8889=CARTESIAN_POINT('',(-0.0185129340277778,-0.00573665527777777,0.0015));
#8890=CARTESIAN_POINT('',(-0.0185129340277778,-0.00507584798611111,0.0015));
#8891=CARTESIAN_POINT('',(-0.0185129340277778,-0.00507584798611111,0.0015));
#8892=CARTESIAN_POINT('',(-0.0185129340277778,-0.00573665527777777,0.0015));
#8893=CARTESIAN_POINT('',(-0.0202984157986111,-0.0041551665625,0.0015));
#8894=CARTESIAN_POINT('',(-0.0202984157986111,-0.0041551665625,0.0015));
#8895=CARTESIAN_POINT('',(0.,0.,0.0015));
#8896=CARTESIAN_POINT('',(0.,0.,0.002));
#8897=CARTESIAN_POINT('',(0.,0.,0.002));
#8898=MECHANICAL_DESIGN_GEOMETRIC_PRESENTATION_REPRESENTATION('',(#5167),
#8899);
#8899=(
GEOMETRIC_REPRESENTATION_CONTEXT(3)
GLOBAL_UNCERTAINTY_ASSIGNED_CONTEXT((#8900))
GLOBAL_UNIT_ASSIGNED_CONTEXT((#8903,#8902,#8901))
REPRESENTATION_CONTEXT('Part 1','TOP_LEVEL_ASSEMBLY_PART')
);
#8900=UNCERTAINTY_MEASURE_WITH_UNIT(LENGTH_MEASURE(2.E-5),#8903,
'DISTANCE_ACCURACY_VALUE','Maximum Tolerance applied to model');
#8901=(
NAMED_UNIT(*)
SI_UNIT($,.STERADIAN.)
SOLID_ANGLE_UNIT()
);
#8902=(
NAMED_UNIT(*)
PLANE_ANGLE_UNIT()
SI_UNIT($,.RADIAN.)
);
#8903=(
LENGTH_UNIT()
NAMED_UNIT(*)
SI_UNIT($,.METRE.)
);
#8904=PRODUCT_DEFINITION_SHAPE('','',#8905);
#8905=PRODUCT_DEFINITION('','',#8907,#8906);
#8906=PRODUCT_DEFINITION_CONTEXT('',#8913,'design');
#8907=PRODUCT_DEFINITION_FORMATION_WITH_SPECIFIED_SOURCE('','',#8909,
 .NOT_KNOWN.);
#8908=PRODUCT_RELATED_PRODUCT_CATEGORY('','',(#8909));
#8909=PRODUCT('Part 1','Part 1','Part 1',(#8911));
#8910=PRODUCT_CATEGORY('','');
#8911=PRODUCT_CONTEXT('',#8913,'mechanical');
#8912=APPLICATION_PROTOCOL_DEFINITION('international standard',
'ap242_managed_model_based_3d_engineering',2020,#8913);
#8913=APPLICATION_CONTEXT('managed model based 3d engineering');
ENDSEC;
END-ISO-10303-21;
